{
"type": "FeatureCollection",
"name": "DATIC_hurtos_2023_2026T1_Roosevelt",
"crs": { "type": "name", "properties": { "name": "urn:ogc:def:crs:OGC:1.3:CRS84" } },
"features": [
{ "type": "Feature", "properties": { "dinamica": "HURTO", "titulo": "DELITOS CONTRA EL PATRIMONIO ECONOMICO", "capitulo": "DEL HURTO", "articulo": "HURTO CALIFICADO. ART. 240 C.P.", "grado_deli": "NINGUNO", "tipo_notic": "DENUNCIA", "caracteriz": "HURTO A PERSONAS", "modalidad": "RAPONAZO", "modo": null, "motivo": null, "pais": "COLOMBIA", "dane_dep": 76, "departamen": "VALLE DEL CAUCA", "dane_mpio": 76001, "municipio": "CALI", "cod_comuna": 19.0, "comuna": "Comuna 19", "cod_barrio": 1913.0, "nom_barrio": "El Cedro", "direccion": "76001 AVENIDA ROOSEVELT 24, EL CEDRO, COMUNA 19, CALI, VALLE DEL CAUCA", "sitio": "VIA PUBLICA", "x": -76.53865814209, "y": 3.4366400241899999, "anio": 2023, "mes": "enero", "dia": 6, "dia_semana": 6, "hora_hecho": "17:30", "barrio": "EL CEDRO", "estrato": 4, "geom": "0101000020E610000000000060792253C0000000203D7E0B40", "fecha_hech": "2023-01-06 00:00:00" }, "geometry": { "type": "Point", "coordinates": [ -76.53865814209, 3.43664002419 ] } },
{ "type": "Feature", "properties": { "dinamica": "HURTO", "titulo": "DELITOS CONTRA EL PATRIMONIO ECONOMICO", "capitulo": "DEL HURTO", "articulo": "HURTO CALIFICADO. ART. 240 C.P.", "grado_deli": "NINGUNO", "tipo_notic": "DENUNCIA", "caracteriz": "HURTO A CELULARES", "modalidad": "ATRACO", "modo": "ARMA BLANCA", "motivo": "SIN DETERMINAR", "pais": "COLOMBIA", "dane_dep": 76, "departamen": "VALLE DEL CAUCA", "dane_mpio": 76001, "municipio": "CALI", "cod_comuna": 19.0, "comuna": "Comuna 19", "cod_barrio": 1913.0, "nom_barrio": "El Cedro", "direccion": "76001 CARRERA 24, ALAMEDA, COMUNA 9, CALI, VALLE DEL CAUCA", "sitio": "VIA PUBLICA", "x": -76.538307189939999, "y": 3.4374549388900002, "anio": 2023, "mes": "enero", "dia": 7, "dia_semana": 7, "hora_hecho": "05:30", "barrio": "EL CEDRO", "estrato": 4, "geom": "0101000020E6100000000000A0732253C000000060E87F0B40", "fecha_hech": "2023-01-07 00:00:00" }, "geometry": { "type": "Point", "coordinates": [ -76.538307189939999, 3.43745493889 ] } },
{ "type": "Feature", "properties": { "dinamica": "HURTO", "titulo": "DELITOS CONTRA EL PATRIMONIO ECONOMICO", "capitulo": "DEL HURTO", "articulo": "HURTO CALIFICADO. ART. 240 C.P.", "grado_deli": "NINGUNO", "tipo_notic": "DENUNCIA", "caracteriz": "HURTO A ESTABLECIMIENTOS", "modalidad": "FACTOR DE OPORTUNIDAD", "modo": null, "motivo": null, "pais": "COLOMBIA", "dane_dep": 76, "departamen": "VALLE DEL CAUCA", "dane_mpio": 76001, "municipio": "CALI", "cod_comuna": 19.0, "comuna": "Comuna 19", "cod_barrio": 1912.0, "nom_barrio": "3 de Julio", "direccion": "76001 Calle 5C con Carrera 26, 3 de Julio, Comuna 19, Cali, Valle del Cauca, COL,3 DE JULIO", "sitio": "SIN INFORMACION", "x": -76.53964996338, "y": 3.4344100952100001, "anio": 2023, "mes": "enero", "dia": 9, "dia_semana": 2, "hora_hecho": "08:00", "barrio": "3 DE JULIO", "estrato": 4, "geom": "0101000020E6100000000000A0892253C000000000AC790B40", "fecha_hech": "2023-01-09 00:00:00" }, "geometry": { "type": "Point", "coordinates": [ -76.53964996338, 3.43441009521 ] } },
{ "type": "Feature", "properties": { "dinamica": "HURTO", "titulo": "DELITOS CONTRA EL PATRIMONIO ECONOMICO", "capitulo": "DEL HURTO", "articulo": "HURTO CALIFICADO. ART. 240 C.P.", "grado_deli": "NINGUNO", "tipo_notic": "DENUNCIA", "caracteriz": "HURTO A ESTABLECIMIENTOS", "modalidad": "VANDALISMO/SAQUEO", "modo": null, "motivo": null, "pais": "COLOMBIA", "dane_dep": 76, "departamen": "VALLE DEL CAUCA", "dane_mpio": 76001, "municipio": "CALI", "cod_comuna": 19.0, "comuna": "Comuna 19", "cod_barrio": 1912.0, "nom_barrio": "3 de Julio", "direccion": "76001 Calle 5C con Carrera 26, 3 de Julio, Comuna 19, Cali, Valle del Cauca, COL,3 DE JULIO", "sitio": "SIN INFORMACION", "x": -76.53964996338, "y": 3.4344100952100001, "anio": 2023, "mes": "enero", "dia": 9, "dia_semana": 2, "hora_hecho": "08:00", "barrio": "3 DE JULIO", "estrato": 4, "geom": "0101000020E6100000000000A0892253C000000000AC790B40", "fecha_hech": "2023-01-09 00:00:00" }, "geometry": { "type": "Point", "coordinates": [ -76.53964996338, 3.43441009521 ] } },
{ "type": "Feature", "properties": { "dinamica": "HURTO", "titulo": "DELITOS CONTRA EL PATRIMONIO ECONOMICO", "capitulo": "DEL HURTO", "articulo": "HURTO. ART. 239 C.P.", "grado_deli": "AGRAVADO", "tipo_notic": "DENUNCIA", "caracteriz": "HURTO A ESTABLECIMIENTOS", "modalidad": "FACTOR DE OPORTUNIDAD", "modo": null, "motivo": null, "pais": "COLOMBIA", "dane_dep": 76, "departamen": "VALLE DEL CAUCA", "dane_mpio": 76001, "municipio": "CALI", "cod_comuna": 19.0, "comuna": "Comuna 19", "cod_barrio": 1913.0, "nom_barrio": "El Cedro", "direccion": "76001 CALLE 6 CON CARRERA 25, 3 DE JULIO, COMUNA 19, CALI, VALLE DEL CAUCA", "sitio": "ESTABLECIMIENTO DE COMERCIO", "x": -76.538749694819998, "y": 3.43522000313, "anio": 2023, "mes": "enero", "dia": 11, "dia_semana": 4, "hora_hecho": "11:00", "barrio": "EL CEDRO", "estrato": 4, "geom": "0101000020E6100000000000E07A2253C0000000A0547B0B40", "fecha_hech": "2023-01-11 00:00:00" }, "geometry": { "type": "Point", "coordinates": [ -76.538749694819998, 3.43522000313 ] } },
{ "type": "Feature", "properties": { "dinamica": "HURTO", "titulo": "DELITOS CONTRA EL PATRIMONIO ECONOMICO", "capitulo": "DEL HURTO", "articulo": "HURTO CALIFICADO. ART. 240 C.P.", "grado_deli": "NINGUNO", "tipo_notic": "DENUNCIA", "caracteriz": "HURTO A CELULARES", "modalidad": "ATRACO", "modo": "ARMA DE FUEGO", "motivo": "SIN DETERMINAR", "pais": "COLOMBIA", "dane_dep": 76, "departamen": "VALLE DEL CAUCA", "dane_mpio": 76001, "municipio": "CALI", "cod_comuna": 19.0, "comuna": "Comuna 19", "cod_barrio": 1913.0, "nom_barrio": "El Cedro", "direccion": "76001 CALLE 6 28 95, EL CEDRO, COMUNA 19, CALI, VALLE DEL CAUCA", "sitio": "VIA PUBLICA", "x": -76.53889465332, "y": 3.43186998367, "anio": 2023, "mes": "enero", "dia": 15, "dia_semana": 1, "hora_hecho": "02:00", "barrio": "EL CEDRO", "estrato": 4, "geom": "0101000020E6100000000000407D2253C00000004078740B40", "fecha_hech": "2023-01-15 00:00:00" }, "geometry": { "type": "Point", "coordinates": [ -76.53889465332, 3.43186998367 ] } },
{ "type": "Feature", "properties": { "dinamica": "HURTO", "titulo": "DELITOS CONTRA EL PATRIMONIO ECONOMICO", "capitulo": "DEL HURTO", "articulo": "HURTO CALIFICADO. ART. 240 C.P.", "grado_deli": "NINGUNO", "tipo_notic": "DENUNCIA", "caracteriz": "HURTO A CELULARES", "modalidad": "ATRACO", "modo": "ARMA DE FUEGO", "motivo": "SIN DETERMINAR", "pais": "COLOMBIA", "dane_dep": 76, "departamen": "VALLE DEL CAUCA", "dane_mpio": 76001, "municipio": "CALI", "cod_comuna": 19.0, "comuna": "Comuna 19", "cod_barrio": 1913.0, "nom_barrio": "El Cedro", "direccion": "76001 CARRERA 24A 6 121, EL CEDRO, COMUNA 19, CALI, VALLE DEL CAUCA", "sitio": "OTRO", "x": -76.537658691410002, "y": 3.4361178875, "anio": 2023, "mes": "enero", "dia": 17, "dia_semana": 3, "hora_hecho": "08:30", "barrio": "EL CEDRO", "estrato": 4, "geom": "0101000020E610000000000000692253C0000000602B7D0B40", "fecha_hech": "2023-01-17 00:00:00" }, "geometry": { "type": "Point", "coordinates": [ -76.537658691410002, 3.4361178875 ] } },
{ "type": "Feature", "properties": { "dinamica": "HURTO", "titulo": "DELITOS CONTRA EL PATRIMONIO ECONOMICO", "capitulo": "DEL HURTO", "articulo": "HURTO CALIFICADO. ART. 240 C.P.", "grado_deli": "NINGUNO", "tipo_notic": "DENUNCIA", "caracteriz": "HURTO A PERSONAS", "modalidad": "ATRACO", "modo": "ARMA DE FUEGO", "motivo": null, "pais": "COLOMBIA", "dane_dep": 76, "departamen": "VALLE DEL CAUCA", "dane_mpio": 76001, "municipio": "CALI", "cod_comuna": 19.0, "comuna": "Comuna 19", "cod_barrio": 1905.0, "nom_barrio": "Eucaristico", "direccion": "76001 CARRERA 35 6, BARRIO EUCARÍSTICO, COMUNA 19, CALI, VALLE DEL CAUCA", "sitio": "VIA PUBLICA", "x": -76.539070129389998, "y": 3.4271750450099998, "anio": 2023, "mes": "enero", "dia": 18, "dia_semana": 4, "hora_hecho": "23:30", "barrio": "BARRIO EUCARÍSTICO", "estrato": 4, "geom": "0101000020E610000000000020802253C0000000C0DA6A0B40", "fecha_hech": "2023-01-18 00:00:00" }, "geometry": { "type": "Point", "coordinates": [ -76.539070129389998, 3.42717504501 ] } },
{ "type": "Feature", "properties": { "dinamica": "HURTO", "titulo": "DELITOS CONTRA EL PATRIMONIO ECONOMICO", "capitulo": "DEL HURTO", "articulo": "HURTO. ART. 239 C.P.", "grado_deli": "NINGUNO", "tipo_notic": "DENUNCIA", "caracteriz": "HURTO A PERSONAS", "modalidad": "ENGAÑO", "modo": null, "motivo": null, "pais": "COLOMBIA", "dane_dep": 76, "departamen": "VALLE DEL CAUCA", "dane_mpio": 76001, "municipio": "CALI", "cod_comuna": 19.0, "comuna": "Comuna 19", "cod_barrio": 1906.0, "nom_barrio": "San Fernando Nuevo", "direccion": "76001 CARRERA 36 CON CALLE 5B3 34, SAN FERNANDO NUEVO, COMUNA 19, CALI, VALLE DEL CAUCA", "sitio": "ESTABLECIMIENTO DE COMERCIO", "x": -76.54086303711, "y": 3.4283299446100002, "anio": 2023, "mes": "enero", "dia": 19, "dia_semana": 5, "hora_hecho": "15:45", "barrio": "SAN FERNANDO NUEVO", "estrato": 4, "geom": "0101000020E6100000000000809D2253C000000040386D0B40", "fecha_hech": "2023-01-19 00:00:00" }, "geometry": { "type": "Point", "coordinates": [ -76.54086303711, 3.42832994461 ] } },
{ "type": "Feature", "properties": { "dinamica": "HURTO", "titulo": "DELITOS CONTRA EL PATRIMONIO ECONOMICO", "capitulo": "DEL HURTO", "articulo": "HURTO CALIFICADO. ART. 240 C.P.", "grado_deli": "AGRAVADO", "tipo_notic": "DENUNCIA", "caracteriz": "HURTO A CELULARES", "modalidad": "ATRACO", "modo": "SIN ARMA", "motivo": "SIN DETERMINAR", "pais": "COLOMBIA", "dane_dep": 76, "departamen": "VALLE DEL CAUCA", "dane_mpio": 76001, "municipio": "CALI", "cod_comuna": 19.0, "comuna": "Comuna 19", "cod_barrio": 1912.0, "nom_barrio": "3 de Julio", "direccion": "76001 CALLE 5B 25 33, 3 DE JULIO, COMUNA 19, CALI, VALLE DEL CAUCA", "sitio": "VIA PUBLICA", "x": -76.540344238279999, "y": 3.43518209457, "anio": 2023, "mes": "enero", "dia": 24, "dia_semana": 3, "hora_hecho": "12:00", "barrio": "3 DE JULIO", "estrato": 4, "geom": "0101000020E610000000000000952253C0000000C0407B0B40", "fecha_hech": "2023-01-24 00:00:00" }, "geometry": { "type": "Point", "coordinates": [ -76.540344238279999, 3.43518209457 ] } },
{ "type": "Feature", "properties": { "dinamica": "HURTO", "titulo": "DELITOS CONTRA EL PATRIMONIO ECONOMICO", "capitulo": "DEL HURTO", "articulo": "HURTO CALIFICADO. ART. 240 C.P.", "grado_deli": "NINGUNO", "tipo_notic": "DENUNCIA", "caracteriz": "HURTO DE BICICLETAS", "modalidad": "HALADO", "modo": null, "motivo": null, "pais": "COLOMBIA", "dane_dep": 76, "departamen": "VALLE DEL CAUCA", "dane_mpio": 76001, "municipio": "CALI", "cod_comuna": 19.0, "comuna": "Comuna 19", "cod_barrio": 1913.0, "nom_barrio": "El Cedro", "direccion": "76001 Avenida Roosevelt 29 71, El Cedro, Comuna 19, Cali, Valle del Cauca, COL,EL CEDRO", "sitio": "SIN INFORMACION", "x": -76.538917541499998, "y": 3.43111896515, "anio": 2023, "mes": "enero", "dia": 24, "dia_semana": 3, "hora_hecho": "15:20", "barrio": "EL CEDRO", "estrato": 4, "geom": "0101000020E6100000000000A07D2253C000000080EE720B40", "fecha_hech": "2023-01-24 00:00:00" }, "geometry": { "type": "Point", "coordinates": [ -76.538917541499998, 3.43111896515 ] } },
{ "type": "Feature", "properties": { "dinamica": "HURTO", "titulo": "DELITOS CONTRA EL PATRIMONIO ECONOMICO", "capitulo": "DEL HURTO", "articulo": "HURTO CALIFICADO. ART. 240 C.P.", "grado_deli": "NINGUNO", "tipo_notic": "DENUNCIA", "caracteriz": "HURTO DE MOTOCICLETAS", "modalidad": "HALADO", "modo": null, "motivo": null, "pais": "COLOMBIA", "dane_dep": 76, "departamen": "VALLE DEL CAUCA", "dane_mpio": 76001, "municipio": "CALI", "cod_comuna": 19.0, "comuna": "Comuna 19", "cod_barrio": 1912.0, "nom_barrio": "3 de Julio", "direccion": "76001 KR 29 CL 5 C-44 SUR CARRERA 29 No 5 C 44", "sitio": "SIN INFORMACION", "x": -76.539344787600001, "y": 3.4319069385500001, "anio": 2023, "mes": "enero", "dia": 24, "dia_semana": 3, "hora_hecho": "20:00", "barrio": null, "estrato": 4, "geom": "0101000020E6100000000000A0842253C0000000A08B740B40", "fecha_hech": "2023-01-24 00:00:00" }, "geometry": { "type": "Point", "coordinates": [ -76.539344787600001, 3.43190693855 ] } },
{ "type": "Feature", "properties": { "dinamica": "HURTO", "titulo": "DELITOS CONTRA EL PATRIMONIO ECONOMICO", "capitulo": "DEL HURTO", "articulo": "HURTO CALIFICADO. ART. 240 C.P.", "grado_deli": "NINGUNO", "tipo_notic": "DENUNCIA", "caracteriz": "HURTO A PERSONAS", "modalidad": "ATRACO", "modo": "ARMA DE FUEGO", "motivo": null, "pais": "COLOMBIA", "dane_dep": 76, "departamen": "VALLE DEL CAUCA", "dane_mpio": 76001, "municipio": "CALI", "cod_comuna": 19.0, "comuna": "Comuna 19", "cod_barrio": 1905.0, "nom_barrio": "Eucaristico", "direccion": "76001 CALLE 9 34 99", "sitio": "VIA PUBLICA", "x": -76.53758239746, "y": 3.4261529445600001, "anio": 2023, "mes": "enero", "dia": 24, "dia_semana": 3, "hora_hecho": "20:30", "barrio": "BARRIO EUCARÍSTICO", "estrato": 4, "geom": "0101000020E6100000000000C0672253C0000000E0C2680B40", "fecha_hech": "2023-01-24 00:00:00" }, "geometry": { "type": "Point", "coordinates": [ -76.53758239746, 3.42615294456 ] } },
{ "type": "Feature", "properties": { "dinamica": "HURTO", "titulo": "DELITOS CONTRA EL PATRIMONIO ECONOMICO", "capitulo": "DEL HURTO", "articulo": "HURTO CALIFICADO. ART. 240 C.P.", "grado_deli": "NINGUNO", "tipo_notic": "DENUNCIA", "caracteriz": "HURTO A PERSONAS", "modalidad": "ATRACO", "modo": "SIN ARMA", "motivo": null, "pais": "COLOMBIA", "dane_dep": 76, "departamen": "VALLE DEL CAUCA", "dane_mpio": 76001, "municipio": "CALI", "cod_comuna": 19.0, "comuna": "Comuna 19", "cod_barrio": 1906.0, "nom_barrio": "San Fernando Nuevo", "direccion": "76001 CARRERA 36 5B3 62, SAN FERNANDO NUEVO, COMUNA 19, CALI, VALLE DEL CAUCA", "sitio": "VIA PUBLICA", "x": -76.540573120120001, "y": 3.4278390407599999, "anio": 2023, "mes": "enero", "dia": 25, "dia_semana": 4, "hora_hecho": "02:00", "barrio": "SAN FERNANDO NUEVO", "estrato": 4, "geom": "0101000020E6100000000000C0982253C0000000E0366C0B40", "fecha_hech": "2023-01-25 00:00:00" }, "geometry": { "type": "Point", "coordinates": [ -76.540573120120001, 3.42783904076 ] } },
{ "type": "Feature", "properties": { "dinamica": "HURTO", "titulo": "DELITOS CONTRA EL PATRIMONIO ECONOMICO", "capitulo": "DEL HURTO", "articulo": "HURTO CALIFICADO. ART. 240 C.P.", "grado_deli": "AGRAVADO", "tipo_notic": "DENUNCIA", "caracteriz": "HURTO A CELULARES", "modalidad": "RAPONAZO", "modo": null, "motivo": "IBA HABLANDO", "pais": "COLOMBIA", "dane_dep": 76, "departamen": "VALLE DEL CAUCA", "dane_mpio": 76001, "municipio": "CALI", "cod_comuna": 19.0, "comuna": "Comuna 19", "cod_barrio": 1913.0, "nom_barrio": "El Cedro", "direccion": "76001 Rico Bocado, Calle 7 27, El Cedro, Comuna 19, Cali, Valle del Cauca, COL,EL CEDRO", "sitio": "SIN INFORMACION", "x": -76.537559509280001, "y": 3.4326701164200002, "anio": 2023, "mes": "enero", "dia": 25, "dia_semana": 4, "hora_hecho": "11:30", "barrio": "EL CEDRO", "estrato": 4, "geom": "0101000020E610000000000060672253C0000000C01B760B40", "fecha_hech": "2023-01-25 00:00:00" }, "geometry": { "type": "Point", "coordinates": [ -76.537559509280001, 3.43267011642 ] } },
{ "type": "Feature", "properties": { "dinamica": "HURTO", "titulo": "DELITOS CONTRA EL PATRIMONIO ECONOMICO", "capitulo": "DEL HURTO", "articulo": "HURTO CALIFICADO. ART. 240 C.P.", "grado_deli": "NINGUNO", "tipo_notic": "DENUNCIA", "caracteriz": "HURTO A CELULARES", "modalidad": "ATRACO", "modo": "ARMA BLANCA", "motivo": "SIN DETERMINAR", "pais": "COLOMBIA", "dane_dep": 76, "departamen": "VALLE DEL CAUCA", "dane_mpio": 76001, "municipio": "CALI", "cod_comuna": 19.0, "comuna": "Comuna 19", "cod_barrio": 1913.0, "nom_barrio": "El Cedro", "direccion": "76001 CALLE 7 26 1", "sitio": "VIA PUBLICA", "x": -76.53742980957, "y": 3.43423104286, "anio": 2023, "mes": "enero", "dia": 29, "dia_semana": 1, "hora_hecho": "01:00", "barrio": "EL CEDRO", "estrato": 4, "geom": "0101000020E610000000000040652253C0000000204E790B40", "fecha_hech": "2023-01-29 00:00:00" }, "geometry": { "type": "Point", "coordinates": [ -76.53742980957, 3.43423104286 ] } },
{ "type": "Feature", "properties": { "dinamica": "HURTO", "titulo": "DELITOS CONTRA EL PATRIMONIO ECONOMICO", "capitulo": "DEL HURTO", "articulo": "HURTO CALIFICADO. ART. 240 C.P.", "grado_deli": "NINGUNO", "tipo_notic": "DENUNCIA", "caracteriz": "HURTO DE AUTOPARTES", "modalidad": "FACTOR DE OPORTUNIDAD", "modo": null, "motivo": null, "pais": "COLOMBIA", "dane_dep": 76, "departamen": "VALLE DEL CAUCA", "dane_mpio": 76001, "municipio": "CALI", "cod_comuna": 19.0, "comuna": "Comuna 19", "cod_barrio": 1913.0, "nom_barrio": "El Cedro", "direccion": "76001 CARRERA 27 6 21, EL CEDRO, COMUNA 19, CALI, VALLE DEL CAUCA", "sitio": "VIA PUBLICA", "x": -76.538665771479998, "y": 3.4333400726300001, "anio": 2023, "mes": "enero", "dia": 31, "dia_semana": 3, "hora_hecho": "07:30", "barrio": "EL CEDRO", "estrato": 4, "geom": "0101000020E610000000000080792253C0000000007B770B40", "fecha_hech": "2023-01-31 00:00:00" }, "geometry": { "type": "Point", "coordinates": [ -76.538665771479998, 3.43334007263 ] } },
{ "type": "Feature", "properties": { "dinamica": "HURTO", "titulo": "DELITOS CONTRA EL PATRIMONIO ECONOMICO", "capitulo": "DEL HURTO", "articulo": "HURTO CALIFICADO. ART. 240 C.P.", "grado_deli": "NINGUNO", "tipo_notic": "DENUNCIA", "caracteriz": "HURTO A CELULARES", "modalidad": "ATRACO", "modo": "ARMA BLANCA", "motivo": "SIN DETERMINAR", "pais": "COLOMBIA", "dane_dep": 76, "departamen": "VALLE DEL CAUCA", "dane_mpio": 76001, "municipio": "CALI", "cod_comuna": 19.0, "comuna": "Comuna 19", "cod_barrio": 1913.0, "nom_barrio": "El Cedro", "direccion": "76001 CALLE 7 26 136, EL CEDRO, COMUNA 19, CALI, VALLE DEL CAUCA", "sitio": "VIA PUBLICA", "x": -76.537551879879999, "y": 3.43336892128, "anio": 2023, "mes": "febrero", "dia": 1, "dia_semana": 4, "hora_hecho": "19:00", "barrio": "EL CEDRO", "estrato": 4, "geom": "0101000020E610000000000040672253C0000000208A770B40", "fecha_hech": "2023-02-01 00:00:00" }, "geometry": { "type": "Point", "coordinates": [ -76.537551879879999, 3.43336892128 ] } },
{ "type": "Feature", "properties": { "dinamica": "HURTO", "titulo": "DELITOS CONTRA EL PATRIMONIO ECONOMICO", "capitulo": "DEL HURTO", "articulo": "HURTO CALIFICADO. ART. 240 C.P.", "grado_deli": "NINGUNO", "tipo_notic": "DENUNCIA", "caracteriz": "HURTO A PERSONAS", "modalidad": "FACTOR DE OPORTUNIDAD", "modo": null, "motivo": null, "pais": "COLOMBIA", "dane_dep": 76, "departamen": "VALLE DEL CAUCA", "dane_mpio": 76001, "municipio": "CALI", "cod_comuna": 19.0, "comuna": "Comuna 19", "cod_barrio": 1912.0, "nom_barrio": "3 de Julio", "direccion": "76001 CARRERA 26 5C 6, 3 DE JULIO, COMUNA 19, CALI, VALLE DEL CAUCA", "sitio": "OTRO", "x": -76.539558410639998, "y": 3.4343509674099999, "anio": 2023, "mes": "febrero", "dia": 1, "dia_semana": 4, "hora_hecho": "19:00", "barrio": "3 DE JULIO", "estrato": 4, "geom": "0101000020E610000000000020882253C0000000008D790B40", "fecha_hech": "2023-02-01 00:00:00" }, "geometry": { "type": "Point", "coordinates": [ -76.539558410639998, 3.43435096741 ] } },
{ "type": "Feature", "properties": { "dinamica": "HURTO", "titulo": "DELITOS CONTRA EL PATRIMONIO ECONOMICO", "capitulo": "DEL HURTO", "articulo": "HURTO. ART. 239 C.P.", "grado_deli": "NINGUNO", "tipo_notic": "DENUNCIA", "caracteriz": "HURTO A PERSONAS", "modalidad": "FACTOR DE OPORTUNIDAD", "modo": null, "motivo": null, "pais": "COLOMBIA", "dane_dep": 76, "departamen": "VALLE DEL CAUCA", "dane_mpio": 76001, "municipio": "CALI", "cod_comuna": 19.0, "comuna": "Comuna 19", "cod_barrio": 1912.0, "nom_barrio": "3 de Julio", "direccion": "76001 CARRERA 26 5B 45, 3 DE JULIO, COMUNA 19, CALI, VALLE DEL CAUCA, COL,3 DE JULIO", "sitio": "ESTABLECIMIENTO DE COMERCIO", "x": -76.540084838870001, "y": 3.4344890117600002, "anio": 2023, "mes": "febrero", "dia": 2, "dia_semana": 5, "hora_hecho": "15:00", "barrio": "3 DE JULIO", "estrato": 4, "geom": "0101000020E6100000000000C0902253C000000060D5790B40", "fecha_hech": "2023-02-02 00:00:00" }, "geometry": { "type": "Point", "coordinates": [ -76.540084838870001, 3.43448901176 ] } },
{ "type": "Feature", "properties": { "dinamica": "HURTO", "titulo": "DELITOS CONTRA EL PATRIMONIO ECONOMICO", "capitulo": "DEL HURTO", "articulo": "HURTO CALIFICADO. ART. 240 C.P.", "grado_deli": "TENTATIVA", "tipo_notic": "DENUNCIA", "caracteriz": "HURTO A PERSONAS", "modalidad": "ATRACO", "modo": "SIN ARMA", "motivo": null, "pais": "COLOMBIA", "dane_dep": 76, "departamen": "VALLE DEL CAUCA", "dane_mpio": 76001, "municipio": "CALI", "cod_comuna": 19.0, "comuna": "Comuna 19", "cod_barrio": 1906.0, "nom_barrio": "San Fernando Nuevo", "direccion": "76001 CARRERA 36B 5B3 48", "sitio": "VIA PUBLICA", "x": -76.5414352417, "y": 3.4275040626500002, "anio": 2023, "mes": "febrero", "dia": 2, "dia_semana": 5, "hora_hecho": "23:50", "barrio": "SAN FERNANDO NUEVO", "estrato": 4, "geom": "0101000020E6100000000000E0A62253C000000040876B0B40", "fecha_hech": "2023-02-02 00:00:00" }, "geometry": { "type": "Point", "coordinates": [ -76.5414352417, 3.42750406265 ] } },
{ "type": "Feature", "properties": { "dinamica": "HURTO", "titulo": "DELITOS CONTRA EL PATRIMONIO ECONOMICO", "capitulo": "DEL HURTO", "articulo": "HURTO. ART. 239 C.P.", "grado_deli": "NINGUNO", "tipo_notic": "QUERELLA", "caracteriz": "HURTO A RESIDENCIA", "modalidad": "FACTOR DE OPORTUNIDAD", "modo": null, "motivo": null, "pais": "COLOMBIA", "dane_dep": 76, "departamen": "VALLE DEL CAUCA", "dane_mpio": 76001, "municipio": "CALI", "cod_comuna": 19.0, "comuna": "Comuna 19", "cod_barrio": 1913.0, "nom_barrio": "El Cedro", "direccion": "76001 CARRERA 24A 6 90, EL CEDRO, COMUNA 19, CALI, VALLE DEL CAUCA", "sitio": "OTRO", "x": -76.537910461430002, "y": 3.4360129833199999, "anio": 2023, "mes": "febrero", "dia": 6, "dia_semana": 2, "hora_hecho": "08:00", "barrio": "EL CEDRO", "estrato": 4, "geom": "0101000020E6100000000000206D2253C000000060F47C0B40", "fecha_hech": "2023-02-06 00:00:00" }, "geometry": { "type": "Point", "coordinates": [ -76.537910461430002, 3.43601298332 ] } },
{ "type": "Feature", "properties": { "dinamica": "HURTO", "titulo": "DELITOS CONTRA EL PATRIMONIO ECONOMICO", "capitulo": "DEL HURTO", "articulo": "HURTO CALIFICADO. ART. 240 C.P.", "grado_deli": "NINGUNO", "tipo_notic": "DENUNCIA", "caracteriz": "HURTO A CELULARES", "modalidad": "ATRACO", "modo": "ARMA DE FUEGO", "motivo": "SIN DETERMINAR", "pais": "COLOMBIA", "dane_dep": 76, "departamen": "VALLE DEL CAUCA", "dane_mpio": 76001, "municipio": "CALI", "cod_comuna": 19.0, "comuna": "Comuna 19", "cod_barrio": 1913.0, "nom_barrio": "El Cedro", "direccion": "76001 Calle 7A 2, El Cedro, Comuna 19, Cali, Valle del Cauca, COL,EL CEDRO", "sitio": "SIN INFORMACION", "x": -76.53736114502, "y": 3.4361300468399998, "anio": 2023, "mes": "febrero", "dia": 6, "dia_semana": 2, "hora_hecho": "23:40", "barrio": "EL CEDRO", "estrato": 4, "geom": "0101000020E610000000000020642253C0000000C0317D0B40", "fecha_hech": "2023-02-06 00:00:00" }, "geometry": { "type": "Point", "coordinates": [ -76.53736114502, 3.43613004684 ] } },
{ "type": "Feature", "properties": { "dinamica": "HURTO", "titulo": "DELITOS CONTRA EL PATRIMONIO ECONOMICO", "capitulo": "DEL HURTO", "articulo": "HURTO CALIFICADO. ART. 240 C.P.", "grado_deli": "NINGUNO", "tipo_notic": "DENUNCIA", "caracteriz": "HURTO A CELULARES", "modalidad": "ATRACO", "modo": "ARMA BLANCA", "motivo": "SIN DETERMINAR", "pais": "COLOMBIA", "dane_dep": 76, "departamen": "VALLE DEL CAUCA", "dane_mpio": 76001, "municipio": "CALI", "cod_comuna": 19.0, "comuna": "Comuna 19", "cod_barrio": 1912.0, "nom_barrio": "3 de Julio", "direccion": "76001 CL 5 B SUR CON CON KR 34 ESTE CALLE 5 B 3 CARRRERA 34", "sitio": "SIN INFORMACION", "x": -76.53971862793, "y": 3.42930793762, "anio": 2023, "mes": "febrero", "dia": 10, "dia_semana": 6, "hora_hecho": "17:30", "barrio": null, "estrato": 4, "geom": "0101000020E6100000000000C08A2253C000000000396F0B40", "fecha_hech": "2023-02-10 00:00:00" }, "geometry": { "type": "Point", "coordinates": [ -76.53971862793, 3.42930793762 ] } },
{ "type": "Feature", "properties": { "dinamica": "HURTO", "titulo": "DELITOS CONTRA EL PATRIMONIO ECONOMICO", "capitulo": "DEL HURTO", "articulo": "HURTO CALIFICADO. ART. 240 C.P.", "grado_deli": "NINGUNO", "tipo_notic": "DENUNCIA", "caracteriz": "HURTO A CELULARES", "modalidad": "ATRACO", "modo": "ARMA DE FUEGO", "motivo": "SIN DETERMINAR", "pais": "COLOMBIA", "dane_dep": 76, "departamen": "VALLE DEL CAUCA", "dane_mpio": 76001, "municipio": "CALI", "cod_comuna": 19.0, "comuna": "Comuna 19", "cod_barrio": 1912.0, "nom_barrio": "3 de Julio", "direccion": "76001 CALLE 6 30, 3 DE JULIO, COMUNA 19, CALI, VALLE DEL CAUCA", "sitio": "VIA PUBLICA", "x": -76.538986206049998, "y": 3.4301850795700002, "anio": 2023, "mes": "febrero", "dia": 11, "dia_semana": 7, "hora_hecho": "08:30", "barrio": "EL CEDRO", "estrato": 4, "geom": "0101000020E6100000000000C07E2253C0000000E004710B40", "fecha_hech": "2023-02-11 00:00:00" }, "geometry": { "type": "Point", "coordinates": [ -76.538986206049998, 3.43018507957 ] } },
{ "type": "Feature", "properties": { "dinamica": "HURTO", "titulo": "DELITOS CONTRA EL PATRIMONIO ECONOMICO", "capitulo": "DEL HURTO", "articulo": "HURTO CALIFICADO. ART. 240 C.P.", "grado_deli": "NINGUNO", "tipo_notic": "DENUNCIA", "caracteriz": "HURTO DE AUTOPARTES", "modalidad": "FACTOR DE OPORTUNIDAD", "modo": null, "motivo": null, "pais": "COLOMBIA", "dane_dep": 76, "departamen": "VALLE DEL CAUCA", "dane_mpio": 76001, "municipio": "CALI", "cod_comuna": 19.0, "comuna": "Comuna 19", "cod_barrio": 1912.0, "nom_barrio": "3 de Julio", "direccion": "76001 Carrera 30 5C, 3 de Julio, Comuna 19, Cali, Valle del Cauca, COL,3 DE JULIO", "sitio": "SIN INFORMACION", "x": -76.53931427002, "y": 3.43038988113, "anio": 2023, "mes": "febrero", "dia": 12, "dia_semana": 1, "hora_hecho": "23:00", "barrio": "3 DE JULIO", "estrato": 4, "geom": "0101000020E610000000000020842253C00000004070710B40", "fecha_hech": "2023-02-12 00:00:00" }, "geometry": { "type": "Point", "coordinates": [ -76.53931427002, 3.43038988113 ] } },
{ "type": "Feature", "properties": { "dinamica": "HURTO", "titulo": "DELITOS CONTRA EL PATRIMONIO ECONOMICO", "capitulo": "DEL HURTO", "articulo": "HURTO CALIFICADO. ART. 240 C.P.", "grado_deli": "NINGUNO", "tipo_notic": "DENUNCIA", "caracteriz": "HURTO A PERSONAS", "modalidad": "RAPONAZO", "modo": null, "motivo": null, "pais": "COLOMBIA", "dane_dep": 76, "departamen": "VALLE DEL CAUCA", "dane_mpio": 76001, "municipio": "CALI", "cod_comuna": 19.0, "comuna": "Comuna 19", "cod_barrio": 1913.0, "nom_barrio": "El Cedro", "direccion": "76001 AVENIDA ROOSEVELT 25 67, EL CEDRO, COMUNA 19, CALI, VALLE DEL CAUCA", "sitio": "ENTIDAD FINANCIERA", "x": -76.538711547849999, "y": 3.43467903137, "anio": 2023, "mes": "febrero", "dia": 15, "dia_semana": 4, "hora_hecho": "16:10", "barrio": "EL CEDRO", "estrato": 4, "geom": "0101000020E6100000000000407A2253C000000000397A0B40", "fecha_hech": "2023-02-15 00:00:00" }, "geometry": { "type": "Point", "coordinates": [ -76.538711547849999, 3.43467903137 ] } },
{ "type": "Feature", "properties": { "dinamica": "HURTO", "titulo": "DELITOS CONTRA EL PATRIMONIO ECONOMICO", "capitulo": "DEL HURTO", "articulo": "HURTO CALIFICADO. ART. 240 C.P.", "grado_deli": "AGRAVADO", "tipo_notic": "DENUNCIA", "caracteriz": "HURTO DE VEHICULOS", "modalidad": "HALADO", "modo": null, "motivo": null, "pais": "COLOMBIA", "dane_dep": 76, "departamen": "VALLE DEL CAUCA", "dane_mpio": 76001, "municipio": "CALI", "cod_comuna": 19.0, "comuna": "Comuna 19", "cod_barrio": 1912.0, "nom_barrio": "3 de Julio", "direccion": "76001 Carrera 29 5C 6, 3 de Julio, Comuna 19, Cali, Valle del Cauca, COL,3 DE JULIO", "sitio": "SIN INFORMACION", "x": -76.539527893070002, "y": 3.4317600727099999, "anio": 2023, "mes": "febrero", "dia": 16, "dia_semana": 5, "hora_hecho": "16:24", "barrio": "3 DE JULIO", "estrato": 4, "geom": "0101000020E6100000000000A0872253C0000000A03E740B40", "fecha_hech": "2023-02-16 00:00:00" }, "geometry": { "type": "Point", "coordinates": [ -76.539527893070002, 3.43176007271 ] } },
{ "type": "Feature", "properties": { "dinamica": "HURTO", "titulo": "DELITOS CONTRA EL PATRIMONIO ECONOMICO", "capitulo": "DEL HURTO", "articulo": "HURTO CALIFICADO. ART. 240 C.P.", "grado_deli": "NINGUNO", "tipo_notic": "DENUNCIA", "caracteriz": "HURTO A CELULARES", "modalidad": "ATRACO", "modo": "ARMA BLANCA", "motivo": "SIN DETERMINAR", "pais": "COLOMBIA", "dane_dep": 76, "departamen": "VALLE DEL CAUCA", "dane_mpio": 76001, "municipio": "CALI", "cod_comuna": 19.0, "comuna": "Comuna 19", "cod_barrio": 1905.0, "nom_barrio": "Eucaristico", "direccion": "76001", "sitio": "SIN INFORMACION", "x": -76.538383483890001, "y": 3.4272890090899999, "anio": 2023, "mes": "febrero", "dia": 20, "dia_semana": 2, "hora_hecho": "07:30", "barrio": null, "estrato": 4, "geom": "0101000020E6100000000000E0742253C000000080166B0B40", "fecha_hech": "2023-02-20 00:00:00" }, "geometry": { "type": "Point", "coordinates": [ -76.538383483890001, 3.42728900909 ] } },
{ "type": "Feature", "properties": { "dinamica": "HURTO", "titulo": "DELITOS CONTRA EL PATRIMONIO ECONOMICO", "capitulo": "DEL HURTO", "articulo": "HURTO CALIFICADO. ART. 240 C.P.", "grado_deli": "NINGUNO", "tipo_notic": "DENUNCIA", "caracteriz": "HURTO A PERSONAS", "modalidad": "ATRACO", "modo": "ARMA DE FUEGO", "motivo": null, "pais": "COLOMBIA", "dane_dep": 76, "departamen": "VALLE DEL CAUCA", "dane_mpio": 76001, "municipio": "CALI", "cod_comuna": 19.0, "comuna": "Comuna 19", "cod_barrio": 1905.0, "nom_barrio": "Eucaristico", "direccion": "76001 CALLE 8 34 37, BARRIO EUCARÍSTICO, COMUNA 19, CALI, VALLE DEL CAUCA", "sitio": "VIA PUBLICA", "x": -76.538139343259999, "y": 3.42649888992, "anio": 2023, "mes": "febrero", "dia": 22, "dia_semana": 4, "hora_hecho": "00:30", "barrio": "BARRIO EUCARÍSTICO", "estrato": 4, "geom": "0101000020E6100000000000E0702253C00000004078690B40", "fecha_hech": "2023-02-22 00:00:00" }, "geometry": { "type": "Point", "coordinates": [ -76.538139343259999, 3.42649888992 ] } },
{ "type": "Feature", "properties": { "dinamica": "HURTO", "titulo": "DELITOS CONTRA EL PATRIMONIO ECONOMICO", "capitulo": "DEL HURTO", "articulo": "HURTO. ART. 239 C.P.", "grado_deli": "NINGUNO", "tipo_notic": "QUERELLA", "caracteriz": "HURTO A ESTABLECIMIENTOS", "modalidad": "FACTOR DE OPORTUNIDAD", "modo": null, "motivo": null, "pais": "COLOMBIA", "dane_dep": 76, "departamen": "VALLE DEL CAUCA", "dane_mpio": 76001, "municipio": "CALI", "cod_comuna": 19.0, "comuna": "Comuna 19", "cod_barrio": 1905.0, "nom_barrio": "Eucaristico", "direccion": "76001 Carrera 36 8 4, Barrio Eucarístico, Comuna 19, Cali, Valle del Cauca, COL,BARRIO EUCARÍSTICO", "sitio": "SIN INFORMACION", "x": -76.538444519039999, "y": 3.4256780147599999, "anio": 2023, "mes": "febrero", "dia": 22, "dia_semana": 4, "hora_hecho": "15:00", "barrio": "BARRIO EUCARÍSTICO", "estrato": 4, "geom": "0101000020E6100000000000E0752253C0000000E0C9670B40", "fecha_hech": "2023-02-22 00:00:00" }, "geometry": { "type": "Point", "coordinates": [ -76.538444519039999, 3.42567801476 ] } },
{ "type": "Feature", "properties": { "dinamica": "HURTO", "titulo": "DELITOS CONTRA EL PATRIMONIO ECONOMICO", "capitulo": "DEL HURTO", "articulo": "HURTO CALIFICADO. ART. 240 C.P.", "grado_deli": "NINGUNO", "tipo_notic": "DENUNCIA", "caracteriz": "HURTO A ESTABLECIMIENTOS", "modalidad": "FACTOR DE OPORTUNIDAD", "modo": null, "motivo": null, "pais": "COLOMBIA", "dane_dep": 76, "departamen": "VALLE DEL CAUCA", "dane_mpio": 76001, "municipio": "CALI", "cod_comuna": 19.0, "comuna": "Comuna 19", "cod_barrio": 1906.0, "nom_barrio": "San Fernando Nuevo", "direccion": "76001 CALLE 6 34 72", "sitio": "LUGAR DE TRABAJO", "x": -76.539375305180002, "y": 3.42774510384, "anio": 2023, "mes": "febrero", "dia": 27, "dia_semana": 2, "hora_hecho": "00:00", "barrio": "SAN FERNANDO NUEVO", "estrato": 4, "geom": "0101000020E610000000000020852253C0000000A0056C0B40", "fecha_hech": "2023-02-27 00:00:00" }, "geometry": { "type": "Point", "coordinates": [ -76.539375305180002, 3.42774510384 ] } },
{ "type": "Feature", "properties": { "dinamica": "HURTO", "titulo": "DELITOS CONTRA EL PATRIMONIO ECONOMICO", "capitulo": "DEL HURTO", "articulo": "HURTO CALIFICADO. ART. 240 C.P.", "grado_deli": "NINGUNO", "tipo_notic": "DENUNCIA", "caracteriz": "HURTO DE AUTOPARTES", "modalidad": "RAPONAZO", "modo": null, "motivo": null, "pais": "COLOMBIA", "dane_dep": 76, "departamen": "VALLE DEL CAUCA", "dane_mpio": 76001, "municipio": "CALI", "cod_comuna": 19.0, "comuna": "Comuna 19", "cod_barrio": 1906.0, "nom_barrio": "San Fernando Nuevo", "direccion": "76001 Calle 5B4 34 29, San Fernando Nuevo, Comuna 19, Cali, Valle del Cauca, COL,SAN FERNANDO NUEVO", "sitio": "SIN INFORMACION", "x": -76.539260864260001, "y": 3.42835402489, "anio": 2023, "mes": "febrero", "dia": 27, "dia_semana": 2, "hora_hecho": "07:30", "barrio": "SAN FERNANDO NUEVO", "estrato": 4, "geom": "0101000020E610000000000040832253C0000000E0446D0B40", "fecha_hech": "2023-02-27 00:00:00" }, "geometry": { "type": "Point", "coordinates": [ -76.539260864260001, 3.42835402489 ] } },
{ "type": "Feature", "properties": { "dinamica": "HURTO", "titulo": "DELITOS CONTRA EL PATRIMONIO ECONOMICO", "capitulo": "DEL HURTO", "articulo": "HURTO. ART. 239 C.P.", "grado_deli": "AGRAVADO", "tipo_notic": "DENUNCIA", "caracteriz": "HURTO A CELULARES", "modalidad": "COSQUILLEO", "modo": null, "motivo": null, "pais": "COLOMBIA", "dane_dep": 76, "departamen": "VALLE DEL CAUCA", "dane_mpio": 76001, "municipio": "CALI", "cod_comuna": 19.0, "comuna": "Comuna 19", "cod_barrio": 1912.0, "nom_barrio": "3 de Julio", "direccion": "76001 NO REPORTA CALLE 6 CON DIAGONAL 36A", "sitio": "TRANSPORTE PUBLICO URBANO", "x": -76.53907775879, "y": 3.4289600849199999, "anio": 2023, "mes": "marzo", "dia": 2, "dia_semana": 5, "hora_hecho": "07:30", "barrio": null, "estrato": 4, "geom": "0101000020E610000000000040802253C0000000A0826E0B40", "fecha_hech": "2023-03-02 00:00:00" }, "geometry": { "type": "Point", "coordinates": [ -76.53907775879, 3.42896008492 ] } },
{ "type": "Feature", "properties": { "dinamica": "HURTO", "titulo": "DELITOS CONTRA EL PATRIMONIO ECONOMICO", "capitulo": "DEL HURTO", "articulo": "HURTO CALIFICADO. ART. 240 C.P.", "grado_deli": "NINGUNO", "tipo_notic": "DENUNCIA", "caracteriz": "HURTO A PERSONAS", "modalidad": "ATRACO", "modo": "ARMA DE FUEGO", "motivo": null, "pais": "COLOMBIA", "dane_dep": 76, "departamen": "VALLE DEL CAUCA", "dane_mpio": 76001, "municipio": "CALI", "cod_comuna": 19.0, "comuna": "Comuna 19", "cod_barrio": 1913.0, "nom_barrio": "El Cedro", "direccion": "76001 CALLE 6 25 67, EL CEDRO, COMUNA 19, CALI, VALLE DEL CAUCA", "sitio": "VIA PUBLICA", "x": -76.538711547849999, "y": 3.43467903137, "anio": 2023, "mes": "marzo", "dia": 5, "dia_semana": 1, "hora_hecho": "03:00", "barrio": "EL CEDRO", "estrato": 4, "geom": "0101000020E6100000000000407A2253C000000000397A0B40", "fecha_hech": "2023-03-05 00:00:00" }, "geometry": { "type": "Point", "coordinates": [ -76.538711547849999, 3.43467903137 ] } },
{ "type": "Feature", "properties": { "dinamica": "HURTO", "titulo": "DELITOS CONTRA EL PATRIMONIO ECONOMICO", "capitulo": "DEL HURTO", "articulo": "HURTO CALIFICADO. ART. 240 C.P.", "grado_deli": "AGRAVADO", "tipo_notic": "DENUNCIA", "caracteriz": "HURTO A PERSONAS", "modalidad": "FLETEO", "modo": null, "motivo": null, "pais": "COLOMBIA", "dane_dep": 76, "departamen": "VALLE DEL CAUCA", "dane_mpio": 76001, "municipio": "CALI", "cod_comuna": 19.0, "comuna": "Comuna 19", "cod_barrio": 1906.0, "nom_barrio": "San Fernando Nuevo", "direccion": "76001 CALLE 5B4 36B 5, SAN FERNANDO NUEVO, COMUNA 19, CALI, VALLE DEL CAUCA", "sitio": "ESTABLECIMIENTO DE COMERCIO", "x": -76.54108428955, "y": 3.4269409179700001, "anio": 2023, "mes": "marzo", "dia": 6, "dia_semana": 2, "hora_hecho": "13:30", "barrio": "SAN FERNANDO NUEVO", "estrato": 4, "geom": "0101000020E610000000000020A12253C000000000606A0B40", "fecha_hech": "2023-03-06 00:00:00" }, "geometry": { "type": "Point", "coordinates": [ -76.54108428955, 3.42694091797 ] } },
{ "type": "Feature", "properties": { "dinamica": "HURTO", "titulo": "DELITOS CONTRA EL PATRIMONIO ECONOMICO", "capitulo": "DEL HURTO", "articulo": "HURTO CALIFICADO. ART. 240 C.P.", "grado_deli": "AGRAVADO", "tipo_notic": "DENUNCIA", "caracteriz": "HURTO A PERSONAS", "modalidad": "ATRACO", "modo": "ARMA DE FUEGO", "motivo": null, "pais": "COLOMBIA", "dane_dep": 76, "departamen": "VALLE DEL CAUCA", "dane_mpio": 76001, "municipio": "CALI", "cod_comuna": 19.0, "comuna": "Comuna 19", "cod_barrio": 1913.0, "nom_barrio": "El Cedro", "direccion": "76001 CL 7 CON KR 25-27 CALLE  7 # 25 27", "sitio": "SIN INFORMACION", "x": -76.537406921390001, "y": 3.4350008964500001, "anio": 2023, "mes": "marzo", "dia": 6, "dia_semana": 2, "hora_hecho": "15:30", "barrio": null, "estrato": 4, "geom": "0101000020E6100000000000E0642253C0000000C0E17A0B40", "fecha_hech": "2023-03-06 00:00:00" }, "geometry": { "type": "Point", "coordinates": [ -76.537406921390001, 3.43500089645 ] } },
{ "type": "Feature", "properties": { "dinamica": "HURTO", "titulo": "DELITOS CONTRA EL PATRIMONIO ECONOMICO", "capitulo": "DEL HURTO", "articulo": "HURTO. ART. 239 C.P.", "grado_deli": "NINGUNO", "tipo_notic": "DENUNCIA", "caracteriz": "HURTO A PERSONAS", "modalidad": "FACTOR DE OPORTUNIDAD", "modo": null, "motivo": null, "pais": "COLOMBIA", "dane_dep": 76, "departamen": "VALLE DEL CAUCA", "dane_mpio": 76001, "municipio": "CALI", "cod_comuna": 19.0, "comuna": "Comuna 19", "cod_barrio": 1913.0, "nom_barrio": "El Cedro", "direccion": "76001 CALLE 6 24A 75, EL CEDRO, COMUNA 19, CALI, VALLE DEL CAUCA", "sitio": "ESTABLECIMIENTO DE COMERCIO", "x": -76.538681030269998, "y": 3.4354610443100002, "anio": 2023, "mes": "marzo", "dia": 7, "dia_semana": 3, "hora_hecho": "05:30", "barrio": "EL CEDRO", "estrato": 4, "geom": "0101000020E6100000000000C0792253C000000000D37B0B40", "fecha_hech": "2023-03-07 00:00:00" }, "geometry": { "type": "Point", "coordinates": [ -76.538681030269998, 3.43546104431 ] } },
{ "type": "Feature", "properties": { "dinamica": "HURTO", "titulo": "DELITOS CONTRA EL PATRIMONIO ECONOMICO", "capitulo": "DEL HURTO", "articulo": "HURTO. ART. 239 C.P.", "grado_deli": "NINGUNO", "tipo_notic": "DENUNCIA", "caracteriz": "HURTO A PERSONAS", "modalidad": "FACTOR DE OPORTUNIDAD", "modo": null, "motivo": null, "pais": "COLOMBIA", "dane_dep": 76, "departamen": "VALLE DEL CAUCA", "dane_mpio": 76001, "municipio": "CALI", "cod_comuna": 19.0, "comuna": "Comuna 19", "cod_barrio": 1905.0, "nom_barrio": "Eucaristico", "direccion": "76001 Calle 7 con Carrera 34, Barrio Eucarístico, Comuna 19, Cali, Valle del Cauca, COL,BARRIO EUCARÍSTICO", "sitio": "SIN INFORMACION", "x": -76.53858947754, "y": 3.4274599552199998, "anio": 2023, "mes": "marzo", "dia": 7, "dia_semana": 3, "hora_hecho": "12:00", "barrio": "BARRIO EUCARÍSTICO", "estrato": 4, "geom": "0101000020E610000000000040782253C000000020706B0B40", "fecha_hech": "2023-03-07 00:00:00" }, "geometry": { "type": "Point", "coordinates": [ -76.53858947754, 3.42745995522 ] } },
{ "type": "Feature", "properties": { "dinamica": "HURTO", "titulo": "DELITOS CONTRA EL PATRIMONIO ECONOMICO", "capitulo": "DEL HURTO", "articulo": "HURTO CALIFICADO. ART. 240 C.P.", "grado_deli": "NINGUNO", "tipo_notic": "DENUNCIA", "caracteriz": "HURTO A PERSONAS", "modalidad": "FACTOR DE OPORTUNIDAD", "modo": null, "motivo": null, "pais": "COLOMBIA", "dane_dep": 76, "departamen": "VALLE DEL CAUCA", "dane_mpio": 76001, "municipio": "CALI", "cod_comuna": 19.0, "comuna": "Comuna 19", "cod_barrio": 1906.0, "nom_barrio": "San Fernando Nuevo", "direccion": "76001 CARRERA 36 5B3 34, SAN FERNANDO NUEVO, COMUNA 19, CALI, VALLE DEL CAUCA", "sitio": "DOMICILIO", "x": -76.540710449220001, "y": 3.4280309677099998, "anio": 2023, "mes": "marzo", "dia": 8, "dia_semana": 4, "hora_hecho": "02:00", "barrio": "SAN FERNANDO NUEVO", "estrato": 4, "geom": "0101000020E6100000000000009B2253C0000000809B6C0B40", "fecha_hech": "2023-03-08 00:00:00" }, "geometry": { "type": "Point", "coordinates": [ -76.540710449220001, 3.42803096771 ] } },
{ "type": "Feature", "properties": { "dinamica": "HURTO", "titulo": "DELITOS CONTRA EL PATRIMONIO ECONOMICO", "capitulo": "DEL HURTO", "articulo": "HURTO CALIFICADO. ART. 240 C.P.", "grado_deli": "NINGUNO", "tipo_notic": "DENUNCIA", "caracteriz": "HURTO A PERSONAS", "modalidad": "ATRACO", "modo": "ARMA DE FUEGO", "motivo": null, "pais": "COLOMBIA", "dane_dep": 76, "departamen": "VALLE DEL CAUCA", "dane_mpio": 76001, "municipio": "CALI", "cod_comuna": 19.0, "comuna": "Comuna 19", "cod_barrio": 1913.0, "nom_barrio": "El Cedro", "direccion": "76001 Carrera 28 6 45, El Cedro, Comuna 19, Cali, Valle del Cauca, COL,EL CEDRO", "sitio": "SIN INFORMACION", "x": -76.53857421875, "y": 3.4325799942000002, "anio": 2023, "mes": "marzo", "dia": 9, "dia_semana": 5, "hora_hecho": "23:30", "barrio": "EL CEDRO", "estrato": 4, "geom": "0101000020E610000000000000782253C000000080EC750B40", "fecha_hech": "2023-03-09 00:00:00" }, "geometry": { "type": "Point", "coordinates": [ -76.53857421875, 3.4325799942 ] } },
{ "type": "Feature", "properties": { "dinamica": "HURTO", "titulo": "DELITOS CONTRA EL PATRIMONIO ECONOMICO", "capitulo": "DEL HURTO", "articulo": "HURTO CALIFICADO. ART. 240 C.P.", "grado_deli": "NINGUNO", "tipo_notic": "DENUNCIA", "caracteriz": "HURTO A PERSONAS", "modalidad": "RAPONAZO", "modo": null, "motivo": null, "pais": "COLOMBIA", "dane_dep": 76, "departamen": "VALLE DEL CAUCA", "dane_mpio": 76001, "municipio": "CALI", "cod_comuna": 19.0, "comuna": "Comuna 19", "cod_barrio": 1905.0, "nom_barrio": "Eucaristico", "direccion": "76001 CALLE 6 34 17", "sitio": "OTRO", "x": -76.539054870610002, "y": 3.42800688744, "anio": 2023, "mes": "marzo", "dia": 10, "dia_semana": 6, "hora_hecho": "15:30", "barrio": "BARRIO EUCARÍSTICO", "estrato": 4, "geom": "0101000020E6100000000000E07F2253C0000000E08E6C0B40", "fecha_hech": "2023-03-10 00:00:00" }, "geometry": { "type": "Point", "coordinates": [ -76.539054870610002, 3.42800688744 ] } },
{ "type": "Feature", "properties": { "dinamica": "HURTO", "titulo": "DELITOS CONTRA EL PATRIMONIO ECONOMICO", "capitulo": "DEL HURTO", "articulo": "HURTO. ART. 239 C.P.", "grado_deli": "NINGUNO", "tipo_notic": "DENUNCIA", "caracteriz": "HURTO A PERSONAS", "modalidad": "FACTOR DE OPORTUNIDAD", "modo": null, "motivo": null, "pais": "COLOMBIA", "dane_dep": 76, "departamen": "VALLE DEL CAUCA", "dane_mpio": 76001, "municipio": "CALI", "cod_comuna": 19.0, "comuna": "Comuna 19", "cod_barrio": 1913.0, "nom_barrio": "El Cedro", "direccion": "76001 CALLE 6 CON CARRERA 24A, 3 DE JULIO, COMUNA 19, CALI, VALLE DEL CAUCA", "sitio": "PARQUEADERO", "x": -76.538696289059999, "y": 3.4361000061000002, "anio": 2023, "mes": "marzo", "dia": 10, "dia_semana": 6, "hora_hecho": "22:00", "barrio": "3 DE JULIO", "estrato": 4, "geom": "0101000020E6100000000000007A2253C000000000227D0B40", "fecha_hech": "2023-03-10 00:00:00" }, "geometry": { "type": "Point", "coordinates": [ -76.538696289059999, 3.4361000061 ] } },
{ "type": "Feature", "properties": { "dinamica": "HURTO", "titulo": "DELITOS CONTRA EL PATRIMONIO ECONOMICO", "capitulo": "DEL HURTO", "articulo": "HURTO. ART. 239 C.P.", "grado_deli": "NINGUNO", "tipo_notic": "QUERELLA", "caracteriz": "HURTO A ESTABLECIMIENTOS", "modalidad": "FACTOR DE OPORTUNIDAD", "modo": null, "motivo": null, "pais": "COLOMBIA", "dane_dep": 76, "departamen": "VALLE DEL CAUCA", "dane_mpio": 76001, "municipio": "CALI", "cod_comuna": 19.0, "comuna": "Comuna 19", "cod_barrio": 1912.0, "nom_barrio": "3 de Julio", "direccion": "76001 Avenida Roosevelt 25 32, 3 de Julio, Comuna 19, Cali, Valle del Cauca, COL,3 DE JULIO", "sitio": "SIN INFORMACION", "x": -76.538818359380002, "y": 3.4349410533900002, "anio": 2023, "mes": "marzo", "dia": 16, "dia_semana": 5, "hora_hecho": "07:00", "barrio": "3 DE JULIO", "estrato": 4, "geom": "0101000020E6100000000000007C2253C000000060C27A0B40", "fecha_hech": "2023-03-16 00:00:00" }, "geometry": { "type": "Point", "coordinates": [ -76.538818359380002, 3.43494105339 ] } },
{ "type": "Feature", "properties": { "dinamica": "HURTO", "titulo": "DELITOS CONTRA EL PATRIMONIO ECONOMICO", "capitulo": "DEL HURTO", "articulo": "HURTO CALIFICADO. ART. 240 C.P.", "grado_deli": "NINGUNO", "tipo_notic": "DENUNCIA", "caracteriz": "HURTO A PERSONAS", "modalidad": "ATRACO", "modo": "SIN ARMA", "motivo": null, "pais": "COLOMBIA", "dane_dep": 76, "departamen": "VALLE DEL CAUCA", "dane_mpio": 76001, "municipio": "CALI", "cod_comuna": 19.0, "comuna": "Comuna 19", "cod_barrio": 1906.0, "nom_barrio": "San Fernando Nuevo", "direccion": "76001 CARRERA 36 5B3 5B, SAN FERNANDO NUEVO, COMUNA 19, CALI, VALLE DEL CAUCA", "sitio": "VIA PUBLICA", "x": -76.540756225590002, "y": 3.4282910823799999, "anio": 2023, "mes": "marzo", "dia": 18, "dia_semana": 7, "hora_hecho": "18:00", "barrio": "SAN FERNANDO NUEVO", "estrato": 4, "geom": "0101000020E6100000000000C09B2253C0000000E0236D0B40", "fecha_hech": "2023-03-18 00:00:00" }, "geometry": { "type": "Point", "coordinates": [ -76.540756225590002, 3.42829108238 ] } },
{ "type": "Feature", "properties": { "dinamica": "HURTO", "titulo": "DELITOS CONTRA EL PATRIMONIO ECONOMICO", "capitulo": "DEL HURTO", "articulo": "HURTO CALIFICADO. ART. 240 C.P.", "grado_deli": "AGRAVADO", "tipo_notic": "DENUNCIA", "caracteriz": "HURTO A PERSONAS", "modalidad": "ATRACO", "modo": "ARMA DE FUEGO", "motivo": null, "pais": "COLOMBIA", "dane_dep": 76, "departamen": "VALLE DEL CAUCA", "dane_mpio": 76001, "municipio": "CALI", "cod_comuna": 19.0, "comuna": "Comuna 19", "cod_barrio": 1906.0, "nom_barrio": "San Fernando Nuevo", "direccion": "76001 CALLE 5B4 34 2", "sitio": "VIA PUBLICA", "x": -76.539321899409998, "y": 3.42859196663, "anio": 2023, "mes": "marzo", "dia": 21, "dia_semana": 3, "hora_hecho": "16:30", "barrio": "SAN FERNANDO NUEVO", "estrato": 4, "geom": "0101000020E610000000000040842253C0000000A0C16D0B40", "fecha_hech": "2023-03-21 00:00:00" }, "geometry": { "type": "Point", "coordinates": [ -76.539321899409998, 3.42859196663 ] } },
{ "type": "Feature", "properties": { "dinamica": "HURTO", "titulo": "DELITOS CONTRA EL PATRIMONIO ECONOMICO", "capitulo": "DEL HURTO", "articulo": "HURTO CALIFICADO. ART. 240 C.P.", "grado_deli": "AGRAVADO", "tipo_notic": "DENUNCIA", "caracteriz": "HURTO A PERSONAS", "modalidad": "ATRACO", "modo": "ARMA DE FUEGO", "motivo": null, "pais": "COLOMBIA", "dane_dep": 76, "departamen": "VALLE DEL CAUCA", "dane_mpio": 76001, "municipio": "CALI", "cod_comuna": 19.0, "comuna": "Comuna 19", "cod_barrio": 1913.0, "nom_barrio": "El Cedro", "direccion": "76001 CARRERA 34 CON CALLE 6, 3 DE JULIO, COMUNA 19, CALI, VALLE DEL CAUCA", "sitio": "VIA PUBLICA", "x": -76.5390625, "y": 3.4283699989300001, "anio": 2023, "mes": "marzo", "dia": 21, "dia_semana": 3, "hora_hecho": "21:30", "barrio": "EL CEDRO", "estrato": 4, "geom": "0101000020E610000000000000802253C0000000404D6D0B40", "fecha_hech": "2023-03-21 00:00:00" }, "geometry": { "type": "Point", "coordinates": [ -76.5390625, 3.42836999893 ] } },
{ "type": "Feature", "properties": { "dinamica": "HURTO", "titulo": "DELITOS CONTRA EL PATRIMONIO ECONOMICO", "capitulo": "DEL HURTO", "articulo": "HURTO CALIFICADO. ART. 240 C.P.", "grado_deli": "NINGUNO", "tipo_notic": "DENUNCIA", "caracteriz": "HURTO A PERSONAS", "modalidad": "ATRACO", "modo": "ARMA DE FUEGO", "motivo": null, "pais": "COLOMBIA", "dane_dep": 76, "departamen": "VALLE DEL CAUCA", "dane_mpio": 76001, "municipio": "CALI", "cod_comuna": 19.0, "comuna": "Comuna 19", "cod_barrio": 1913.0, "nom_barrio": "El Cedro", "direccion": "76001 CALLE 7 30, EL CEDRO, COMUNA 19, CALI, VALLE DEL CAUCA", "sitio": "VIA PUBLICA", "x": -76.537956237789999, "y": 3.4300549030299998, "anio": 2023, "mes": "marzo", "dia": 22, "dia_semana": 4, "hora_hecho": "00:30", "barrio": "EL CEDRO", "estrato": 4, "geom": "0101000020E6100000000000E06D2253C0000000A0C0700B40", "fecha_hech": "2023-03-22 00:00:00" }, "geometry": { "type": "Point", "coordinates": [ -76.537956237789999, 3.43005490303 ] } },
{ "type": "Feature", "properties": { "dinamica": "HURTO", "titulo": "DELITOS CONTRA EL PATRIMONIO ECONOMICO", "capitulo": "DEL HURTO", "articulo": "HURTO CALIFICADO. ART. 240 C.P.", "grado_deli": "AGRAVADO", "tipo_notic": "DENUNCIA", "caracteriz": "HURTO A PERSONAS", "modalidad": "ATRACO", "modo": "SIN ARMA", "motivo": null, "pais": "COLOMBIA", "dane_dep": 76, "departamen": "VALLE DEL CAUCA", "dane_mpio": 76001, "municipio": "CALI", "cod_comuna": 19.0, "comuna": "Comuna 19", "cod_barrio": 1905.0, "nom_barrio": "Eucaristico", "direccion": "76001 Carrera 34 7 1-99, Barrio Eucarístico, Comuna 19, Cali, Valle del Cauca, COL,BARRIO EUCARÍSTICO", "sitio": "SIN INFORMACION", "x": -76.53832244873, "y": 3.4271409511600002, "anio": 2023, "mes": "marzo", "dia": 22, "dia_semana": 4, "hora_hecho": "07:50", "barrio": "BARRIO EUCARÍSTICO", "estrato": 4, "geom": "0101000020E6100000000000E0732253C0000000E0C86A0B40", "fecha_hech": "2023-03-22 00:00:00" }, "geometry": { "type": "Point", "coordinates": [ -76.53832244873, 3.42714095116 ] } },
{ "type": "Feature", "properties": { "dinamica": "HURTO", "titulo": "DELITOS CONTRA EL PATRIMONIO ECONOMICO", "capitulo": "DEL HURTO", "articulo": "HURTO. ART. 239 C.P.", "grado_deli": "NINGUNO", "tipo_notic": "DENUNCIA", "caracteriz": "HURTO A CELULARES", "modalidad": "ATRACO", "modo": "SIN ARMA", "motivo": "SIN DETERMINAR", "pais": "COLOMBIA", "dane_dep": 76, "departamen": "VALLE DEL CAUCA", "dane_mpio": 76001, "municipio": "CALI", "cod_comuna": 19.0, "comuna": "Comuna 19", "cod_barrio": 1905.0, "nom_barrio": "Eucaristico", "direccion": "76001 CALLE 9 34 1, BARRIO EUCARÍSTICO, COMUNA 19, CALI, VALLE DEL CAUCA", "sitio": "VIA PUBLICA", "x": -76.537811279300001, "y": 3.4255120754199999, "anio": 2023, "mes": "marzo", "dia": 22, "dia_semana": 4, "hora_hecho": "12:30", "barrio": "BARRIO EUCARÍSTICO", "estrato": 4, "geom": "0101000020E6100000000000806B2253C0000000E072670B40", "fecha_hech": "2023-03-22 00:00:00" }, "geometry": { "type": "Point", "coordinates": [ -76.537811279300001, 3.42551207542 ] } },
{ "type": "Feature", "properties": { "dinamica": "HURTO", "titulo": "DELITOS CONTRA EL PATRIMONIO ECONOMICO", "capitulo": "DEL HURTO", "articulo": "HURTO CALIFICADO. ART. 240 C.P.", "grado_deli": "NINGUNO", "tipo_notic": "DENUNCIA", "caracteriz": "HURTO A CELULARES", "modalidad": "RAPONAZO", "modo": null, "motivo": "SIN DETERMINAR", "pais": "COLOMBIA", "dane_dep": 76, "departamen": "VALLE DEL CAUCA", "dane_mpio": 76001, "municipio": "CALI", "cod_comuna": 19.0, "comuna": "Comuna 19", "cod_barrio": 1912.0, "nom_barrio": "3 de Julio", "direccion": "76001 Carrera 25 5, 3 de Julio, Comuna 19, Cali, Valle del Cauca, COL,3 DE JULIO", "sitio": "SIN INFORMACION", "x": -76.539543151860002, "y": 3.4352700710300001, "anio": 2023, "mes": "marzo", "dia": 25, "dia_semana": 7, "hora_hecho": "22:45", "barrio": "3 DE JULIO", "estrato": 4, "geom": "0101000020E6100000000000E0872253C0000000E06E7B0B40", "fecha_hech": "2023-03-25 00:00:00" }, "geometry": { "type": "Point", "coordinates": [ -76.539543151860002, 3.43527007103 ] } },
{ "type": "Feature", "properties": { "dinamica": "HURTO", "titulo": "DELITOS CONTRA EL PATRIMONIO ECONOMICO", "capitulo": "DEL HURTO", "articulo": "HURTO CALIFICADO. ART. 240 C.P.", "grado_deli": "TENTATIVA", "tipo_notic": "DENUNCIA", "caracteriz": "HURTO DE MOTOCICLETAS", "modalidad": "ATRACO", "modo": "ARMA DE FUEGO", "motivo": null, "pais": "COLOMBIA", "dane_dep": 76, "departamen": "VALLE DEL CAUCA", "dane_mpio": 76001, "municipio": "CALI", "cod_comuna": 19.0, "comuna": "Comuna 19", "cod_barrio": 1905.0, "nom_barrio": "Eucaristico", "direccion": "76001 CARRERA 36 CON CALLE 9, BARRIO EUCARÍSTICO, COMUNA 19, CALI, VALLE DEL CAUCA", "sitio": "VIA PUBLICA", "x": -76.537857055659998, "y": 3.42547988892, "anio": 2023, "mes": "marzo", "dia": 26, "dia_semana": 1, "hora_hecho": "00:30", "barrio": "BARRIO EUCARÍSTICO", "estrato": 4, "geom": "0101000020E6100000000000406C2253C00000000062670B40", "fecha_hech": "2023-03-26 00:00:00" }, "geometry": { "type": "Point", "coordinates": [ -76.537857055659998, 3.42547988892 ] } },
{ "type": "Feature", "properties": { "dinamica": "HURTO", "titulo": "DELITOS CONTRA EL PATRIMONIO ECONOMICO", "capitulo": "DEL HURTO", "articulo": "HURTO CALIFICADO. ART. 240 C.P.", "grado_deli": "NINGUNO", "tipo_notic": "DENUNCIA", "caracteriz": "HURTO A PERSONAS", "modalidad": "RAPONAZO", "modo": null, "motivo": null, "pais": "COLOMBIA", "dane_dep": 76, "departamen": "VALLE DEL CAUCA", "dane_mpio": 76001, "municipio": "CALI", "cod_comuna": 19.0, "comuna": "Comuna 19", "cod_barrio": 1905.0, "nom_barrio": "Eucaristico", "direccion": "76001 CALLE 9 CON CARRERA 34, BARRIO EUCARÍSTICO, COMUNA 19, CALI, VALLE DEL CAUCA", "sitio": "OTRO", "x": -76.537590026860002, "y": 3.4261798858599999, "anio": 2023, "mes": "marzo", "dia": 27, "dia_semana": 2, "hora_hecho": "22:30", "barrio": "EL CEDRO", "estrato": 4, "geom": "0101000020E6100000000000E0672253C000000000D1680B40", "fecha_hech": "2023-03-27 00:00:00" }, "geometry": { "type": "Point", "coordinates": [ -76.537590026860002, 3.42617988586 ] } },
{ "type": "Feature", "properties": { "dinamica": "HURTO", "titulo": "DELITOS CONTRA EL PATRIMONIO ECONOMICO", "capitulo": "DEL HURTO", "articulo": "HURTO CALIFICADO. ART. 240 C.P.", "grado_deli": "NINGUNO", "tipo_notic": "DENUNCIA", "caracteriz": "HURTO DE VEHICULOS", "modalidad": "HALADO", "modo": null, "motivo": null, "pais": "COLOMBIA", "dane_dep": 76, "departamen": "VALLE DEL CAUCA", "dane_mpio": 76001, "municipio": "CALI", "cod_comuna": 19.0, "comuna": "Comuna 19", "cod_barrio": 1905.0, "nom_barrio": "Eucaristico", "direccion": "76001 CARRERA 36B, BARRIO EUCARÍSTICO, COMUNA 19, CALI, VALLE DEL CAUCA", "sitio": "VIA PUBLICA", "x": -76.540657043460001, "y": 3.4261450767500001, "anio": 2023, "mes": "marzo", "dia": 29, "dia_semana": 4, "hora_hecho": "02:00", "barrio": "BARRIO EUCARÍSTICO", "estrato": 4, "geom": "0101000020E6100000000000209A2253C0000000C0BE680B40", "fecha_hech": "2023-03-29 00:00:00" }, "geometry": { "type": "Point", "coordinates": [ -76.540657043460001, 3.42614507675 ] } },
{ "type": "Feature", "properties": { "dinamica": "HURTO", "titulo": "DELITOS CONTRA EL PATRIMONIO ECONOMICO", "capitulo": "DEL HURTO", "articulo": "HURTO CALIFICADO. ART. 240 C.P.", "grado_deli": "NINGUNO", "tipo_notic": "DENUNCIA", "caracteriz": "HURTO A CELULARES", "modalidad": "ATRACO", "modo": "ARMA DE FUEGO", "motivo": "SIN DETERMINAR", "pais": "COLOMBIA", "dane_dep": 76, "departamen": "VALLE DEL CAUCA", "dane_mpio": 76001, "municipio": "CALI", "cod_comuna": 19.0, "comuna": "Comuna 19", "cod_barrio": 1912.0, "nom_barrio": "3 de Julio", "direccion": "76001 Calle 6 30 36-98, 3 de Julio, Comuna 19, Cali, Valle del Cauca, COL,3 DE JULIO", "sitio": "SIN INFORMACION", "x": -76.539024353030001, "y": 3.4299080371900001, "anio": 2023, "mes": "marzo", "dia": 29, "dia_semana": 4, "hora_hecho": "19:30", "barrio": "3 DE JULIO", "estrato": 4, "geom": "0101000020E6100000000000607F2253C0000000A073700B40", "fecha_hech": "2023-03-29 00:00:00" }, "geometry": { "type": "Point", "coordinates": [ -76.539024353030001, 3.42990803719 ] } },
{ "type": "Feature", "properties": { "dinamica": "HURTO", "titulo": "DELITOS CONTRA EL PATRIMONIO ECONOMICO", "capitulo": "DEL HURTO", "articulo": "HURTO CALIFICADO. ART. 240 C.P.", "grado_deli": "NINGUNO", "tipo_notic": "DENUNCIA", "caracteriz": "HURTO DE VEHICULOS", "modalidad": "ATRACO", "modo": "ARMA DE FUEGO", "motivo": null, "pais": "COLOMBIA", "dane_dep": 76, "departamen": "VALLE DEL CAUCA", "dane_mpio": 76001, "municipio": "CALI", "cod_comuna": 19.0, "comuna": "Comuna 19", "cod_barrio": 1913.0, "nom_barrio": "El Cedro", "direccion": "76001 Calle 7 28 26, El Cedro, Comuna 19, Cali, Valle del Cauca, COL,EL CEDRO", "sitio": "SIN INFORMACION", "x": -76.53759765625, "y": 3.4321401119199999, "anio": 2023, "mes": "marzo", "dia": 29, "dia_semana": 4, "hora_hecho": "20:30", "barrio": "EL CEDRO", "estrato": 4, "geom": "0101000020E610000000000000682253C0000000E005750B40", "fecha_hech": "2023-03-29 00:00:00" }, "geometry": { "type": "Point", "coordinates": [ -76.53759765625, 3.43214011192 ] } },
{ "type": "Feature", "properties": { "dinamica": "HURTO", "titulo": "DELITOS CONTRA EL PATRIMONIO ECONOMICO", "capitulo": "DEL HURTO", "articulo": "HURTO CALIFICADO. ART. 240 C.P.", "grado_deli": "NINGUNO", "tipo_notic": "ACTOS URGENTES", "caracteriz": "HURTO A PERSONAS", "modalidad": "ATRACO", "modo": "ARMA DE FUEGO", "motivo": null, "pais": "COLOMBIA", "dane_dep": 76, "departamen": "VALLE DEL CAUCA", "dane_mpio": 76001, "municipio": "CALI", "cod_comuna": 19.0, "comuna": "Comuna 19", "cod_barrio": 1913.0, "nom_barrio": "El Cedro", "direccion": "76001 CALLE 6 CON CARRERA 26, EL CEDRO, COMUNA 19, CALI, VALLE DEL CAUCA", "sitio": "VIA PUBLICA", "x": -76.538780212399999, "y": 3.4343900680499999, "anio": 2023, "mes": "marzo", "dia": 30, "dia_semana": 5, "hora_hecho": "13:40", "barrio": "EL CEDRO", "estrato": 4, "geom": "0101000020E6100000000000607B2253C000000080A1790B40", "fecha_hech": "2023-03-30 00:00:00" }, "geometry": { "type": "Point", "coordinates": [ -76.538780212399999, 3.43439006805 ] } },
{ "type": "Feature", "properties": { "dinamica": "HURTO", "titulo": "DELITOS CONTRA EL PATRIMONIO ECONOMICO", "capitulo": "DEL HURTO", "articulo": "HURTO CALIFICADO. ART. 240 C.P.", "grado_deli": "NINGUNO", "tipo_notic": "DENUNCIA", "caracteriz": "HURTO A PERSONAS", "modalidad": "ATRACO", "modo": "ARMA DE FUEGO", "motivo": null, "pais": "COLOMBIA", "dane_dep": 76, "departamen": "VALLE DEL CAUCA", "dane_mpio": 76001, "municipio": "CALI", "cod_comuna": 19.0, "comuna": "Comuna 19", "cod_barrio": 1905.0, "nom_barrio": "Eucaristico", "direccion": "76001 CL 7 SUR CON KR 35-37 CALLE 7 35 37", "sitio": "SIN INFORMACION", "x": -76.538635253910002, "y": 3.42686605453, "anio": 2023, "mes": "abril", "dia": 1, "dia_semana": 7, "hora_hecho": "00:30", "barrio": null, "estrato": 4, "geom": "0101000020E610000000000000792253C0000000C0386A0B40", "fecha_hech": "2023-04-01 00:00:00" }, "geometry": { "type": "Point", "coordinates": [ -76.538635253910002, 3.42686605453 ] } },
{ "type": "Feature", "properties": { "dinamica": "HURTO", "titulo": "DELITOS CONTRA EL PATRIMONIO ECONOMICO", "capitulo": "DEL HURTO", "articulo": "HURTO CALIFICADO. ART. 240 C.P.", "grado_deli": "AGRAVADO", "tipo_notic": "DENUNCIA", "caracteriz": "HURTO A CELULARES", "modalidad": "ATRACO", "modo": "ARMA DE FUEGO", "motivo": "SIN DETERMINAR", "pais": "COLOMBIA", "dane_dep": 76, "departamen": "VALLE DEL CAUCA", "dane_mpio": 76001, "municipio": "CALI", "cod_comuna": 19.0, "comuna": "Comuna 19", "cod_barrio": 1913.0, "nom_barrio": "El Cedro", "direccion": "76001 CARRERA 34, BARRIO EUCARÍSTICO, COMUNA 19, CALI, VALLE DEL CAUCA", "sitio": "VIA PUBLICA", "x": -76.538284301760001, "y": 3.4273200035100002, "anio": 2023, "mes": "abril", "dia": 2, "dia_semana": 1, "hora_hecho": "01:00", "barrio": "EL CEDRO", "estrato": 4, "geom": "0101000020E610000000000040732253C0000000C0266B0B40", "fecha_hech": "2023-04-02 00:00:00" }, "geometry": { "type": "Point", "coordinates": [ -76.538284301760001, 3.42732000351 ] } },
{ "type": "Feature", "properties": { "dinamica": "HURTO", "titulo": "DELITOS CONTRA EL PATRIMONIO ECONOMICO", "capitulo": "DEL HURTO", "articulo": "HURTO CALIFICADO. ART. 240 C.P.", "grado_deli": "NINGUNO", "tipo_notic": "DENUNCIA", "caracteriz": "HURTO A PERSONAS", "modalidad": "ATRACO", "modo": "ARMA DE FUEGO", "motivo": null, "pais": "COLOMBIA", "dane_dep": 76, "departamen": "VALLE DEL CAUCA", "dane_mpio": 76001, "municipio": "CALI", "cod_comuna": 19.0, "comuna": "Comuna 19", "cod_barrio": 1912.0, "nom_barrio": "3 de Julio", "direccion": "76001 CARRERA 25 5, 3 DE JULIO, COMUNA 19, CALI, VALLE DEL CAUCA", "sitio": "OTRO", "x": -76.539222717290002, "y": 3.43525004387, "anio": 2023, "mes": "abril", "dia": 2, "dia_semana": 1, "hora_hecho": "03:30", "barrio": "3 DE JULIO", "estrato": 4, "geom": "0101000020E6100000000000A0822253C000000060647B0B40", "fecha_hech": "2023-04-02 00:00:00" }, "geometry": { "type": "Point", "coordinates": [ -76.539222717290002, 3.43525004387 ] } },
{ "type": "Feature", "properties": { "dinamica": "HURTO", "titulo": "DELITOS CONTRA EL PATRIMONIO ECONOMICO", "capitulo": "DEL HURTO", "articulo": "HURTO. ART. 239 C.P.", "grado_deli": "AGRAVADO", "tipo_notic": "DENUNCIA", "caracteriz": "HURTO A ESTABLECIMIENTOS", "modalidad": "FACTOR DE OPORTUNIDAD", "modo": null, "motivo": null, "pais": "COLOMBIA", "dane_dep": 76, "departamen": "VALLE DEL CAUCA", "dane_mpio": 76001, "municipio": "CALI", "cod_comuna": 19.0, "comuna": "Comuna 19", "cod_barrio": 1906.0, "nom_barrio": "San Fernando Nuevo", "direccion": "76001 CALLE 6 34 110", "sitio": "ESTABLECIMIENTO DE COMERCIO", "x": -76.539749145510001, "y": 3.4275999069199998, "anio": 2023, "mes": "abril", "dia": 2, "dia_semana": 1, "hora_hecho": "07:00", "barrio": "SAN FERNANDO NUEVO", "estrato": 4, "geom": "0101000020E6100000000000408B2253C000000080B96B0B40", "fecha_hech": "2023-04-02 00:00:00" }, "geometry": { "type": "Point", "coordinates": [ -76.539749145510001, 3.42759990692 ] } },
{ "type": "Feature", "properties": { "dinamica": "HURTO", "titulo": "DELITOS CONTRA EL PATRIMONIO ECONOMICO", "capitulo": "DEL HURTO", "articulo": "HURTO CALIFICADO. ART. 240 C.P.", "grado_deli": "NINGUNO", "tipo_notic": "DENUNCIA", "caracteriz": "HURTO A PERSONAS", "modalidad": "ATRACO", "modo": "ARMA BLANCA", "motivo": null, "pais": "COLOMBIA", "dane_dep": 76, "departamen": "VALLE DEL CAUCA", "dane_mpio": 76001, "municipio": "CALI", "cod_comuna": 19.0, "comuna": "Comuna 19", "cod_barrio": 1913.0, "nom_barrio": "El Cedro", "direccion": "76001 Avenida Roosevelt 30 3, El Cedro, Comuna 19, Cali, Valle del Cauca, COL,EL CEDRO", "sitio": "SIN INFORMACION", "x": -76.538940429690001, "y": 3.4300689697300002, "anio": 2023, "mes": "abril", "dia": 2, "dia_semana": 1, "hora_hecho": "08:00", "barrio": "EL CEDRO", "estrato": 4, "geom": "0101000020E6100000000000007E2253C000000000C8700B40", "fecha_hech": "2023-04-02 00:00:00" }, "geometry": { "type": "Point", "coordinates": [ -76.538940429690001, 3.43006896973 ] } },
{ "type": "Feature", "properties": { "dinamica": "HURTO", "titulo": "DELITOS CONTRA EL PATRIMONIO ECONOMICO", "capitulo": "DEL HURTO", "articulo": "HURTO CALIFICADO. ART. 240 C.P.", "grado_deli": "NINGUNO", "tipo_notic": "DENUNCIA", "caracteriz": "HURTO DE MOTOCICLETAS", "modalidad": "HALADO", "modo": null, "motivo": null, "pais": "COLOMBIA", "dane_dep": 76, "departamen": "VALLE DEL CAUCA", "dane_mpio": 76001, "municipio": "CALI", "cod_comuna": 19.0, "comuna": "Comuna 19", "cod_barrio": 1913.0, "nom_barrio": "El Cedro", "direccion": "76001 Carrera 32 7, El Cedro, Comuna 19, Cali, Valle del Cauca, COL,EL CEDRO", "sitio": "SIN INFORMACION", "x": -76.5380859375, "y": 3.4282629489900001, "anio": 2023, "mes": "abril", "dia": 2, "dia_semana": 1, "hora_hecho": "17:27", "barrio": "EL CEDRO", "estrato": 4, "geom": "0101000020E610000000000000702253C000000020156D0B40", "fecha_hech": "2023-04-02 00:00:00" }, "geometry": { "type": "Point", "coordinates": [ -76.5380859375, 3.42826294899 ] } },
{ "type": "Feature", "properties": { "dinamica": "HURTO", "titulo": "DELITOS CONTRA EL PATRIMONIO ECONOMICO", "capitulo": "DEL HURTO", "articulo": "HURTO. ART. 239 C.P.", "grado_deli": "NINGUNO", "tipo_notic": "QUERELLA", "caracteriz": "HURTO A PERSONAS", "modalidad": "FACTOR DE OPORTUNIDAD", "modo": null, "motivo": null, "pais": "COLOMBIA", "dane_dep": 76, "departamen": "VALLE DEL CAUCA", "dane_mpio": 76001, "municipio": "CALI", "cod_comuna": 19.0, "comuna": "Comuna 19", "cod_barrio": 1912.0, "nom_barrio": "3 de Julio", "direccion": "76001 CARRERA 28 5B 87", "sitio": "VIA PUBLICA", "x": -76.539817810060001, "y": 3.4325869083399998, "anio": 2023, "mes": "abril", "dia": 4, "dia_semana": 3, "hora_hecho": "11:57", "barrio": "3 DE JULIO", "estrato": 4, "geom": "0101000020E6100000000000608C2253C000000020F0750B40", "fecha_hech": "2023-04-04 00:00:00" }, "geometry": { "type": "Point", "coordinates": [ -76.539817810060001, 3.43258690834 ] } },
{ "type": "Feature", "properties": { "dinamica": "HURTO", "titulo": "DELITOS CONTRA EL PATRIMONIO ECONOMICO", "capitulo": "DEL HURTO", "articulo": "HURTO CALIFICADO. ART. 240 C.P.", "grado_deli": "NINGUNO", "tipo_notic": "DENUNCIA", "caracteriz": "HURTO A ESTABLECIMIENTOS", "modalidad": "VIOLACION DE CERRADURA", "modo": null, "motivo": null, "pais": "COLOMBIA", "dane_dep": 76, "departamen": "VALLE DEL CAUCA", "dane_mpio": 76001, "municipio": "CALI", "cod_comuna": 19.0, "comuna": "Comuna 19", "cod_barrio": 1905.0, "nom_barrio": "Eucaristico", "direccion": "76001 Carrera 34 6 2, Barrio Eucarístico, Comuna 19, Cali, Valle del Cauca, COL,BARRIO EUCARÍSTICO", "sitio": "SIN INFORMACION", "x": -76.538612365719999, "y": 3.4276340007799999, "anio": 2023, "mes": "abril", "dia": 8, "dia_semana": 7, "hora_hecho": "11:00", "barrio": "BARRIO EUCARÍSTICO", "estrato": 4, "geom": "0101000020E6100000000000A0782253C000000060CB6B0B40", "fecha_hech": "2023-04-08 00:00:00" }, "geometry": { "type": "Point", "coordinates": [ -76.538612365719999, 3.42763400078 ] } },
{ "type": "Feature", "properties": { "dinamica": "HURTO", "titulo": "DELITOS CONTRA EL PATRIMONIO ECONOMICO", "capitulo": "DEL HURTO", "articulo": "HURTO. ART. 239 C.P.", "grado_deli": "NINGUNO", "tipo_notic": "QUERELLA", "caracteriz": "HURTO A PERSONAS", "modalidad": "FACTOR DE OPORTUNIDAD", "modo": null, "motivo": null, "pais": "COLOMBIA", "dane_dep": 76, "departamen": "VALLE DEL CAUCA", "dane_mpio": 76001, "municipio": "CALI", "cod_comuna": 19.0, "comuna": "Comuna 19", "cod_barrio": 1913.0, "nom_barrio": "El Cedro", "direccion": "76001 DG 31 SUR CL 36-73 SUR DG 31 CL 36 73", "sitio": "SIN INFORMACION", "x": -76.538948059079999, "y": 3.4290449619299999, "anio": 2023, "mes": "abril", "dia": 10, "dia_semana": 2, "hora_hecho": "07:00", "barrio": null, "estrato": 4, "geom": "0101000020E6100000000000207E2253C000000020AF6E0B40", "fecha_hech": "2023-04-10 00:00:00" }, "geometry": { "type": "Point", "coordinates": [ -76.538948059079999, 3.42904496193 ] } },
{ "type": "Feature", "properties": { "dinamica": "HURTO", "titulo": "DELITOS CONTRA EL PATRIMONIO ECONOMICO", "capitulo": "DEL HURTO", "articulo": "HURTO CALIFICADO. ART. 240 C.P.", "grado_deli": "AGRAVADO", "tipo_notic": "DENUNCIA", "caracteriz": "HURTO A PERSONAS", "modalidad": "RAPONAZO", "modo": null, "motivo": null, "pais": "COLOMBIA", "dane_dep": 76, "departamen": "VALLE DEL CAUCA", "dane_mpio": 76001, "municipio": "CALI", "cod_comuna": 19.0, "comuna": "Comuna 19", "cod_barrio": 1912.0, "nom_barrio": "3 de Julio", "direccion": "76001 CARRERA 26 5B 98", "sitio": "VIA PUBLICA", "x": -76.539688110349999, "y": 3.4344010353100001, "anio": 2023, "mes": "abril", "dia": 10, "dia_semana": 2, "hora_hecho": "15:30", "barrio": "3 DE JULIO", "estrato": 4, "geom": "0101000020E6100000000000408A2253C000000040A7790B40", "fecha_hech": "2023-04-10 00:00:00" }, "geometry": { "type": "Point", "coordinates": [ -76.539688110349999, 3.43440103531 ] } },
{ "type": "Feature", "properties": { "dinamica": "HURTO", "titulo": "DELITOS CONTRA EL PATRIMONIO ECONOMICO", "capitulo": "DEL HURTO", "articulo": "HURTO CALIFICADO. ART. 240 C.P.", "grado_deli": "NINGUNO", "tipo_notic": "DENUNCIA", "caracteriz": "HURTO DE VEHICULOS", "modalidad": "ATRACO", "modo": "ARMA DE FUEGO", "motivo": null, "pais": "COLOMBIA", "dane_dep": 76, "departamen": "VALLE DEL CAUCA", "dane_mpio": 76001, "municipio": "CALI", "cod_comuna": 19.0, "comuna": "Comuna 19", "cod_barrio": 1913.0, "nom_barrio": "El Cedro", "direccion": "76001 AVENIDA ROOSEVELT CON CARRERA 26, 3 DE JULIO, COMUNA 19, CALI, VALLE DEL CAUCA", "sitio": "VIA PUBLICA", "x": -76.538780212399999, "y": 3.4343900680499999, "anio": 2023, "mes": "abril", "dia": 10, "dia_semana": 2, "hora_hecho": "21:26", "barrio": "EL CEDRO", "estrato": 4, "geom": "0101000020E6100000000000607B2253C000000080A1790B40", "fecha_hech": "2023-04-10 00:00:00" }, "geometry": { "type": "Point", "coordinates": [ -76.538780212399999, 3.43439006805 ] } },
{ "type": "Feature", "properties": { "dinamica": "HURTO", "titulo": "DELITOS CONTRA EL PATRIMONIO ECONOMICO", "capitulo": "DEL HURTO", "articulo": "HURTO. ART. 239 C.P.", "grado_deli": "NINGUNO", "tipo_notic": "DENUNCIA", "caracteriz": "HURTO A ESTABLECIMIENTOS", "modalidad": "FACTOR DE OPORTUNIDAD", "modo": null, "motivo": null, "pais": "COLOMBIA", "dane_dep": 76, "departamen": "VALLE DEL CAUCA", "dane_mpio": 76001, "municipio": "CALI", "cod_comuna": 19.0, "comuna": "Comuna 19", "cod_barrio": 1905.0, "nom_barrio": "Eucaristico", "direccion": "76001 Carrera 34 7, Barrio Eucarístico, Comuna 19, Cali, Valle del Cauca, COL,BARRIO EUCARÍSTICO", "sitio": "SIN INFORMACION", "x": -76.53833770752, "y": 3.4271299839, "anio": 2023, "mes": "abril", "dia": 11, "dia_semana": 3, "hora_hecho": "00:00", "barrio": "BARRIO EUCARÍSTICO", "estrato": 4, "geom": "0101000020E610000000000020742253C000000020C36A0B40", "fecha_hech": "2023-04-11 00:00:00" }, "geometry": { "type": "Point", "coordinates": [ -76.53833770752, 3.4271299839 ] } },
{ "type": "Feature", "properties": { "dinamica": "HURTO", "titulo": "DELITOS CONTRA EL PATRIMONIO ECONOMICO", "capitulo": "DEL HURTO", "articulo": "HURTO CALIFICADO. ART. 240 C.P.", "grado_deli": "AGRAVADO", "tipo_notic": "DENUNCIA", "caracteriz": "HURTO A PERSONAS", "modalidad": "ATRACO", "modo": "ARMA DE FUEGO", "motivo": null, "pais": "COLOMBIA", "dane_dep": 76, "departamen": "VALLE DEL CAUCA", "dane_mpio": 76001, "municipio": "CALI", "cod_comuna": 19.0, "comuna": "Comuna 19", "cod_barrio": 1912.0, "nom_barrio": "3 de Julio", "direccion": "76001 Carrera 27 5B 20, 3 de Julio, Comuna 19, Cali, Valle del Cauca, COL,3 DE JULIO", "sitio": "SIN INFORMACION", "x": -76.540252685550001, "y": 3.4332249164599999, "anio": 2023, "mes": "abril", "dia": 12, "dia_semana": 4, "hora_hecho": "05:00", "barrio": "3 DE JULIO", "estrato": 4, "geom": "0101000020E610000000000080932253C0000000A03E770B40", "fecha_hech": "2023-04-12 00:00:00" }, "geometry": { "type": "Point", "coordinates": [ -76.540252685550001, 3.43322491646 ] } },
{ "type": "Feature", "properties": { "dinamica": "HURTO", "titulo": "DELITOS CONTRA EL PATRIMONIO ECONOMICO", "capitulo": "DEL HURTO", "articulo": "HURTO. ART. 239 C.P.", "grado_deli": "NINGUNO", "tipo_notic": "DENUNCIA", "caracteriz": "HURTO A PERSONAS", "modalidad": "COSQUILLEO", "modo": null, "motivo": null, "pais": "COLOMBIA", "dane_dep": 76, "departamen": "VALLE DEL CAUCA", "dane_mpio": 76001, "municipio": "CALI", "cod_comuna": 19.0, "comuna": "Comuna 19", "cod_barrio": 1905.0, "nom_barrio": "Eucaristico", "direccion": "76001 QBANO, Avenida Roosevelt, Barrio Eucarístico, Comuna 19, Cali, Valle del Cauca, COL,BARRIO EUCARÍSTICO", "sitio": "SIN INFORMACION", "x": -76.540153503420001, "y": 3.42543292046, "anio": 2023, "mes": "abril", "dia": 12, "dia_semana": 4, "hora_hecho": "13:33", "barrio": "BARRIO EUCARÍSTICO", "estrato": 4, "geom": "0101000020E6100000000000E0912253C00000006049670B40", "fecha_hech": "2023-04-12 00:00:00" }, "geometry": { "type": "Point", "coordinates": [ -76.540153503420001, 3.42543292046 ] } },
{ "type": "Feature", "properties": { "dinamica": "HURTO", "titulo": "DELITOS CONTRA EL PATRIMONIO ECONOMICO", "capitulo": "DEL HURTO", "articulo": "HURTO CALIFICADO. ART. 240 C.P.", "grado_deli": "NINGUNO", "tipo_notic": "DENUNCIA", "caracteriz": "HURTO A PERSONAS", "modalidad": "ATRACO", "modo": "ARMA DE FUEGO", "motivo": null, "pais": "COLOMBIA", "dane_dep": 76, "departamen": "VALLE DEL CAUCA", "dane_mpio": 76001, "municipio": "CALI", "cod_comuna": 19.0, "comuna": "Comuna 19", "cod_barrio": 1913.0, "nom_barrio": "El Cedro", "direccion": "76001 CALLE 9 CON CARRERA 32, EL CEDRO, COMUNA 19, CALI, VALLE DEL CAUCA", "sitio": "OTRO", "x": -76.53687286377, "y": 3.4278800487500001, "anio": 2023, "mes": "abril", "dia": 13, "dia_semana": 5, "hora_hecho": "00:30", "barrio": "CHAMPAGNAT", "estrato": 4, "geom": "0101000020E6100000000000205C2253C0000000604C6C0B40", "fecha_hech": "2023-04-13 00:00:00" }, "geometry": { "type": "Point", "coordinates": [ -76.53687286377, 3.42788004875 ] } },
{ "type": "Feature", "properties": { "dinamica": "HURTO", "titulo": "DELITOS CONTRA EL PATRIMONIO ECONOMICO", "capitulo": "DEL HURTO", "articulo": "HURTO CALIFICADO. ART. 240 C.P.", "grado_deli": "NINGUNO", "tipo_notic": "DENUNCIA", "caracteriz": "HURTO A PERSONAS", "modalidad": "ATRACO", "modo": "ARMA DE FUEGO", "motivo": null, "pais": "COLOMBIA", "dane_dep": 76, "departamen": "VALLE DEL CAUCA", "dane_mpio": 76001, "municipio": "CALI", "cod_comuna": 19.0, "comuna": "Comuna 19", "cod_barrio": 1912.0, "nom_barrio": "3 de Julio", "direccion": "76001 Avenida Roosevelt 29 6, 3 de Julio, Comuna 19, Cali, Valle del Cauca, COL,3 DE JULIO", "sitio": "SIN INFORMACION", "x": -76.539016723629999, "y": 3.4316980838800002, "anio": 2023, "mes": "abril", "dia": 15, "dia_semana": 7, "hora_hecho": "06:00", "barrio": "3 DE JULIO", "estrato": 4, "geom": "0101000020E6100000000000407F2253C0000000201E740B40", "fecha_hech": "2023-04-15 00:00:00" }, "geometry": { "type": "Point", "coordinates": [ -76.539016723629999, 3.43169808388 ] } },
{ "type": "Feature", "properties": { "dinamica": "HURTO", "titulo": "DELITOS CONTRA EL PATRIMONIO ECONOMICO", "capitulo": "DEL HURTO", "articulo": "HURTO. ART. 239 C.P.", "grado_deli": "AGRAVADO", "tipo_notic": "DENUNCIA", "caracteriz": "HURTO A PERSONAS", "modalidad": "FACTOR DE OPORTUNIDAD", "modo": null, "motivo": null, "pais": "COLOMBIA", "dane_dep": 76, "departamen": "VALLE DEL CAUCA", "dane_mpio": 76001, "municipio": "CALI", "cod_comuna": 19.0, "comuna": "Comuna 19", "cod_barrio": 1912.0, "nom_barrio": "3 de Julio", "direccion": "76001 CALLE 6 29 72, 3 DE JULIO, COMUNA 19, CALI, VALLE DEL CAUCA", "sitio": "VIA PUBLICA", "x": -76.539039611820002, "y": 3.4310998916600002, "anio": 2023, "mes": "abril", "dia": 15, "dia_semana": 7, "hora_hecho": "22:30", "barrio": "3 DE JULIO", "estrato": 4, "geom": "0101000020E6100000000000A07F2253C000000080E4720B40", "fecha_hech": "2023-04-15 00:00:00" }, "geometry": { "type": "Point", "coordinates": [ -76.539039611820002, 3.43109989166 ] } },
{ "type": "Feature", "properties": { "dinamica": "HURTO", "titulo": "DELITOS CONTRA EL PATRIMONIO ECONOMICO", "capitulo": "DEL HURTO", "articulo": "HURTO CALIFICADO. ART. 240 C.P.", "grado_deli": "NINGUNO", "tipo_notic": "DENUNCIA", "caracteriz": "HURTO A PERSONAS", "modalidad": "ROMPIMIENTO DE VIDRIO", "modo": null, "motivo": null, "pais": "COLOMBIA", "dane_dep": 76, "departamen": "VALLE DEL CAUCA", "dane_mpio": 76001, "municipio": "CALI", "cod_comuna": 19.0, "comuna": "Comuna 19", "cod_barrio": 1913.0, "nom_barrio": "El Cedro", "direccion": "76001 CALLE 7 CON CARRERA 31, EL CEDRO, COMUNA 19, CALI, VALLE DEL CAUCA, COL,EL CEDRO", "sitio": "VIA PUBLICA", "x": -76.538269042970001, "y": 3.4290699958799999, "anio": 2023, "mes": "abril", "dia": 19, "dia_semana": 4, "hora_hecho": "02:30", "barrio": "EL CEDRO", "estrato": 4, "geom": "0101000020E610000000000000732253C000000040BC6E0B40", "fecha_hech": "2023-04-19 00:00:00" }, "geometry": { "type": "Point", "coordinates": [ -76.538269042970001, 3.42906999588 ] } },
{ "type": "Feature", "properties": { "dinamica": "HURTO", "titulo": "DELITOS CONTRA EL PATRIMONIO ECONOMICO", "capitulo": "DEL HURTO", "articulo": "HURTO CALIFICADO. ART. 240 C.P.", "grado_deli": "AGRAVADO", "tipo_notic": "DENUNCIA", "caracteriz": "HURTO A PERSONAS", "modalidad": "ATRACO", "modo": "ARMA DE FUEGO", "motivo": null, "pais": "COLOMBIA", "dane_dep": 76, "departamen": "VALLE DEL CAUCA", "dane_mpio": 76001, "municipio": "CALI", "cod_comuna": 19.0, "comuna": "Comuna 19", "cod_barrio": 1912.0, "nom_barrio": "3 de Julio", "direccion": "76001 CL 5 SUR CON KR 26-41 CALLE 5 c CON CARRERA 26 41", "sitio": "SIN INFORMACION", "x": -76.539672851559999, "y": 3.4346671104399999, "anio": 2023, "mes": "abril", "dia": 19, "dia_semana": 4, "hora_hecho": "19:30", "barrio": null, "estrato": 4, "geom": "0101000020E6100000000000008A2253C0000000C0327A0B40", "fecha_hech": "2023-04-19 00:00:00" }, "geometry": { "type": "Point", "coordinates": [ -76.539672851559999, 3.43466711044 ] } },
{ "type": "Feature", "properties": { "dinamica": "HURTO", "titulo": "DELITOS CONTRA EL PATRIMONIO ECONOMICO", "capitulo": "DEL HURTO", "articulo": "HURTO CALIFICADO. ART. 240 C.P.", "grado_deli": "NINGUNO", "tipo_notic": "DENUNCIA", "caracteriz": "HURTO A PERSONAS", "modalidad": "ATRACO", "modo": "SIN ARMA", "motivo": null, "pais": "COLOMBIA", "dane_dep": 76, "departamen": "VALLE DEL CAUCA", "dane_mpio": 76001, "municipio": "CALI", "cod_comuna": 19.0, "comuna": "Comuna 19", "cod_barrio": 1912.0, "nom_barrio": "3 de Julio", "direccion": "76001 Calle 5B 26 33, 3 de Julio, Comuna 19, Cali, Valle del Cauca, COL,3 DE JULIO", "sitio": "SIN INFORMACION", "x": -76.540405273440001, "y": 3.4341740608200002, "anio": 2023, "mes": "abril", "dia": 21, "dia_semana": 6, "hora_hecho": "10:10", "barrio": "3 DE JULIO", "estrato": 4, "geom": "0101000020E610000000000000962253C00000004030790B40", "fecha_hech": "2023-04-21 00:00:00" }, "geometry": { "type": "Point", "coordinates": [ -76.540405273440001, 3.43417406082 ] } },
{ "type": "Feature", "properties": { "dinamica": "HURTO", "titulo": "DELITOS CONTRA EL PATRIMONIO ECONOMICO", "capitulo": "DEL HURTO", "articulo": "HURTO CALIFICADO. ART. 240 C.P.", "grado_deli": "NINGUNO", "tipo_notic": "DENUNCIA", "caracteriz": "HURTO A PERSONAS", "modalidad": "VIOLACION DE CERRADURA", "modo": null, "motivo": null, "pais": "COLOMBIA", "dane_dep": 76, "departamen": "VALLE DEL CAUCA", "dane_mpio": 76001, "municipio": "CALI", "cod_comuna": 19.0, "comuna": "Comuna 19", "cod_barrio": 1913.0, "nom_barrio": "El Cedro", "direccion": "76001 CARRERA 24 CON CALLE 7, ALAMEDA, COMUNA 9, CALI, VALLE DEL CAUCA", "sitio": "VIA PUBLICA", "x": -76.537239074710001, "y": 3.4365000724799999, "anio": 2023, "mes": "abril", "dia": 22, "dia_semana": 7, "hora_hecho": "14:30", "barrio": "ALAMEDA", "estrato": 4, "geom": "0101000020E610000000000020622253C0000000C0F37D0B40", "fecha_hech": "2023-04-22 00:00:00" }, "geometry": { "type": "Point", "coordinates": [ -76.537239074710001, 3.43650007248 ] } },
{ "type": "Feature", "properties": { "dinamica": "HURTO", "titulo": "DELITOS CONTRA EL PATRIMONIO ECONOMICO", "capitulo": "DEL HURTO", "articulo": "HURTO CALIFICADO. ART. 240 C.P.", "grado_deli": "NINGUNO", "tipo_notic": "DENUNCIA", "caracteriz": "HURTO DE MOTOCICLETAS", "modalidad": "HALADO", "modo": null, "motivo": null, "pais": "COLOMBIA", "dane_dep": 76, "departamen": "VALLE DEL CAUCA", "dane_mpio": 76001, "municipio": "CALI", "cod_comuna": 19.0, "comuna": "Comuna 19", "cod_barrio": 1913.0, "nom_barrio": "El Cedro", "direccion": "76001 AVENIDA ROOSEVELT 26 5, EL CEDRO, COMUNA 19, CALI, VALLE DEL CAUCA", "sitio": "VIA PUBLICA", "x": -76.53872680664, "y": 3.4343030452700001, "anio": 2023, "mes": "abril", "dia": 22, "dia_semana": 7, "hora_hecho": "19:30", "barrio": "EL CEDRO", "estrato": 4, "geom": "0101000020E6100000000000807A2253C0000000E073790B40", "fecha_hech": "2023-04-22 00:00:00" }, "geometry": { "type": "Point", "coordinates": [ -76.53872680664, 3.43430304527 ] } },
{ "type": "Feature", "properties": { "dinamica": "HURTO", "titulo": "DELITOS CONTRA EL PATRIMONIO ECONOMICO", "capitulo": "DEL HURTO", "articulo": "HURTO CALIFICADO. ART. 240 C.P.", "grado_deli": "NINGUNO", "tipo_notic": "DENUNCIA", "caracteriz": "HURTO DE VEHICULOS", "modalidad": "HALADO", "modo": null, "motivo": null, "pais": "COLOMBIA", "dane_dep": 76, "departamen": "VALLE DEL CAUCA", "dane_mpio": 76001, "municipio": "CALI", "cod_comuna": 19.0, "comuna": "Comuna 19", "cod_barrio": 1913.0, "nom_barrio": "El Cedro", "direccion": "76001 CALLE 7 31 9, EL CEDRO, COMUNA 19, CALI, VALLE DEL CAUCA", "sitio": "VIA PUBLICA", "x": -76.53840637207, "y": 3.4284040927900001, "anio": 2023, "mes": "abril", "dia": 24, "dia_semana": 2, "hora_hecho": "00:00", "barrio": "EL CEDRO", "estrato": 4, "geom": "0101000020E610000000000040752253C0000000205F6D0B40", "fecha_hech": "2023-04-24 00:00:00" }, "geometry": { "type": "Point", "coordinates": [ -76.53840637207, 3.42840409279 ] } },
{ "type": "Feature", "properties": { "dinamica": "HURTO", "titulo": "DELITOS CONTRA EL PATRIMONIO ECONOMICO", "capitulo": "DEL HURTO", "articulo": "HURTO CALIFICADO. ART. 240 C.P.", "grado_deli": "NINGUNO", "tipo_notic": "DENUNCIA", "caracteriz": "HURTO A PERSONAS", "modalidad": "VIOLACION DE CERRADURA", "modo": null, "motivo": null, "pais": "COLOMBIA", "dane_dep": 76, "departamen": "VALLE DEL CAUCA", "dane_mpio": 76001, "municipio": "CALI", "cod_comuna": 19.0, "comuna": "Comuna 19", "cod_barrio": 1905.0, "nom_barrio": "Eucaristico", "direccion": "76001 Calle 6 34 45, Barrio Eucarístico, Comuna 19, Cali, Valle del Cauca, COL,BARRIO EUCARÍSTICO", "sitio": "SIN INFORMACION", "x": -76.539421081539999, "y": 3.4274640083299999, "anio": 2023, "mes": "abril", "dia": 25, "dia_semana": 3, "hora_hecho": "10:59", "barrio": "BARRIO EUCARÍSTICO", "estrato": 4, "geom": "0101000020E6100000000000E0852253C000000040726B0B40", "fecha_hech": "2023-04-25 00:00:00" }, "geometry": { "type": "Point", "coordinates": [ -76.539421081539999, 3.42746400833 ] } },
{ "type": "Feature", "properties": { "dinamica": "HURTO", "titulo": "DELITOS CONTRA EL PATRIMONIO ECONOMICO", "capitulo": "DEL HURTO", "articulo": "HURTO CALIFICADO. ART. 240 C.P.", "grado_deli": "AGRAVADO", "tipo_notic": "DENUNCIA", "caracteriz": "HURTO A ESTABLECIMIENTOS", "modalidad": "VANDALISMO/SAQUEO", "modo": null, "motivo": null, "pais": "COLOMBIA", "dane_dep": 76, "departamen": "VALLE DEL CAUCA", "dane_mpio": 76001, "municipio": "CALI", "cod_comuna": 19.0, "comuna": "Comuna 19", "cod_barrio": 1913.0, "nom_barrio": "El Cedro", "direccion": "76001 CARRERA 32, EL CEDRO, COMUNA 19, CALI, VALLE DEL CAUCA", "sitio": "VIA PUBLICA", "x": -76.537284851069998, "y": 3.4280149936700002, "anio": 2023, "mes": "abril", "dia": 26, "dia_semana": 4, "hora_hecho": "09:50", "barrio": "EL CEDRO", "estrato": 4, "geom": "0101000020E6100000000000E0622253C000000020936C0B40", "fecha_hech": "2023-04-26 00:00:00" }, "geometry": { "type": "Point", "coordinates": [ -76.537284851069998, 3.42801499367 ] } },
{ "type": "Feature", "properties": { "dinamica": "HURTO", "titulo": "DELITOS CONTRA EL PATRIMONIO ECONOMICO", "capitulo": "DEL HURTO", "articulo": "HURTO. ART. 239 C.P.", "grado_deli": "AGRAVADO", "tipo_notic": "DENUNCIA", "caracteriz": "HURTO A PERSONAS", "modalidad": "COSQUILLEO", "modo": null, "motivo": null, "pais": "COLOMBIA", "dane_dep": 76, "departamen": "VALLE DEL CAUCA", "dane_mpio": 76001, "municipio": "CALI", "cod_comuna": 19.0, "comuna": "Comuna 19", "cod_barrio": 1906.0, "nom_barrio": "San Fernando Nuevo", "direccion": "76001 CL 5 SUR CON CON KR 36 B CL 5 KR 36 B SUR", "sitio": "SIN INFORMACION", "x": -76.539901733400001, "y": 3.4273850917800002, "anio": 2023, "mes": "mayo", "dia": 2, "dia_semana": 3, "hora_hecho": "16:00", "barrio": null, "estrato": 4, "geom": "0101000020E6100000000000C08D2253C0000000E0486B0B40", "fecha_hech": "2023-05-02 00:00:00" }, "geometry": { "type": "Point", "coordinates": [ -76.539901733400001, 3.42738509178 ] } },
{ "type": "Feature", "properties": { "dinamica": "HURTO", "titulo": "DELITOS CONTRA EL PATRIMONIO ECONOMICO", "capitulo": "DEL HURTO", "articulo": "HURTO CALIFICADO. ART. 240 C.P.", "grado_deli": "NINGUNO", "tipo_notic": "DENUNCIA", "caracteriz": "HURTO A PERSONAS", "modalidad": "ATRACO", "modo": "ARMA DE FUEGO", "motivo": null, "pais": "COLOMBIA", "dane_dep": 76, "departamen": "VALLE DEL CAUCA", "dane_mpio": 76001, "municipio": "CALI", "cod_comuna": 19.0, "comuna": "Comuna 19", "cod_barrio": 1912.0, "nom_barrio": "3 de Julio", "direccion": "76001 CARRERA 25, 3 DE JULIO, COMUNA 19, CALI, VALLE DEL CAUCA", "sitio": "OTRO", "x": -76.539222717290002, "y": 3.43525004387, "anio": 2023, "mes": "mayo", "dia": 9, "dia_semana": 3, "hora_hecho": "06:00", "barrio": "3 DE JULIO", "estrato": 4, "geom": "0101000020E6100000000000A0822253C000000060647B0B40", "fecha_hech": "2023-05-09 00:00:00" }, "geometry": { "type": "Point", "coordinates": [ -76.539222717290002, 3.43525004387 ] } },
{ "type": "Feature", "properties": { "dinamica": "HURTO", "titulo": "DELITOS CONTRA EL PATRIMONIO ECONOMICO", "capitulo": "DEL HURTO", "articulo": "HURTO. ART. 239 C.P.", "grado_deli": "NINGUNO", "tipo_notic": "DENUNCIA", "caracteriz": "HURTO A PERSONAS", "modalidad": "RAPONAZO", "modo": null, "motivo": null, "pais": "COLOMBIA", "dane_dep": 76, "departamen": "VALLE DEL CAUCA", "dane_mpio": 76001, "municipio": "CALI", "cod_comuna": 19.0, "comuna": "Comuna 19", "cod_barrio": 1912.0, "nom_barrio": "3 de Julio", "direccion": "76001 CALLE 6 27 47", "sitio": "VIA PUBLICA", "x": -76.538879394529999, "y": 3.43293094635, "anio": 2023, "mes": "mayo", "dia": 11, "dia_semana": 5, "hora_hecho": "16:47", "barrio": "EL CEDRO", "estrato": 4, "geom": "0101000020E6100000000000007D2253C000000080A4760B40", "fecha_hech": "2023-05-11 00:00:00" }, "geometry": { "type": "Point", "coordinates": [ -76.538879394529999, 3.43293094635 ] } },
{ "type": "Feature", "properties": { "dinamica": "HURTO", "titulo": "DELITOS CONTRA EL PATRIMONIO ECONOMICO", "capitulo": "DEL HURTO", "articulo": "HURTO CALIFICADO. ART. 240 C.P.", "grado_deli": "NINGUNO", "tipo_notic": "DENUNCIA", "caracteriz": "HURTO A PERSONAS", "modalidad": "ROMPIMIENTO DE VIDRIO", "modo": null, "motivo": null, "pais": "COLOMBIA", "dane_dep": 76, "departamen": "VALLE DEL CAUCA", "dane_mpio": 76001, "municipio": "CALI", "cod_comuna": 19.0, "comuna": "Comuna 19", "cod_barrio": 1912.0, "nom_barrio": "3 de Julio", "direccion": "76001 CARRERA 27 5C 97", "sitio": "ZONA DE PARQUEO", "x": -76.538940429690001, "y": 3.4333760738399999, "anio": 2023, "mes": "mayo", "dia": 12, "dia_semana": 6, "hora_hecho": "21:30", "barrio": "3 DE JULIO", "estrato": 4, "geom": "0101000020E6100000000000007E2253C0000000E08D770B40", "fecha_hech": "2023-05-12 00:00:00" }, "geometry": { "type": "Point", "coordinates": [ -76.538940429690001, 3.43337607384 ] } },
{ "type": "Feature", "properties": { "dinamica": "HURTO", "titulo": "DELITOS CONTRA EL PATRIMONIO ECONOMICO", "capitulo": "DEL HURTO", "articulo": "HURTO CALIFICADO. ART. 240 C.P.", "grado_deli": "NINGUNO", "tipo_notic": "DENUNCIA", "caracteriz": "HURTO A PERSONAS", "modalidad": "ATRACO", "modo": "ARMA DE FUEGO", "motivo": null, "pais": "COLOMBIA", "dane_dep": 76, "departamen": "VALLE DEL CAUCA", "dane_mpio": 76001, "municipio": "CALI", "cod_comuna": 19.0, "comuna": "Comuna 19", "cod_barrio": 1912.0, "nom_barrio": "3 de Julio", "direccion": "76001 Avenida Roosevelt, 3 de Julio, Comuna 19, Cali, Valle del Cauca, COL,EL CEDRO", "sitio": "SIN INFORMACION", "x": -76.538848876949999, "y": 3.4331860542300001, "anio": 2023, "mes": "mayo", "dia": 14, "dia_semana": 1, "hora_hecho": "15:50", "barrio": "EL CEDRO", "estrato": 4, "geom": "0101000020E6100000000000807C2253C0000000402A770B40", "fecha_hech": "2023-05-14 00:00:00" }, "geometry": { "type": "Point", "coordinates": [ -76.538848876949999, 3.43318605423 ] } },
{ "type": "Feature", "properties": { "dinamica": "HURTO", "titulo": "DELITOS CONTRA EL PATRIMONIO ECONOMICO", "capitulo": "DEL HURTO", "articulo": "HURTO CALIFICADO. ART. 240 C.P.", "grado_deli": "AGRAVADO", "tipo_notic": "DENUNCIA", "caracteriz": "HURTO A CELULARES", "modalidad": "ATRACO", "modo": "ARMA DE FUEGO", "motivo": "SIN DETERMINAR", "pais": "COLOMBIA", "dane_dep": 76, "departamen": "VALLE DEL CAUCA", "dane_mpio": 76001, "municipio": "CALI", "cod_comuna": 19.0, "comuna": "Comuna 19", "cod_barrio": 1906.0, "nom_barrio": "San Fernando Nuevo", "direccion": "76001 Carrera 36B 5B3 51, San Fernando Nuevo, Comuna 19, Cali, Valle del Cauca, COL,SAN FERNANDO NUEVO", "sitio": "SIN INFORMACION", "x": -76.541358947749998, "y": 3.4275488853499998, "anio": 2023, "mes": "mayo", "dia": 15, "dia_semana": 2, "hora_hecho": "10:30", "barrio": "SAN FERNANDO NUEVO", "estrato": 4, "geom": "0101000020E6100000000000A0A52253C0000000C09E6B0B40", "fecha_hech": "2023-05-15 00:00:00" }, "geometry": { "type": "Point", "coordinates": [ -76.541358947749998, 3.42754888535 ] } },
{ "type": "Feature", "properties": { "dinamica": "HURTO", "titulo": "DELITOS CONTRA EL PATRIMONIO ECONOMICO", "capitulo": "DEL HURTO", "articulo": "HURTO CALIFICADO. ART. 240 C.P.", "grado_deli": "NINGUNO", "tipo_notic": "DENUNCIA", "caracteriz": "HURTO DE MOTOCICLETAS", "modalidad": "HALADO", "modo": null, "motivo": null, "pais": "COLOMBIA", "dane_dep": 76, "departamen": "VALLE DEL CAUCA", "dane_mpio": 76001, "municipio": "CALI", "cod_comuna": 19.0, "comuna": "Comuna 19", "cod_barrio": 1913.0, "nom_barrio": "El Cedro", "direccion": "76001 CARRERA 25 6 61, EL CEDRO, COMUNA 19, CALI, VALLE DEL CAUCA", "sitio": "VIA PUBLICA", "x": -76.538192749019998, "y": 3.4352519512200002, "anio": 2023, "mes": "mayo", "dia": 16, "dia_semana": 3, "hora_hecho": "05:00", "barrio": "EL CEDRO", "estrato": 4, "geom": "0101000020E6100000000000C0712253C000000060657B0B40", "fecha_hech": "2023-05-16 00:00:00" }, "geometry": { "type": "Point", "coordinates": [ -76.538192749019998, 3.43525195122 ] } },
{ "type": "Feature", "properties": { "dinamica": "HURTO", "titulo": "DELITOS CONTRA EL PATRIMONIO ECONOMICO", "capitulo": "DEL HURTO", "articulo": "HURTO CALIFICADO. ART. 240 C.P.", "grado_deli": "NINGUNO", "tipo_notic": "DENUNCIA", "caracteriz": "HURTO DE VEHICULOS", "modalidad": "ATRACO", "modo": "ARMA DE FUEGO", "motivo": null, "pais": "COLOMBIA", "dane_dep": 76, "departamen": "VALLE DEL CAUCA", "dane_mpio": 76001, "municipio": "CALI", "cod_comuna": 19.0, "comuna": "Comuna 19", "cod_barrio": 1905.0, "nom_barrio": "Eucaristico", "direccion": "76001 Carrera 34 7 2-98, Barrio Eucarístico, Comuna 19, Cali, Valle del Cauca, COL,BARRIO EUCARÍSTICO", "sitio": "SIN INFORMACION", "x": -76.538215637210001, "y": 3.4268260002100002, "anio": 2023, "mes": "mayo", "dia": 16, "dia_semana": 3, "hora_hecho": "20:30", "barrio": "BARRIO EUCARÍSTICO", "estrato": 4, "geom": "0101000020E610000000000020722253C0000000C0236A0B40", "fecha_hech": "2023-05-16 00:00:00" }, "geometry": { "type": "Point", "coordinates": [ -76.538215637210001, 3.42682600021 ] } },
{ "type": "Feature", "properties": { "dinamica": "HURTO", "titulo": "DELITOS CONTRA EL PATRIMONIO ECONOMICO", "capitulo": "DEL HURTO", "articulo": "HURTO CALIFICADO. ART. 240 C.P.", "grado_deli": "AGRAVADO", "tipo_notic": "DENUNCIA", "caracteriz": "HURTO A PERSONAS", "modalidad": "FLETEO", "modo": null, "motivo": null, "pais": "COLOMBIA", "dane_dep": 76, "departamen": "VALLE DEL CAUCA", "dane_mpio": 76001, "municipio": "CALI", "cod_comuna": 19.0, "comuna": "Comuna 19", "cod_barrio": 1913.0, "nom_barrio": "El Cedro", "direccion": "76001 AVENIDA ROOSEVELT CON CARRERA 26, 3 DE JULIO, COMUNA 19, CALI, VALLE DEL CAUCA", "sitio": "VIA PUBLICA", "x": -76.538780212399999, "y": 3.4343900680499999, "anio": 2023, "mes": "mayo", "dia": 19, "dia_semana": 6, "hora_hecho": "16:25", "barrio": "EL CEDRO", "estrato": 4, "geom": "0101000020E6100000000000607B2253C000000080A1790B40", "fecha_hech": "2023-05-19 00:00:00" }, "geometry": { "type": "Point", "coordinates": [ -76.538780212399999, 3.43439006805 ] } },
{ "type": "Feature", "properties": { "dinamica": "HURTO", "titulo": "DELITOS CONTRA EL PATRIMONIO ECONOMICO", "capitulo": "DEL HURTO", "articulo": "HURTO. ART. 239 C.P.", "grado_deli": "AGRAVADO", "tipo_notic": "DENUNCIA", "caracteriz": "HURTO A PERSONAS", "modalidad": "FACTOR DE OPORTUNIDAD", "modo": null, "motivo": null, "pais": "COLOMBIA", "dane_dep": 76, "departamen": "VALLE DEL CAUCA", "dane_mpio": 76001, "municipio": "CALI", "cod_comuna": 19.0, "comuna": "Comuna 19", "cod_barrio": 1913.0, "nom_barrio": "El Cedro", "direccion": "76001 Avenida Roosevelt 24 80, El Cedro, Comuna 19, Cali, Valle del Cauca, COL,EL CEDRO", "sitio": "SIN INFORMACION", "x": -76.53849029541, "y": 3.4372980594600002, "anio": 2023, "mes": "mayo", "dia": 19, "dia_semana": 6, "hora_hecho": "21:00", "barrio": "EL CEDRO", "estrato": 4, "geom": "0101000020E6100000000000A0762253C000000020967F0B40", "fecha_hech": "2023-05-19 00:00:00" }, "geometry": { "type": "Point", "coordinates": [ -76.53849029541, 3.43729805946 ] } },
{ "type": "Feature", "properties": { "dinamica": "HURTO", "titulo": "DELITOS CONTRA EL PATRIMONIO ECONOMICO", "capitulo": "DEL HURTO", "articulo": "HURTO CALIFICADO. ART. 240 C.P.", "grado_deli": "NINGUNO", "tipo_notic": "DENUNCIA", "caracteriz": "HURTO DE AUTOPARTES", "modalidad": "FACTOR DE OPORTUNIDAD", "modo": null, "motivo": null, "pais": "COLOMBIA", "dane_dep": 76, "departamen": "VALLE DEL CAUCA", "dane_mpio": 76001, "municipio": "CALI", "cod_comuna": 19.0, "comuna": "Comuna 19", "cod_barrio": 1913.0, "nom_barrio": "El Cedro", "direccion": "76001 Carrera 24 5 100, El Cedro, Comuna 19, Cali, Valle del Cauca, COL,EL CEDRO", "sitio": "SIN INFORMACION", "x": -76.537948608400001, "y": 3.4370679855300001, "anio": 2023, "mes": "mayo", "dia": 20, "dia_semana": 7, "hora_hecho": "09:00", "barrio": "EL CEDRO", "estrato": 4, "geom": "0101000020E6100000000000C06D2253C0000000801D7F0B40", "fecha_hech": "2023-05-20 00:00:00" }, "geometry": { "type": "Point", "coordinates": [ -76.537948608400001, 3.43706798553 ] } },
{ "type": "Feature", "properties": { "dinamica": "HURTO", "titulo": "DELITOS CONTRA EL PATRIMONIO ECONOMICO", "capitulo": "DEL HURTO", "articulo": "HURTO CALIFICADO. ART. 240 C.P.", "grado_deli": "AGRAVADO", "tipo_notic": "DENUNCIA", "caracteriz": "HURTO A PERSONAS", "modalidad": "ATRACO", "modo": "ARMA DE FUEGO", "motivo": null, "pais": "COLOMBIA", "dane_dep": 76, "departamen": "VALLE DEL CAUCA", "dane_mpio": 76001, "municipio": "CALI", "cod_comuna": 19.0, "comuna": "Comuna 19", "cod_barrio": 1913.0, "nom_barrio": "El Cedro", "direccion": "76001 Calle 6 con Carrera 34, 3 de Julio, Comuna 19, Cali, Valle del Cauca, COL,EL CEDRO", "sitio": "SIN INFORMACION", "x": -76.5390625, "y": 3.4283699989300001, "anio": 2023, "mes": "mayo", "dia": 21, "dia_semana": 1, "hora_hecho": "03:00", "barrio": "EL CEDRO", "estrato": 4, "geom": "0101000020E610000000000000802253C0000000404D6D0B40", "fecha_hech": "2023-05-21 00:00:00" }, "geometry": { "type": "Point", "coordinates": [ -76.5390625, 3.42836999893 ] } },
{ "type": "Feature", "properties": { "dinamica": "HURTO", "titulo": "DELITOS CONTRA EL PATRIMONIO ECONOMICO", "capitulo": "DEL HURTO", "articulo": "HURTO CALIFICADO. ART. 240 C.P.", "grado_deli": "NINGUNO", "tipo_notic": "DENUNCIA", "caracteriz": "HURTO DE MOTOCICLETAS", "modalidad": "HALADO", "modo": null, "motivo": null, "pais": "COLOMBIA", "dane_dep": 76, "departamen": "VALLE DEL CAUCA", "dane_mpio": 76001, "municipio": "CALI", "cod_comuna": 19.0, "comuna": "Comuna 19", "cod_barrio": 1913.0, "nom_barrio": "El Cedro", "direccion": "76001 CARRERA 25 6 4, EL CEDRO, COMUNA 19, CALI, VALLE DEL CAUCA", "sitio": "DOMICILIO", "x": -76.538681030269998, "y": 3.4351589679700001, "anio": 2023, "mes": "mayo", "dia": 24, "dia_semana": 4, "hora_hecho": "00:00", "barrio": "EL CEDRO", "estrato": 4, "geom": "0101000020E6100000000000C0792253C0000000A0347B0B40", "fecha_hech": "2023-05-24 00:00:00" }, "geometry": { "type": "Point", "coordinates": [ -76.538681030269998, 3.43515896797 ] } },
{ "type": "Feature", "properties": { "dinamica": "HURTO", "titulo": "DELITOS CONTRA EL PATRIMONIO ECONOMICO", "capitulo": "DEL HURTO", "articulo": "HURTO. ART. 239 C.P.", "grado_deli": "NINGUNO", "tipo_notic": "DENUNCIA", "caracteriz": "HURTO A ESTABLECIMIENTOS", "modalidad": "FACTOR DE OPORTUNIDAD", "modo": null, "motivo": null, "pais": "COLOMBIA", "dane_dep": 76, "departamen": "VALLE DEL CAUCA", "dane_mpio": 76001, "municipio": "CALI", "cod_comuna": 19.0, "comuna": "Comuna 19", "cod_barrio": 1913.0, "nom_barrio": "El Cedro", "direccion": "76001 Avenida Roosevelt 24 80, El Cedro, Comuna 19, Cali, Valle del Cauca, COL,EL CEDRO", "sitio": "SIN INFORMACION", "x": -76.53849029541, "y": 3.4372980594600002, "anio": 2023, "mes": "mayo", "dia": 24, "dia_semana": 4, "hora_hecho": "01:15", "barrio": "EL CEDRO", "estrato": 4, "geom": "0101000020E6100000000000A0762253C000000020967F0B40", "fecha_hech": "2023-05-24 00:00:00" }, "geometry": { "type": "Point", "coordinates": [ -76.53849029541, 3.43729805946 ] } },
{ "type": "Feature", "properties": { "dinamica": "HURTO", "titulo": "DELITOS CONTRA EL PATRIMONIO ECONOMICO", "capitulo": "DEL HURTO", "articulo": "HURTO. ART. 239 C.P.", "grado_deli": "AGRAVADO", "tipo_notic": "DENUNCIA", "caracteriz": "HURTO A CELULARES", "modalidad": "ENGAÑO", "modo": null, "motivo": null, "pais": "COLOMBIA", "dane_dep": 76, "departamen": "VALLE DEL CAUCA", "dane_mpio": 76001, "municipio": "CALI", "cod_comuna": 19.0, "comuna": "Comuna 19", "cod_barrio": 1913.0, "nom_barrio": "El Cedro", "direccion": "76001 Calle 6 con Carrera 30, 3 de Julio, Comuna 19, Cali, Valle del Cauca, COL,EL CEDRO", "sitio": "SIN INFORMACION", "x": -76.538772583010001, "y": 3.4340329170200001, "anio": 2023, "mes": "mayo", "dia": 24, "dia_semana": 4, "hora_hecho": "13:00", "barrio": "EL CEDRO", "estrato": 4, "geom": "0101000020E6100000000000407B2253C000000040E6780B40", "fecha_hech": "2023-05-24 00:00:00" }, "geometry": { "type": "Point", "coordinates": [ -76.538772583010001, 3.43403291702 ] } },
{ "type": "Feature", "properties": { "dinamica": "HURTO", "titulo": "DELITOS CONTRA EL PATRIMONIO ECONOMICO", "capitulo": "DEL HURTO", "articulo": "HURTO CALIFICADO. ART. 240 C.P.", "grado_deli": "NINGUNO", "tipo_notic": "DENUNCIA", "caracteriz": "HURTO A PERSONAS", "modalidad": "VIOLACION DE CERRADURA", "modo": null, "motivo": null, "pais": "COLOMBIA", "dane_dep": 76, "departamen": "VALLE DEL CAUCA", "dane_mpio": 76001, "municipio": "CALI", "cod_comuna": 19.0, "comuna": "Comuna 19", "cod_barrio": 1905.0, "nom_barrio": "Eucaristico", "direccion": "76001 Carrera 36 con Calle 6, San Fernando Nuevo, Comuna 19, Cali, Valle del Cauca, COL,BARRIO EUCARÍSTICO", "sitio": "SIN INFORMACION", "x": -76.539756774899999, "y": 3.4268300533299998, "anio": 2023, "mes": "mayo", "dia": 27, "dia_semana": 7, "hora_hecho": "02:30", "barrio": "BARRIO EUCARÍSTICO", "estrato": 4, "geom": "0101000020E6100000000000608B2253C0000000E0256A0B40", "fecha_hech": "2023-05-27 00:00:00" }, "geometry": { "type": "Point", "coordinates": [ -76.539756774899999, 3.42683005333 ] } },
{ "type": "Feature", "properties": { "dinamica": "HURTO", "titulo": "DELITOS CONTRA EL PATRIMONIO ECONOMICO", "capitulo": "DEL HURTO", "articulo": "HURTO CALIFICADO. ART. 240 C.P.", "grado_deli": "NINGUNO", "tipo_notic": "DENUNCIA", "caracteriz": "HURTO A PERSONAS", "modalidad": "ATRACO", "modo": "ARMA DE FUEGO", "motivo": null, "pais": "COLOMBIA", "dane_dep": 76, "departamen": "VALLE DEL CAUCA", "dane_mpio": 76001, "municipio": "CALI", "cod_comuna": 19.0, "comuna": "Comuna 19", "cod_barrio": 1912.0, "nom_barrio": "3 de Julio", "direccion": "76001 CALLE 5B 25 23, 3 DE JULIO, COMUNA 19, CALI, VALLE DEL CAUCA", "sitio": "VIA PUBLICA", "x": -76.540344238279999, "y": 3.43524098396, "anio": 2023, "mes": "mayo", "dia": 27, "dia_semana": 7, "hora_hecho": "04:30", "barrio": "3 DE JULIO", "estrato": 4, "geom": "0101000020E610000000000000952253C0000000A05F7B0B40", "fecha_hech": "2023-05-27 00:00:00" }, "geometry": { "type": "Point", "coordinates": [ -76.540344238279999, 3.43524098396 ] } },
{ "type": "Feature", "properties": { "dinamica": "HURTO", "titulo": "DELITOS CONTRA EL PATRIMONIO ECONOMICO", "capitulo": "DEL HURTO", "articulo": "HURTO CALIFICADO. ART. 240 C.P.", "grado_deli": "NINGUNO", "tipo_notic": "DENUNCIA", "caracteriz": "HURTO A PERSONAS", "modalidad": "FLETEO", "modo": null, "motivo": null, "pais": "COLOMBIA", "dane_dep": 76, "departamen": "VALLE DEL CAUCA", "dane_mpio": 76001, "municipio": "CALI", "cod_comuna": 19.0, "comuna": "Comuna 19", "cod_barrio": 1913.0, "nom_barrio": "El Cedro", "direccion": "76001 CL 7 CON CON KR 24 A CALLE 7  CARRERA 24 A", "sitio": "SIN INFORMACION", "x": -76.537452697749998, "y": 3.43601703644, "anio": 2023, "mes": "mayo", "dia": 29, "dia_semana": 2, "hora_hecho": "07:30", "barrio": null, "estrato": 4, "geom": "0101000020E6100000000000A0652253C000000080F67C0B40", "fecha_hech": "2023-05-29 00:00:00" }, "geometry": { "type": "Point", "coordinates": [ -76.537452697749998, 3.43601703644 ] } },
{ "type": "Feature", "properties": { "dinamica": "HURTO", "titulo": "DELITOS CONTRA EL PATRIMONIO ECONOMICO", "capitulo": "DEL HURTO", "articulo": "HURTO CALIFICADO. ART. 240 C.P.", "grado_deli": "NINGUNO", "tipo_notic": "DENUNCIA", "caracteriz": "HURTO A CELULARES", "modalidad": "COSQUILLEO", "modo": null, "motivo": null, "pais": "COLOMBIA", "dane_dep": 76, "departamen": "VALLE DEL CAUCA", "dane_mpio": 76001, "municipio": "CALI", "cod_comuna": 19.0, "comuna": "Comuna 19", "cod_barrio": 1905.0, "nom_barrio": "Eucaristico", "direccion": "76001 CALLE 9 CON CARRERA 34 8, BARRIO EUCARÍSTICO, COMUNA 19, CALI, VALLE DEL CAUCA", "sitio": "TRANSPORTE MASIVO", "x": -76.537590026860002, "y": 3.4261798858599999, "anio": 2023, "mes": "mayo", "dia": 31, "dia_semana": 4, "hora_hecho": "07:30", "barrio": "EL CEDRO", "estrato": 4, "geom": "0101000020E6100000000000E0672253C000000000D1680B40", "fecha_hech": "2023-05-31 00:00:00" }, "geometry": { "type": "Point", "coordinates": [ -76.537590026860002, 3.42617988586 ] } },
{ "type": "Feature", "properties": { "dinamica": "HURTO", "titulo": "DELITOS CONTRA EL PATRIMONIO ECONOMICO", "capitulo": "DEL HURTO", "articulo": "HURTO CALIFICADO. ART. 240 C.P.", "grado_deli": "NINGUNO", "tipo_notic": "DENUNCIA", "caracteriz": "HURTO DE MOTOCICLETAS", "modalidad": "HALADO", "modo": null, "motivo": null, "pais": "COLOMBIA", "dane_dep": 76, "departamen": "VALLE DEL CAUCA", "dane_mpio": 76001, "municipio": "CALI", "cod_comuna": 19.0, "comuna": "Comuna 19", "cod_barrio": 1913.0, "nom_barrio": "El Cedro", "direccion": "76001 KR 7 CON CL 32 SUR CARRERA 7 CALLE 32", "sitio": "PARQUEADERO", "x": -76.538352966310001, "y": 3.42923092842, "anio": 2023, "mes": "junio", "dia": 1, "dia_semana": 5, "hora_hecho": "02:30", "barrio": null, "estrato": 4, "geom": "0101000020E610000000000060742253C0000000A0106F0B40", "fecha_hech": "2023-06-01 00:00:00" }, "geometry": { "type": "Point", "coordinates": [ -76.538352966310001, 3.42923092842 ] } },
{ "type": "Feature", "properties": { "dinamica": "HURTO", "titulo": "DELITOS CONTRA EL PATRIMONIO ECONOMICO", "capitulo": "DEL HURTO", "articulo": "HURTO CALIFICADO. ART. 240 C.P.", "grado_deli": "NINGUNO", "tipo_notic": "DENUNCIA", "caracteriz": "HURTO DE AUTOPARTES", "modalidad": "FACTOR DE OPORTUNIDAD", "modo": null, "motivo": null, "pais": "COLOMBIA", "dane_dep": 76, "departamen": "VALLE DEL CAUCA", "dane_mpio": 76001, "municipio": "CALI", "cod_comuna": 19.0, "comuna": "Comuna 19", "cod_barrio": 1913.0, "nom_barrio": "El Cedro", "direccion": "76001 CARRERA 34, BARRIO EUCARÍSTICO, COMUNA 19, CALI, VALLE DEL CAUCA", "sitio": "VIA PUBLICA", "x": -76.538284301760001, "y": 3.4273200035100002, "anio": 2023, "mes": "junio", "dia": 1, "dia_semana": 5, "hora_hecho": "14:30", "barrio": "EL CEDRO", "estrato": 4, "geom": "0101000020E610000000000040732253C0000000C0266B0B40", "fecha_hech": "2023-06-01 00:00:00" }, "geometry": { "type": "Point", "coordinates": [ -76.538284301760001, 3.42732000351 ] } },
{ "type": "Feature", "properties": { "dinamica": "HURTO", "titulo": "DELITOS CONTRA EL PATRIMONIO ECONOMICO", "capitulo": "DEL HURTO", "articulo": "HURTO CALIFICADO. ART. 240 C.P.", "grado_deli": "NINGUNO", "tipo_notic": "DENUNCIA", "caracteriz": "HURTO DE MOTOCICLETAS", "modalidad": "ATRACO", "modo": "ARMA DE FUEGO", "motivo": null, "pais": "COLOMBIA", "dane_dep": 76, "departamen": "VALLE DEL CAUCA", "dane_mpio": 76001, "municipio": "CALI", "cod_comuna": 19.0, "comuna": "Comuna 19", "cod_barrio": 1913.0, "nom_barrio": "El Cedro", "direccion": "76001 CALLE 6A 26 68, EL CEDRO, COMUNA 19, CALI, VALLE DEL CAUCA", "sitio": "VIA PUBLICA", "x": -76.538208007809999, "y": 3.4338550567600001, "anio": 2023, "mes": "junio", "dia": 3, "dia_semana": 7, "hora_hecho": "00:00", "barrio": "EL CEDRO", "estrato": 4, "geom": "0101000020E610000000000000722253C00000000089780B40", "fecha_hech": "2023-06-03 00:00:00" }, "geometry": { "type": "Point", "coordinates": [ -76.538208007809999, 3.43385505676 ] } },
{ "type": "Feature", "properties": { "dinamica": "HURTO", "titulo": "DELITOS CONTRA EL PATRIMONIO ECONOMICO", "capitulo": "DEL HURTO", "articulo": "HURTO. ART. 239 C.P.", "grado_deli": "AGRAVADO", "tipo_notic": "DENUNCIA", "caracteriz": "HURTO A CELULARES", "modalidad": "FACTOR DE OPORTUNIDAD", "modo": null, "motivo": null, "pais": "COLOMBIA", "dane_dep": 76, "departamen": "VALLE DEL CAUCA", "dane_mpio": 76001, "municipio": "CALI", "cod_comuna": 19.0, "comuna": "Comuna 19", "cod_barrio": 1913.0, "nom_barrio": "El Cedro", "direccion": "76001 CL 6 24 CON CON KR 25  CL 6 24 25", "sitio": "SIN INFORMACION", "x": -76.538513183589998, "y": 3.43643903732, "anio": 2023, "mes": "junio", "dia": 3, "dia_semana": 7, "hora_hecho": "06:30", "barrio": null, "estrato": 4, "geom": "0101000020E610000000000000772253C0000000C0D37D0B40", "fecha_hech": "2023-06-03 00:00:00" }, "geometry": { "type": "Point", "coordinates": [ -76.538513183589998, 3.43643903732 ] } },
{ "type": "Feature", "properties": { "dinamica": "HURTO", "titulo": "DELITOS CONTRA EL PATRIMONIO ECONOMICO", "capitulo": "DEL HURTO", "articulo": "HURTO CALIFICADO. ART. 240 C.P.", "grado_deli": "NINGUNO", "tipo_notic": "DENUNCIA", "caracteriz": "HURTO A ESTABLECIMIENTOS", "modalidad": "VIOLACION DE CERRADURA", "modo": null, "motivo": null, "pais": "COLOMBIA", "dane_dep": 76, "departamen": "VALLE DEL CAUCA", "dane_mpio": 76001, "municipio": "CALI", "cod_comuna": 19.0, "comuna": "Comuna 19", "cod_barrio": 1905.0, "nom_barrio": "Eucaristico", "direccion": "76001 CALLE 8 34 52, BARRIO EUCARÍSTICO, COMUNA 19, CALI, VALLE DEL CAUCA", "sitio": "OTRO", "x": -76.538284301760001, "y": 3.4264469146700001, "anio": 2023, "mes": "junio", "dia": 4, "dia_semana": 1, "hora_hecho": "12:26", "barrio": "BARRIO EUCARÍSTICO", "estrato": 4, "geom": "0101000020E610000000000040732253C0000000005D690B40", "fecha_hech": "2023-06-04 00:00:00" }, "geometry": { "type": "Point", "coordinates": [ -76.538284301760001, 3.42644691467 ] } },
{ "type": "Feature", "properties": { "dinamica": "HURTO", "titulo": "DELITOS CONTRA EL PATRIMONIO ECONOMICO", "capitulo": "DEL HURTO", "articulo": "HURTO. ART. 239 C.P.", "grado_deli": "NINGUNO", "tipo_notic": "DENUNCIA", "caracteriz": "HURTO A ESTABLECIMIENTOS", "modalidad": "FACTOR DE OPORTUNIDAD", "modo": null, "motivo": null, "pais": "COLOMBIA", "dane_dep": 76, "departamen": "VALLE DEL CAUCA", "dane_mpio": 76001, "municipio": "CALI", "cod_comuna": 19.0, "comuna": "Comuna 19", "cod_barrio": 1912.0, "nom_barrio": "3 de Julio", "direccion": "76001 CALLE 5B 26 71, 3 DE JULIO, COMUNA 19, CALI, VALLE DEL CAUCA", "sitio": "VIA PUBLICA", "x": -76.540420532230002, "y": 3.4339179992700002, "anio": 2023, "mes": "junio", "dia": 8, "dia_semana": 5, "hora_hecho": "11:30", "barrio": "3 DE JULIO", "estrato": 4, "geom": "0101000020E610000000000040962253C000000000AA780B40", "fecha_hech": "2023-06-08 00:00:00" }, "geometry": { "type": "Point", "coordinates": [ -76.540420532230002, 3.43391799927 ] } },
{ "type": "Feature", "properties": { "dinamica": "HURTO", "titulo": "DELITOS CONTRA EL PATRIMONIO ECONOMICO", "capitulo": "DEL HURTO", "articulo": "HURTO CALIFICADO. ART. 240 C.P.", "grado_deli": "NINGUNO", "tipo_notic": "DENUNCIA", "caracteriz": "HURTO DE VEHICULOS", "modalidad": "HALADO", "modo": null, "motivo": null, "pais": "COLOMBIA", "dane_dep": 76, "departamen": "VALLE DEL CAUCA", "dane_mpio": 76001, "municipio": "CALI", "cod_comuna": 19.0, "comuna": "Comuna 19", "cod_barrio": 1913.0, "nom_barrio": "El Cedro", "direccion": "76001 CALLE 7 27 30", "sitio": "VIA PUBLICA", "x": -76.5376663208, "y": 3.4329760074600002, "anio": 2023, "mes": "junio", "dia": 9, "dia_semana": 6, "hora_hecho": "13:30", "barrio": "EL CEDRO", "estrato": 4, "geom": "0101000020E610000000000020692253C000000020BC760B40", "fecha_hech": "2023-06-09 00:00:00" }, "geometry": { "type": "Point", "coordinates": [ -76.5376663208, 3.43297600746 ] } },
{ "type": "Feature", "properties": { "dinamica": "HURTO", "titulo": "DELITOS CONTRA EL PATRIMONIO ECONOMICO", "capitulo": "DEL HURTO", "articulo": "HURTO. ART. 239 C.P.", "grado_deli": "AGRAVADO", "tipo_notic": "DENUNCIA", "caracteriz": "HURTO DE AUTOPARTES", "modalidad": "FACTOR DE OPORTUNIDAD", "modo": null, "motivo": null, "pais": "COLOMBIA", "dane_dep": 76, "departamen": "VALLE DEL CAUCA", "dane_mpio": 76001, "municipio": "CALI", "cod_comuna": 19.0, "comuna": "Comuna 19", "cod_barrio": 1913.0, "nom_barrio": "El Cedro", "direccion": "76001 KR 24 A CL 6-90 SUR KR 24 A 6 90", "sitio": "SIN INFORMACION", "x": -76.537956237789999, "y": 3.4360990524299999, "anio": 2023, "mes": "junio", "dia": 9, "dia_semana": 6, "hora_hecho": "16:00", "barrio": null, "estrato": 4, "geom": "0101000020E6100000000000E06D2253C000000080217D0B40", "fecha_hech": "2023-06-09 00:00:00" }, "geometry": { "type": "Point", "coordinates": [ -76.537956237789999, 3.43609905243 ] } },
{ "type": "Feature", "properties": { "dinamica": "HURTO", "titulo": "DELITOS CONTRA EL PATRIMONIO ECONOMICO", "capitulo": "DEL HURTO", "articulo": "HURTO CALIFICADO. ART. 240 C.P.", "grado_deli": "NINGUNO", "tipo_notic": "DENUNCIA", "caracteriz": "HURTO A PERSONAS", "modalidad": "ATRACO", "modo": "SIN ARMA", "motivo": null, "pais": "COLOMBIA", "dane_dep": 76, "departamen": "VALLE DEL CAUCA", "dane_mpio": 76001, "municipio": "CALI", "cod_comuna": 19.0, "comuna": "Comuna 19", "cod_barrio": 1905.0, "nom_barrio": "Eucaristico", "direccion": "76001 Calle 8 34 52, Barrio Eucarístico, Comuna 19, Cali, Valle del Cauca, COL,BARRIO EUCARÍSTICO", "sitio": "SIN INFORMACION", "x": -76.538284301760001, "y": 3.4264469146700001, "anio": 2023, "mes": "junio", "dia": 9, "dia_semana": 6, "hora_hecho": "23:30", "barrio": "BARRIO EUCARÍSTICO", "estrato": 4, "geom": "0101000020E610000000000040732253C0000000005D690B40", "fecha_hech": "2023-06-09 00:00:00" }, "geometry": { "type": "Point", "coordinates": [ -76.538284301760001, 3.42644691467 ] } },
{ "type": "Feature", "properties": { "dinamica": "HURTO", "titulo": "DELITOS CONTRA EL PATRIMONIO ECONOMICO", "capitulo": "DEL HURTO", "articulo": "HURTO CALIFICADO. ART. 240 C.P.", "grado_deli": "AGRAVADO", "tipo_notic": "DENUNCIA", "caracteriz": "HURTO A PERSONAS", "modalidad": "ATRACO", "modo": "ARMA DE FUEGO", "motivo": null, "pais": "COLOMBIA", "dane_dep": 76, "departamen": "VALLE DEL CAUCA", "dane_mpio": 76001, "municipio": "CALI", "cod_comuna": 19.0, "comuna": "Comuna 19", "cod_barrio": 1913.0, "nom_barrio": "El Cedro", "direccion": "76001 CL 6 CON CON KR 26  CALLE 6 CON CARRERA 25", "sitio": "SIN INFORMACION", "x": -76.538688659670001, "y": 3.4352629184699999, "anio": 2023, "mes": "junio", "dia": 13, "dia_semana": 3, "hora_hecho": "22:00", "barrio": null, "estrato": 4, "geom": "0101000020E6100000000000E0792253C0000000206B7B0B40", "fecha_hech": "2023-06-13 00:00:00" }, "geometry": { "type": "Point", "coordinates": [ -76.538688659670001, 3.43526291847 ] } },
{ "type": "Feature", "properties": { "dinamica": "HURTO", "titulo": "DELITOS CONTRA EL PATRIMONIO ECONOMICO", "capitulo": "DEL HURTO", "articulo": "HURTO CALIFICADO. ART. 240 C.P.", "grado_deli": "NINGUNO", "tipo_notic": "DENUNCIA", "caracteriz": "HURTO A PERSONAS", "modalidad": "ATRACO", "modo": "ARMA CONTUNDENTE", "motivo": null, "pais": "COLOMBIA", "dane_dep": 76, "departamen": "VALLE DEL CAUCA", "dane_mpio": 76001, "municipio": "CALI", "cod_comuna": 19.0, "comuna": "Comuna 19", "cod_barrio": 1912.0, "nom_barrio": "3 de Julio", "direccion": "76001 Calle 5, 3 de Julio, Comuna 19, Cali, Valle del Cauca, COL,3 DE JULIO", "sitio": "SIN INFORMACION", "x": -76.53971862793, "y": 3.4362349510199999, "anio": 2023, "mes": "junio", "dia": 14, "dia_semana": 4, "hora_hecho": "09:00", "barrio": "3 DE JULIO", "estrato": 4, "geom": "0101000020E6100000000000C08A2253C0000000C0687D0B40", "fecha_hech": "2023-06-14 00:00:00" }, "geometry": { "type": "Point", "coordinates": [ -76.53971862793, 3.43623495102 ] } },
{ "type": "Feature", "properties": { "dinamica": "HURTO", "titulo": "DELITOS CONTRA EL PATRIMONIO ECONOMICO", "capitulo": "DEL HURTO", "articulo": "HURTO CALIFICADO. ART. 240 C.P.", "grado_deli": "NINGUNO", "tipo_notic": "DENUNCIA", "caracteriz": "HURTO DE AUTOPARTES", "modalidad": "FACTOR DE OPORTUNIDAD", "modo": null, "motivo": null, "pais": "COLOMBIA", "dane_dep": 76, "departamen": "VALLE DEL CAUCA", "dane_mpio": 76001, "municipio": "CALI", "cod_comuna": 19.0, "comuna": "Comuna 19", "cod_barrio": 1913.0, "nom_barrio": "El Cedro", "direccion": "76001 CL 6 CON KR 26-69  Calle 6 carrera  26 69", "sitio": "SIN INFORMACION", "x": -76.538749694819998, "y": 3.43407011032, "anio": 2023, "mes": "junio", "dia": 14, "dia_semana": 4, "hora_hecho": "21:00", "barrio": null, "estrato": 4, "geom": "0101000020E6100000000000E07A2253C0000000C0F9780B40", "fecha_hech": "2023-06-14 00:00:00" }, "geometry": { "type": "Point", "coordinates": [ -76.538749694819998, 3.43407011032 ] } },
{ "type": "Feature", "properties": { "dinamica": "HURTO", "titulo": "DELITOS CONTRA EL PATRIMONIO ECONOMICO", "capitulo": "DEL HURTO", "articulo": "HURTO CALIFICADO. ART. 240 C.P.", "grado_deli": "NINGUNO", "tipo_notic": "DENUNCIA", "caracteriz": "HURTO DE AUTOPARTES", "modalidad": "FACTOR DE OPORTUNIDAD", "modo": null, "motivo": null, "pais": "COLOMBIA", "dane_dep": 76, "departamen": "VALLE DEL CAUCA", "dane_mpio": 76001, "municipio": "CALI", "cod_comuna": 19.0, "comuna": "Comuna 19", "cod_barrio": 1913.0, "nom_barrio": "El Cedro", "direccion": "76001 CARRERA 24A, EL CEDRO, COMUNA 19, CALI, VALLE DEL CAUCA", "sitio": "VIA PUBLICA", "x": -76.538032531740001, "y": 3.4360749721500001, "anio": 2023, "mes": "junio", "dia": 15, "dia_semana": 5, "hora_hecho": "05:00", "barrio": "EL CEDRO", "estrato": 4, "geom": "0101000020E6100000000000206F2253C0000000E0147D0B40", "fecha_hech": "2023-06-15 00:00:00" }, "geometry": { "type": "Point", "coordinates": [ -76.538032531740001, 3.43607497215 ] } },
{ "type": "Feature", "properties": { "dinamica": "HURTO", "titulo": "DELITOS CONTRA EL PATRIMONIO ECONOMICO", "capitulo": "DEL HURTO", "articulo": "HURTO CALIFICADO. ART. 240 C.P.", "grado_deli": "AGRAVADO", "tipo_notic": "DENUNCIA", "caracteriz": "HURTO A PERSONAS", "modalidad": "FACTOR DE OPORTUNIDAD", "modo": null, "motivo": null, "pais": "COLOMBIA", "dane_dep": 76, "departamen": "VALLE DEL CAUCA", "dane_mpio": 76001, "municipio": "CALI", "cod_comuna": 19.0, "comuna": "Comuna 19", "cod_barrio": 1905.0, "nom_barrio": "Eucaristico", "direccion": "76001 CALLE 6 CON CARRERA 36B, BARRIO EUCARÍSTICO, COMUNA 19, CALI, VALLE DEL CAUCA", "sitio": "VIA PUBLICA", "x": -76.54029083252, "y": 3.4256598949399999, "anio": 2023, "mes": "junio", "dia": 18, "dia_semana": 1, "hora_hecho": "22:00", "barrio": "BARRIO EUCARÍSTICO", "estrato": 4, "geom": "0101000020E610000000000020942253C000000060C0670B40", "fecha_hech": "2023-06-18 00:00:00" }, "geometry": { "type": "Point", "coordinates": [ -76.54029083252, 3.42565989494 ] } },
{ "type": "Feature", "properties": { "dinamica": "HURTO", "titulo": "DELITOS CONTRA EL PATRIMONIO ECONOMICO", "capitulo": "DEL HURTO", "articulo": "HURTO. ART. 239 C.P.", "grado_deli": "AGRAVADO", "tipo_notic": "DENUNCIA", "caracteriz": "HURTO DE AUTOPARTES", "modalidad": "FACTOR DE OPORTUNIDAD", "modo": null, "motivo": null, "pais": "COLOMBIA", "dane_dep": 76, "departamen": "VALLE DEL CAUCA", "dane_mpio": 76001, "municipio": "CALI", "cod_comuna": 19.0, "comuna": "Comuna 19", "cod_barrio": 1912.0, "nom_barrio": "3 de Julio", "direccion": "76001 KR 25 CL 2 A-12 CARRERA 25 CON CALLE 2 A 12", "sitio": "SIN INFORMACION", "x": -76.540031433110002, "y": 3.43556499481, "anio": 2023, "mes": "junio", "dia": 20, "dia_semana": 3, "hora_hecho": "13:00", "barrio": null, "estrato": 4, "geom": "0101000020E6100000000000E08F2253C000000080097C0B40", "fecha_hech": "2023-06-20 00:00:00" }, "geometry": { "type": "Point", "coordinates": [ -76.540031433110002, 3.43556499481 ] } },
{ "type": "Feature", "properties": { "dinamica": "HURTO", "titulo": "DELITOS CONTRA EL PATRIMONIO ECONOMICO", "capitulo": "DEL HURTO", "articulo": "HURTO CALIFICADO. ART. 240 C.P.", "grado_deli": "AGRAVADO", "tipo_notic": "ACTOS URGENTES", "caracteriz": "HURTO A PERSONAS", "modalidad": "ATRACO", "modo": "ARMA BLANCA", "motivo": null, "pais": "COLOMBIA", "dane_dep": 76, "departamen": "VALLE DEL CAUCA", "dane_mpio": 76001, "municipio": "CALI", "cod_comuna": 19.0, "comuna": "Comuna 19", "cod_barrio": 1912.0, "nom_barrio": "3 de Julio", "direccion": "76001 AVENIDA ROOSEVELT, 3 DE JULIO, COMUNA 19, CALI, VALLE DEL CAUCA", "sitio": "VIA PUBLICA", "x": -76.538879394529999, "y": 3.4329149723099999, "anio": 2023, "mes": "junio", "dia": 22, "dia_semana": 5, "hora_hecho": "22:00", "barrio": "3 DE JULIO", "estrato": 4, "geom": "0101000020E6100000000000007D2253C0000000209C760B40", "fecha_hech": "2023-06-22 00:00:00" }, "geometry": { "type": "Point", "coordinates": [ -76.538879394529999, 3.43291497231 ] } },
{ "type": "Feature", "properties": { "dinamica": "HURTO", "titulo": "DELITOS CONTRA EL PATRIMONIO ECONOMICO", "capitulo": "DEL HURTO", "articulo": "HURTO CALIFICADO. ART. 240 C.P.", "grado_deli": "NINGUNO", "tipo_notic": "DENUNCIA", "caracteriz": "HURTO A PERSONAS", "modalidad": "ATRACO", "modo": "ARMA DE FUEGO", "motivo": null, "pais": "COLOMBIA", "dane_dep": 76, "departamen": "VALLE DEL CAUCA", "dane_mpio": 76001, "municipio": "CALI", "cod_comuna": 19.0, "comuna": "Comuna 19", "cod_barrio": 1912.0, "nom_barrio": "3 de Julio", "direccion": "76001 CARRERA 26 CON CALLE 5B, 3 DE JULIO, COMUNA 19, CALI, VALLE DEL CAUCA", "sitio": "OTRO", "x": -76.540451049799998, "y": 3.4344499111200002, "anio": 2023, "mes": "junio", "dia": 23, "dia_semana": 6, "hora_hecho": "21:00", "barrio": "3 DE JULIO", "estrato": 4, "geom": "0101000020E6100000000000C0962253C0000000E0C0790B40", "fecha_hech": "2023-06-23 00:00:00" }, "geometry": { "type": "Point", "coordinates": [ -76.540451049799998, 3.43444991112 ] } },
{ "type": "Feature", "properties": { "dinamica": "HURTO", "titulo": "DELITOS CONTRA EL PATRIMONIO ECONOMICO", "capitulo": "DEL HURTO", "articulo": "HURTO CALIFICADO. ART. 240 C.P.", "grado_deli": "NINGUNO", "tipo_notic": "DENUNCIA", "caracteriz": "HURTO DE MOTOCICLETAS", "modalidad": "ATRACO", "modo": "ARMA DE FUEGO", "motivo": null, "pais": "COLOMBIA", "dane_dep": 76, "departamen": "VALLE DEL CAUCA", "dane_mpio": 76001, "municipio": "CALI", "cod_comuna": 19.0, "comuna": "Comuna 19", "cod_barrio": 1912.0, "nom_barrio": "3 de Julio", "direccion": "76001 KR 27 CON CL 5 B SUR KR 27 CL 5 B SUR", "sitio": "SIN INFORMACION", "x": -76.54010772705, "y": 3.4334540367100002, "anio": 2023, "mes": "junio", "dia": 23, "dia_semana": 6, "hora_hecho": "22:30", "barrio": null, "estrato": 4, "geom": "0101000020E610000000000020912253C0000000C0B6770B40", "fecha_hech": "2023-06-23 00:00:00" }, "geometry": { "type": "Point", "coordinates": [ -76.54010772705, 3.43345403671 ] } },
{ "type": "Feature", "properties": { "dinamica": "HURTO", "titulo": "DELITOS CONTRA EL PATRIMONIO ECONOMICO", "capitulo": "DEL HURTO", "articulo": "HURTO. ART. 239 C.P.", "grado_deli": "NINGUNO", "tipo_notic": "QUERELLA", "caracteriz": "HURTO A PERSONAS", "modalidad": "COSQUILLEO", "modo": null, "motivo": null, "pais": "COLOMBIA", "dane_dep": 76, "departamen": "VALLE DEL CAUCA", "dane_mpio": 76001, "municipio": "CALI", "cod_comuna": 19.0, "comuna": "Comuna 19", "cod_barrio": 1913.0, "nom_barrio": "El Cedro", "direccion": "76001 Carrera 26, El Cedro, Comuna 19, Cali, Valle del Cauca, COL,EL CEDRO", "sitio": "SIN INFORMACION", "x": -76.538452148440001, "y": 3.4343700408900002, "anio": 2023, "mes": "junio", "dia": 25, "dia_semana": 1, "hora_hecho": "20:33", "barrio": "EL CEDRO", "estrato": 4, "geom": "0101000020E610000000000000762253C00000000097790B40", "fecha_hech": "2023-06-25 00:00:00" }, "geometry": { "type": "Point", "coordinates": [ -76.538452148440001, 3.43437004089 ] } },
{ "type": "Feature", "properties": { "dinamica": "HURTO", "titulo": "DELITOS CONTRA EL PATRIMONIO ECONOMICO", "capitulo": "DEL HURTO", "articulo": "HURTO CALIFICADO. ART. 240 C.P.", "grado_deli": "NINGUNO", "tipo_notic": "DENUNCIA", "caracteriz": "HURTO DE AUTOPARTES", "modalidad": "FACTOR DE OPORTUNIDAD", "modo": null, "motivo": null, "pais": "COLOMBIA", "dane_dep": 76, "departamen": "VALLE DEL CAUCA", "dane_mpio": 76001, "municipio": "CALI", "cod_comuna": 19.0, "comuna": "Comuna 19", "cod_barrio": 1906.0, "nom_barrio": "San Fernando Nuevo", "direccion": "76001 CALLE 5B4 36B 45, SAN FERNANDO NUEVO, COMUNA 19, CALI, VALLE DEL CAUCA", "sitio": "ZONA DE PARQUEO", "x": -76.54135131836, "y": 3.4267480373399999, "anio": 2023, "mes": "junio", "dia": 27, "dia_semana": 3, "hora_hecho": "20:30", "barrio": "SAN FERNANDO NUEVO", "estrato": 4, "geom": "0101000020E610000000000080A52253C0000000E0FA690B40", "fecha_hech": "2023-06-27 00:00:00" }, "geometry": { "type": "Point", "coordinates": [ -76.54135131836, 3.42674803734 ] } },
{ "type": "Feature", "properties": { "dinamica": "HURTO", "titulo": "DELITOS CONTRA EL PATRIMONIO ECONOMICO", "capitulo": "DEL HURTO", "articulo": "HURTO CALIFICADO. ART. 240 C.P.", "grado_deli": "AGRAVADO", "tipo_notic": "ACTOS URGENTES", "caracteriz": "HURTO A PERSONAS", "modalidad": "ATRACO", "modo": "ARMA DE FUEGO", "motivo": null, "pais": "COLOMBIA", "dane_dep": 76, "departamen": "VALLE DEL CAUCA", "dane_mpio": 76001, "municipio": "CALI", "cod_comuna": 19.0, "comuna": "Comuna 19", "cod_barrio": 1913.0, "nom_barrio": "El Cedro", "direccion": "76001 CARRERA 25 CON CALLE 7 24A, EL CEDRO, COMUNA 19, CALI, VALLE DEL CAUCA", "sitio": "VIA PUBLICA", "x": -76.537406921390001, "y": 3.4351599216499999, "anio": 2023, "mes": "junio", "dia": 28, "dia_semana": 4, "hora_hecho": "12:20", "barrio": "EL CEDRO", "estrato": 4, "geom": "0101000020E6100000000000E0642253C000000020357B0B40", "fecha_hech": "2023-06-28 00:00:00" }, "geometry": { "type": "Point", "coordinates": [ -76.537406921390001, 3.43515992165 ] } },
{ "type": "Feature", "properties": { "dinamica": "HURTO", "titulo": "DELITOS CONTRA EL PATRIMONIO ECONOMICO", "capitulo": "DEL HURTO", "articulo": "HURTO CALIFICADO. ART. 240 C.P.", "grado_deli": "NINGUNO", "tipo_notic": "DENUNCIA", "caracteriz": "HURTO DE MOTOCICLETAS", "modalidad": "HALADO", "modo": null, "motivo": null, "pais": "COLOMBIA", "dane_dep": 76, "departamen": "VALLE DEL CAUCA", "dane_mpio": 76001, "municipio": "CALI", "cod_comuna": 19.0, "comuna": "Comuna 19", "cod_barrio": 1913.0, "nom_barrio": "El Cedro", "direccion": "76001 CARRERA 25 6 25, EL CEDRO, COMUNA 19, CALI, VALLE DEL CAUCA", "sitio": "ZONA DE PARQUEO", "x": -76.53849029541, "y": 3.4352660179100001, "anio": 2023, "mes": "junio", "dia": 30, "dia_semana": 6, "hora_hecho": "00:00", "barrio": "EL CEDRO", "estrato": 4, "geom": "0101000020E6100000000000A0762253C0000000C06C7B0B40", "fecha_hech": "2023-06-30 00:00:00" }, "geometry": { "type": "Point", "coordinates": [ -76.53849029541, 3.43526601791 ] } },
{ "type": "Feature", "properties": { "dinamica": "HURTO", "titulo": "DELITOS CONTRA EL PATRIMONIO ECONOMICO", "capitulo": "DEL HURTO", "articulo": "HURTO CALIFICADO. ART. 240 C.P.", "grado_deli": "AGRAVADO", "tipo_notic": "DENUNCIA", "caracteriz": "HURTO A PERSONAS", "modalidad": "ATRACO", "modo": "ARMA DE FUEGO", "motivo": null, "pais": "COLOMBIA", "dane_dep": 76, "departamen": "VALLE DEL CAUCA", "dane_mpio": 76001, "municipio": "CALI", "cod_comuna": 19.0, "comuna": "Comuna 19", "cod_barrio": 1913.0, "nom_barrio": "El Cedro", "direccion": "76001 CALLE 7 CON CARRERA 24 7, ALAMEDA, COMUNA 9, CALI, VALLE DEL CAUCA", "sitio": "VIA PUBLICA", "x": -76.537239074710001, "y": 3.4365000724799999, "anio": 2023, "mes": "junio", "dia": 30, "dia_semana": 6, "hora_hecho": "02:30", "barrio": "ALAMEDA", "estrato": 4, "geom": "0101000020E610000000000020622253C0000000C0F37D0B40", "fecha_hech": "2023-06-30 00:00:00" }, "geometry": { "type": "Point", "coordinates": [ -76.537239074710001, 3.43650007248 ] } },
{ "type": "Feature", "properties": { "dinamica": "HURTO", "titulo": "DELITOS CONTRA EL PATRIMONIO ECONOMICO", "capitulo": "DEL HURTO", "articulo": "HURTO CALIFICADO. ART. 240 C.P.", "grado_deli": "NINGUNO", "tipo_notic": "DENUNCIA", "caracteriz": "HURTO DE BICICLETAS", "modalidad": "HALADO", "modo": null, "motivo": null, "pais": "COLOMBIA", "dane_dep": 76, "departamen": "VALLE DEL CAUCA", "dane_mpio": 76001, "municipio": "CALI", "cod_comuna": 19.0, "comuna": "Comuna 19", "cod_barrio": 1913.0, "nom_barrio": "El Cedro", "direccion": "76001 CARRERA 25 CON CALLE 6, 3 DE JULIO, COMUNA 19, CALI, VALLE DEL CAUCA", "sitio": "VIA PUBLICA", "x": -76.538749694819998, "y": 3.43522000313, "anio": 2023, "mes": "junio", "dia": 30, "dia_semana": 6, "hora_hecho": "17:30", "barrio": "EL CEDRO", "estrato": 4, "geom": "0101000020E6100000000000E07A2253C0000000A0547B0B40", "fecha_hech": "2023-06-30 00:00:00" }, "geometry": { "type": "Point", "coordinates": [ -76.538749694819998, 3.43522000313 ] } },
{ "type": "Feature", "properties": { "dinamica": "HURTO", "titulo": "DELITOS CONTRA EL PATRIMONIO ECONOMICO", "capitulo": "DEL HURTO", "articulo": "HURTO CALIFICADO. ART. 240 C.P.", "grado_deli": "AGRAVADO", "tipo_notic": "DENUNCIA", "caracteriz": "HURTO A PERSONAS", "modalidad": "RAPONAZO", "modo": null, "motivo": null, "pais": "COLOMBIA", "dane_dep": 76, "departamen": "VALLE DEL CAUCA", "dane_mpio": 76001, "municipio": "CALI", "cod_comuna": 19.0, "comuna": "Comuna 19", "cod_barrio": 1912.0, "nom_barrio": "3 de Julio", "direccion": "76001 Calle 6, 3 de Julio, Comuna 19, Cali, Valle del Cauca, COL,3 DE JULIO", "sitio": "SIN INFORMACION", "x": -76.538955688480002, "y": 3.4322390556300002, "anio": 2023, "mes": "julio", "dia": 4, "dia_semana": 3, "hora_hecho": "12:51", "barrio": "3 DE JULIO", "estrato": 4, "geom": "0101000020E6100000000000407E2253C0000000C039750B40", "fecha_hech": "2023-07-04 00:00:00" }, "geometry": { "type": "Point", "coordinates": [ -76.538955688480002, 3.43223905563 ] } },
{ "type": "Feature", "properties": { "dinamica": "HURTO", "titulo": "DELITOS CONTRA EL PATRIMONIO ECONOMICO", "capitulo": "DEL HURTO", "articulo": "HURTO. ART. 239 C.P.", "grado_deli": "AGRAVADO", "tipo_notic": "ACTOS URGENTES", "caracteriz": "HURTO A CELULARES", "modalidad": "RAPONAZO", "modo": null, "motivo": "SIN DETERMINAR", "pais": "COLOMBIA", "dane_dep": 76, "departamen": "VALLE DEL CAUCA", "dane_mpio": 76001, "municipio": "CALI", "cod_comuna": 19.0, "comuna": "Comuna 19", "cod_barrio": 1905.0, "nom_barrio": "Eucaristico", "direccion": "76001 AVENIDA ROOSEVELT 36 CON CARRERA 36A 6, BARRIO EUCARÍSTICO, COMUNA 19, CALI, VALLE DEL CAUCA", "sitio": "VIA PUBLICA", "x": -76.53997039795, "y": 3.4260001182600002, "anio": 2023, "mes": "julio", "dia": 5, "dia_semana": 4, "hora_hecho": "18:30", "barrio": "BARRIO EUCARÍSTICO", "estrato": 4, "geom": "0101000020E6100000000000E08E2253C0000000C072680B40", "fecha_hech": "2023-07-05 00:00:00" }, "geometry": { "type": "Point", "coordinates": [ -76.53997039795, 3.42600011826 ] } },
{ "type": "Feature", "properties": { "dinamica": "HURTO", "titulo": "DELITOS CONTRA EL PATRIMONIO ECONOMICO", "capitulo": "DEL HURTO", "articulo": "HURTO CALIFICADO. ART. 240 C.P.", "grado_deli": "AGRAVADO", "tipo_notic": "DENUNCIA", "caracteriz": "HURTO DE MOTOCICLETAS", "modalidad": "HALADO", "modo": null, "motivo": null, "pais": "COLOMBIA", "dane_dep": 76, "departamen": "VALLE DEL CAUCA", "dane_mpio": 76001, "municipio": "CALI", "cod_comuna": 19.0, "comuna": "Comuna 19", "cod_barrio": 1913.0, "nom_barrio": "El Cedro", "direccion": "76001 CARRERA 24A 6 90, EL CEDRO, COMUNA 19, CALI, VALLE DEL CAUCA", "sitio": "PARQUEADERO", "x": -76.537910461430002, "y": 3.4360129833199999, "anio": 2023, "mes": "julio", "dia": 7, "dia_semana": 6, "hora_hecho": "01:30", "barrio": "EL CEDRO", "estrato": 4, "geom": "0101000020E6100000000000206D2253C000000060F47C0B40", "fecha_hech": "2023-07-07 00:00:00" }, "geometry": { "type": "Point", "coordinates": [ -76.537910461430002, 3.43601298332 ] } },
{ "type": "Feature", "properties": { "dinamica": "HURTO", "titulo": "DELITOS CONTRA EL PATRIMONIO ECONOMICO", "capitulo": "DEL HURTO", "articulo": "HURTO CALIFICADO. ART. 240 C.P.", "grado_deli": "NINGUNO", "tipo_notic": "DENUNCIA", "caracteriz": "HURTO A PERSONAS", "modalidad": "ATRACO", "modo": "ARMA DE FUEGO", "motivo": null, "pais": "COLOMBIA", "dane_dep": 76, "departamen": "VALLE DEL CAUCA", "dane_mpio": 76001, "municipio": "CALI", "cod_comuna": 19.0, "comuna": "Comuna 19", "cod_barrio": 1905.0, "nom_barrio": "Eucaristico", "direccion": "76001 CALLE 6 CON CARRERA 35, BARRIO EUCARÍSTICO, COMUNA 19, CALI, VALLE DEL CAUCA", "sitio": "VIA PUBLICA", "x": -76.539390563959998, "y": 3.4273300170900001, "anio": 2023, "mes": "julio", "dia": 7, "dia_semana": 6, "hora_hecho": "10:00", "barrio": "BARRIO EUCARÍSTICO", "estrato": 4, "geom": "0101000020E610000000000060852253C0000000002C6B0B40", "fecha_hech": "2023-07-07 00:00:00" }, "geometry": { "type": "Point", "coordinates": [ -76.539390563959998, 3.42733001709 ] } },
{ "type": "Feature", "properties": { "dinamica": "HURTO", "titulo": "DELITOS CONTRA EL PATRIMONIO ECONOMICO", "capitulo": "DEL HURTO", "articulo": "HURTO. ART. 239 C.P.", "grado_deli": "AGRAVADO", "tipo_notic": "DENUNCIA", "caracteriz": "HURTO A ESTABLECIMIENTOS", "modalidad": "MECHERO/HORMIGUEO", "modo": null, "motivo": null, "pais": "COLOMBIA", "dane_dep": 76, "departamen": "VALLE DEL CAUCA", "dane_mpio": 76001, "municipio": "CALI", "cod_comuna": 19.0, "comuna": "Comuna 19", "cod_barrio": 1913.0, "nom_barrio": "El Cedro", "direccion": "76001 CALLE 6 CON CARRERA 25, 3 DE JULIO, COMUNA 19, CALI, VALLE DEL CAUCA", "sitio": "LOCAL COMERCIAL", "x": -76.538749694819998, "y": 3.43522000313, "anio": 2023, "mes": "julio", "dia": 7, "dia_semana": 6, "hora_hecho": "11:00", "barrio": "EL CEDRO", "estrato": 4, "geom": "0101000020E6100000000000E07A2253C0000000A0547B0B40", "fecha_hech": "2023-07-07 00:00:00" }, "geometry": { "type": "Point", "coordinates": [ -76.538749694819998, 3.43522000313 ] } },
{ "type": "Feature", "properties": { "dinamica": "HURTO", "titulo": "DELITOS CONTRA EL PATRIMONIO ECONOMICO", "capitulo": "DEL HURTO", "articulo": "HURTO CALIFICADO. ART. 240 C.P.", "grado_deli": "NINGUNO", "tipo_notic": "DENUNCIA", "caracteriz": "HURTO A PERSONAS", "modalidad": "ATRACO", "modo": "ARMA DE FUEGO", "motivo": null, "pais": "COLOMBIA", "dane_dep": 76, "departamen": "VALLE DEL CAUCA", "dane_mpio": 76001, "municipio": "CALI", "cod_comuna": 19.0, "comuna": "Comuna 19", "cod_barrio": 1913.0, "nom_barrio": "El Cedro", "direccion": "76001 Avenida Roosevelt 25 67, El Cedro, Comuna 19, Cali, Valle del Cauca, COL,EL CEDRO", "sitio": "SIN INFORMACION", "x": -76.538711547849999, "y": 3.43467903137, "anio": 2023, "mes": "julio", "dia": 7, "dia_semana": 6, "hora_hecho": "21:53", "barrio": "EL CEDRO", "estrato": 4, "geom": "0101000020E6100000000000407A2253C000000000397A0B40", "fecha_hech": "2023-07-07 00:00:00" }, "geometry": { "type": "Point", "coordinates": [ -76.538711547849999, 3.43467903137 ] } },
{ "type": "Feature", "properties": { "dinamica": "HURTO", "titulo": "DELITOS CONTRA EL PATRIMONIO ECONOMICO", "capitulo": "DEL HURTO", "articulo": "HURTO CALIFICADO. ART. 240 C.P.", "grado_deli": "NINGUNO", "tipo_notic": "DENUNCIA", "caracteriz": "HURTO DE BICICLETAS", "modalidad": "ATRACO", "modo": "ARMA BLANCA", "motivo": null, "pais": "COLOMBIA", "dane_dep": 76, "departamen": "VALLE DEL CAUCA", "dane_mpio": 76001, "municipio": "CALI", "cod_comuna": 19.0, "comuna": "Comuna 19", "cod_barrio": 1912.0, "nom_barrio": "3 de Julio", "direccion": "76001 Calle 6 30 54, 3 de Julio, Comuna 19, Cali, Valle del Cauca, COL,3 DE JULIO", "sitio": "SIN INFORMACION", "x": -76.539100646969999, "y": 3.42985010147, "anio": 2023, "mes": "julio", "dia": 8, "dia_semana": 7, "hora_hecho": "16:15", "barrio": "3 DE JULIO", "estrato": 4, "geom": "0101000020E6100000000000A0802253C00000004055700B40", "fecha_hech": "2023-07-08 00:00:00" }, "geometry": { "type": "Point", "coordinates": [ -76.539100646969999, 3.42985010147 ] } },
{ "type": "Feature", "properties": { "dinamica": "HURTO", "titulo": "DELITOS CONTRA EL PATRIMONIO ECONOMICO", "capitulo": "DEL HURTO", "articulo": "HURTO CALIFICADO. ART. 240 C.P.", "grado_deli": "NINGUNO", "tipo_notic": "DENUNCIA", "caracteriz": "HURTO A PERSONAS", "modalidad": "ROMPIMIENTO DE VIDRIO", "modo": null, "motivo": null, "pais": "COLOMBIA", "dane_dep": 76, "departamen": "VALLE DEL CAUCA", "dane_mpio": 76001, "municipio": "CALI", "cod_comuna": 19.0, "comuna": "Comuna 19", "cod_barrio": 1913.0, "nom_barrio": "El Cedro", "direccion": "76001 CALLE 6 26 19, EL CEDRO, COMUNA 19, CALI, VALLE DEL CAUCA", "sitio": "VIA PUBLICA", "x": -76.538734436040002, "y": 3.43421006203, "anio": 2023, "mes": "julio", "dia": 13, "dia_semana": 5, "hora_hecho": "23:00", "barrio": "EL CEDRO", "estrato": 4, "geom": "0101000020E6100000000000A07A2253C00000002043790B40", "fecha_hech": "2023-07-13 00:00:00" }, "geometry": { "type": "Point", "coordinates": [ -76.538734436040002, 3.43421006203 ] } },
{ "type": "Feature", "properties": { "dinamica": "HURTO", "titulo": "DELITOS CONTRA EL PATRIMONIO ECONOMICO", "capitulo": "DEL HURTO", "articulo": "HURTO CALIFICADO. ART. 240 C.P.", "grado_deli": "NINGUNO", "tipo_notic": "DENUNCIA", "caracteriz": "HURTO A PERSONAS", "modalidad": "ROMPIMIENTO DE VIDRIO", "modo": null, "motivo": null, "pais": "COLOMBIA", "dane_dep": 76, "departamen": "VALLE DEL CAUCA", "dane_mpio": 76001, "municipio": "CALI", "cod_comuna": 19.0, "comuna": "Comuna 19", "cod_barrio": 1912.0, "nom_barrio": "3 de Julio", "direccion": "76001 Avenida Roosevelt con Carrera 28, 3 de Julio, Comuna 19, Cali, Valle del Cauca, COL,3 DE JULIO", "sitio": "SIN INFORMACION", "x": -76.538917541499998, "y": 3.4325399398799998, "anio": 2023, "mes": "julio", "dia": 14, "dia_semana": 6, "hora_hecho": "00:00", "barrio": "3 DE JULIO", "estrato": 4, "geom": "0101000020E6100000000000A07D2253C000000080D7750B40", "fecha_hech": "2023-07-14 00:00:00" }, "geometry": { "type": "Point", "coordinates": [ -76.538917541499998, 3.43253993988 ] } },
{ "type": "Feature", "properties": { "dinamica": "HURTO", "titulo": "DELITOS CONTRA EL PATRIMONIO ECONOMICO", "capitulo": "DEL HURTO", "articulo": "HURTO CALIFICADO. ART. 240 C.P.", "grado_deli": "NINGUNO", "tipo_notic": "DENUNCIA", "caracteriz": "HURTO DE AUTOPARTES", "modalidad": "RAPONAZO", "modo": null, "motivo": null, "pais": "COLOMBIA", "dane_dep": 76, "departamen": "VALLE DEL CAUCA", "dane_mpio": 76001, "municipio": "CALI", "cod_comuna": 19.0, "comuna": "Comuna 19", "cod_barrio": 1905.0, "nom_barrio": "Eucaristico", "direccion": "76001 KR 36 CON CL 6 SUR KR 36 CL 6 SUR", "sitio": "SIN INFORMACION", "x": -76.53970336914, "y": 3.4265611171699999, "anio": 2023, "mes": "julio", "dia": 14, "dia_semana": 6, "hora_hecho": "08:00", "barrio": null, "estrato": 4, "geom": "0101000020E6100000000000808A2253C0000000E098690B40", "fecha_hech": "2023-07-14 00:00:00" }, "geometry": { "type": "Point", "coordinates": [ -76.53970336914, 3.42656111717 ] } },
{ "type": "Feature", "properties": { "dinamica": "HURTO", "titulo": "DELITOS CONTRA EL PATRIMONIO ECONOMICO", "capitulo": "DEL HURTO", "articulo": "HURTO CALIFICADO. ART. 240 C.P.", "grado_deli": "NINGUNO", "tipo_notic": "DENUNCIA", "caracteriz": "HURTO A PERSONAS", "modalidad": "VIOLACION DE CERRADURA", "modo": null, "motivo": null, "pais": "COLOMBIA", "dane_dep": 76, "departamen": "VALLE DEL CAUCA", "dane_mpio": 76001, "municipio": "CALI", "cod_comuna": 19.0, "comuna": "Comuna 19", "cod_barrio": 1906.0, "nom_barrio": "San Fernando Nuevo", "direccion": "76001 CALLE 6 34 130, SAN FERNANDO NUEVO, COMUNA 19, CALI, VALLE DEL CAUCA", "sitio": "VIA PUBLICA", "x": -76.539588928219999, "y": 3.4273719787600001, "anio": 2023, "mes": "julio", "dia": 15, "dia_semana": 7, "hora_hecho": "05:00", "barrio": "SAN FERNANDO NUEVO", "estrato": 4, "geom": "0101000020E6100000000000A0882253C000000000426B0B40", "fecha_hech": "2023-07-15 00:00:00" }, "geometry": { "type": "Point", "coordinates": [ -76.539588928219999, 3.42737197876 ] } },
{ "type": "Feature", "properties": { "dinamica": "HURTO", "titulo": "DELITOS CONTRA EL PATRIMONIO ECONOMICO", "capitulo": "DEL HURTO", "articulo": "HURTO CALIFICADO. ART. 240 C.P.", "grado_deli": "NINGUNO", "tipo_notic": "DENUNCIA", "caracteriz": "HURTO A CELULARES", "modalidad": "ATRACO", "modo": "ARMA DE FUEGO", "motivo": "SIN DETERMINAR", "pais": "COLOMBIA", "dane_dep": 76, "departamen": "VALLE DEL CAUCA", "dane_mpio": 76001, "municipio": "CALI", "cod_comuna": 19.0, "comuna": "Comuna 19", "cod_barrio": 1905.0, "nom_barrio": "Eucaristico", "direccion": "76001 CARRERA 34 CON CALLE 7, BARRIO EUCARÍSTICO, COMUNA 19, CALI, VALLE DEL CAUCA", "sitio": "VIA PUBLICA", "x": -76.53858947754, "y": 3.4274599552199998, "anio": 2023, "mes": "julio", "dia": 17, "dia_semana": 2, "hora_hecho": "11:30", "barrio": "BARRIO EUCARÍSTICO", "estrato": 4, "geom": "0101000020E610000000000040782253C000000020706B0B40", "fecha_hech": "2023-07-17 00:00:00" }, "geometry": { "type": "Point", "coordinates": [ -76.53858947754, 3.42745995522 ] } },
{ "type": "Feature", "properties": { "dinamica": "HURTO", "titulo": "DELITOS CONTRA EL PATRIMONIO ECONOMICO", "capitulo": "DEL HURTO", "articulo": "HURTO CALIFICADO. ART. 240 C.P.", "grado_deli": "NINGUNO", "tipo_notic": "DENUNCIA", "caracteriz": "HURTO DE MOTOCICLETAS", "modalidad": "HALADO", "modo": null, "motivo": null, "pais": "COLOMBIA", "dane_dep": 76, "departamen": "VALLE DEL CAUCA", "dane_mpio": 76001, "municipio": "CALI", "cod_comuna": 19.0, "comuna": "Comuna 19", "cod_barrio": 1906.0, "nom_barrio": "San Fernando Nuevo", "direccion": "76001 CALLE 5B4 36B 37, SAN FERNANDO NUEVO, COMUNA 19, CALI, VALLE DEL CAUCA", "sitio": "VIA PUBLICA", "x": -76.541297912600001, "y": 3.4267868995700002, "anio": 2023, "mes": "julio", "dia": 17, "dia_semana": 2, "hora_hecho": "12:40", "barrio": "SAN FERNANDO NUEVO", "estrato": 4, "geom": "0101000020E6100000000000A0A42253C0000000400F6A0B40", "fecha_hech": "2023-07-17 00:00:00" }, "geometry": { "type": "Point", "coordinates": [ -76.541297912600001, 3.42678689957 ] } },
{ "type": "Feature", "properties": { "dinamica": "HURTO", "titulo": "DELITOS CONTRA EL PATRIMONIO ECONOMICO", "capitulo": "DEL HURTO", "articulo": "HURTO CALIFICADO. ART. 240 C.P.", "grado_deli": "NINGUNO", "tipo_notic": "DENUNCIA", "caracteriz": "HURTO A PERSONAS", "modalidad": "ATRACO", "modo": "ARMA DE FUEGO", "motivo": null, "pais": "COLOMBIA", "dane_dep": 76, "departamen": "VALLE DEL CAUCA", "dane_mpio": 76001, "municipio": "CALI", "cod_comuna": 19.0, "comuna": "Comuna 19", "cod_barrio": 1905.0, "nom_barrio": "Eucaristico", "direccion": "76001 CARRERA 36 7 99", "sitio": "VIA PUBLICA", "x": -76.538513183589998, "y": 3.4257850647, "anio": 2023, "mes": "julio", "dia": 18, "dia_semana": 3, "hora_hecho": "03:30", "barrio": "BARRIO EUCARÍSTICO", "estrato": 4, "geom": "0101000020E610000000000000772253C00000000002680B40", "fecha_hech": "2023-07-18 00:00:00" }, "geometry": { "type": "Point", "coordinates": [ -76.538513183589998, 3.4257850647 ] } },
{ "type": "Feature", "properties": { "dinamica": "HURTO", "titulo": "DELITOS CONTRA EL PATRIMONIO ECONOMICO", "capitulo": "DEL HURTO", "articulo": "HURTO CALIFICADO. ART. 240 C.P.", "grado_deli": "AGRAVADO", "tipo_notic": "DENUNCIA", "caracteriz": "HURTO A ESTABLECIMIENTOS", "modalidad": "VIOLACION DE CERRADURA", "modo": null, "motivo": null, "pais": "COLOMBIA", "dane_dep": 76, "departamen": "VALLE DEL CAUCA", "dane_mpio": 76001, "municipio": "CALI", "cod_comuna": 19.0, "comuna": "Comuna 19", "cod_barrio": 1914.0, "nom_barrio": "Champagnat", "direccion": "76001 CALLE 9 CON CARRERA 32A, U DEP PANAMERICANA ANT HIPÓDROMO, COMUNA 19, CALI, VALLE DEL CAUCA", "sitio": "VIA PUBLICA", "x": -76.537063598629999, "y": 3.4272201061200001, "anio": 2023, "mes": "julio", "dia": 20, "dia_semana": 5, "hora_hecho": "23:00", "barrio": "U DEP PANAMERICANA ANT HIPÓDROMO", "estrato": 4, "geom": "0101000020E6100000000000405F2253C000000060F26A0B40", "fecha_hech": "2023-07-20 00:00:00" }, "geometry": { "type": "Point", "coordinates": [ -76.537063598629999, 3.42722010612 ] } },
{ "type": "Feature", "properties": { "dinamica": "HURTO", "titulo": "DELITOS CONTRA EL PATRIMONIO ECONOMICO", "capitulo": "DEL HURTO", "articulo": "HURTO CALIFICADO. ART. 240 C.P.", "grado_deli": "NINGUNO", "tipo_notic": "DENUNCIA", "caracteriz": "HURTO A PERSONAS", "modalidad": "COSQUILLEO", "modo": null, "motivo": null, "pais": "COLOMBIA", "dane_dep": 76, "departamen": "VALLE DEL CAUCA", "dane_mpio": 76001, "municipio": "CALI", "cod_comuna": 19.0, "comuna": "Comuna 19", "cod_barrio": 1913.0, "nom_barrio": "El Cedro", "direccion": "76001 Avenida Roosevelt 24, El Cedro, Comuna 19, Cali, Valle del Cauca, COL,EL CEDRO", "sitio": "SIN INFORMACION", "x": -76.53865814209, "y": 3.4366400241899999, "anio": 2023, "mes": "julio", "dia": 21, "dia_semana": 6, "hora_hecho": "18:45", "barrio": "EL CEDRO", "estrato": 4, "geom": "0101000020E610000000000060792253C0000000203D7E0B40", "fecha_hech": "2023-07-21 00:00:00" }, "geometry": { "type": "Point", "coordinates": [ -76.53865814209, 3.43664002419 ] } },
{ "type": "Feature", "properties": { "dinamica": "HURTO", "titulo": "DELITOS CONTRA EL PATRIMONIO ECONOMICO", "capitulo": "DEL HURTO", "articulo": "HURTO CALIFICADO. ART. 240 C.P.", "grado_deli": "NINGUNO", "tipo_notic": "DENUNCIA", "caracteriz": "HURTO DE MOTOCICLETAS", "modalidad": "HALADO", "modo": null, "motivo": null, "pais": "COLOMBIA", "dane_dep": 76, "departamen": "VALLE DEL CAUCA", "dane_mpio": 76001, "municipio": "CALI", "cod_comuna": 19.0, "comuna": "Comuna 19", "cod_barrio": 1912.0, "nom_barrio": "3 de Julio", "direccion": "76001 Calle 6 29 72, 3 de Julio, Comuna 19, Cali, Valle del Cauca, COL,3 DE JULIO", "sitio": "SIN INFORMACION", "x": -76.539039611820002, "y": 3.4310998916600002, "anio": 2023, "mes": "julio", "dia": 22, "dia_semana": 7, "hora_hecho": "10:00", "barrio": "3 DE JULIO", "estrato": 4, "geom": "0101000020E6100000000000A07F2253C000000080E4720B40", "fecha_hech": "2023-07-22 00:00:00" }, "geometry": { "type": "Point", "coordinates": [ -76.539039611820002, 3.43109989166 ] } },
{ "type": "Feature", "properties": { "dinamica": "HURTO", "titulo": "DELITOS CONTRA EL PATRIMONIO ECONOMICO", "capitulo": "DEL HURTO", "articulo": "HURTO. ART. 239 C.P.", "grado_deli": "AGRAVADO", "tipo_notic": "DENUNCIA", "caracteriz": "HURTO A ESTABLECIMIENTOS", "modalidad": "ENGAÑO", "modo": null, "motivo": null, "pais": "COLOMBIA", "dane_dep": 76, "departamen": "VALLE DEL CAUCA", "dane_mpio": 76001, "municipio": "CALI", "cod_comuna": 19.0, "comuna": "Comuna 19", "cod_barrio": 1913.0, "nom_barrio": "El Cedro", "direccion": "76001 CARRERA 28 6 121, EL CEDRO, COMUNA 19, CALI, VALLE DEL CAUCA", "sitio": "VIA PUBLICA", "x": -76.538078308110002, "y": 3.4325549602500001, "anio": 2023, "mes": "julio", "dia": 22, "dia_semana": 7, "hora_hecho": "10:15", "barrio": "EL CEDRO", "estrato": 4, "geom": "0101000020E6100000000000E06F2253C000000060DF750B40", "fecha_hech": "2023-07-22 00:00:00" }, "geometry": { "type": "Point", "coordinates": [ -76.538078308110002, 3.43255496025 ] } },
{ "type": "Feature", "properties": { "dinamica": "HURTO", "titulo": "DELITOS CONTRA EL PATRIMONIO ECONOMICO", "capitulo": "DEL HURTO", "articulo": "HURTO. ART. 239 C.P.", "grado_deli": "NINGUNO", "tipo_notic": "DENUNCIA", "caracteriz": "HURTO A CELULARES", "modalidad": "RAPONAZO", "modo": null, "motivo": "SIN DETERMINAR", "pais": "COLOMBIA", "dane_dep": 76, "departamen": "VALLE DEL CAUCA", "dane_mpio": 76001, "municipio": "CALI", "cod_comuna": 19.0, "comuna": "Comuna 19", "cod_barrio": 1912.0, "nom_barrio": "3 de Julio", "direccion": "76001 CALLE 6 27 50, 3 DE JULIO, COMUNA 19, CALI, VALLE DEL CAUCA", "sitio": "VIA PUBLICA", "x": -76.538940429690001, "y": 3.4329209327700001, "anio": 2023, "mes": "julio", "dia": 24, "dia_semana": 2, "hora_hecho": "02:30", "barrio": "3 DE JULIO", "estrato": 4, "geom": "0101000020E6100000000000007E2253C0000000409F760B40", "fecha_hech": "2023-07-24 00:00:00" }, "geometry": { "type": "Point", "coordinates": [ -76.538940429690001, 3.43292093277 ] } },
{ "type": "Feature", "properties": { "dinamica": "HURTO", "titulo": "DELITOS CONTRA EL PATRIMONIO ECONOMICO", "capitulo": "DEL HURTO", "articulo": "HURTO. ART. 239 C.P.", "grado_deli": "NINGUNO", "tipo_notic": "DENUNCIA", "caracteriz": "HURTO A PERSONAS", "modalidad": "ENGAÑO", "modo": null, "motivo": null, "pais": "COLOMBIA", "dane_dep": 76, "departamen": "VALLE DEL CAUCA", "dane_mpio": 76001, "municipio": "CALI", "cod_comuna": 19.0, "comuna": "Comuna 19", "cod_barrio": 1905.0, "nom_barrio": "Eucaristico", "direccion": "76001 CALLE 8 34 85, BARRIO EUCARÍSTICO, COMUNA 19, CALI, VALLE DEL CAUCA", "sitio": "VIA PUBLICA", "x": -76.53825378418, "y": 3.426197052, "anio": 2023, "mes": "julio", "dia": 25, "dia_semana": 3, "hora_hecho": "12:30", "barrio": "BARRIO EUCARÍSTICO", "estrato": 4, "geom": "0101000020E6100000000000C0722253C000000000DA680B40", "fecha_hech": "2023-07-25 00:00:00" }, "geometry": { "type": "Point", "coordinates": [ -76.53825378418, 3.426197052 ] } },
{ "type": "Feature", "properties": { "dinamica": "HURTO", "titulo": "DELITOS CONTRA EL PATRIMONIO ECONOMICO", "capitulo": "DEL HURTO", "articulo": "HURTO. ART. 239 C.P.", "grado_deli": "NINGUNO", "tipo_notic": "DENUNCIA", "caracteriz": "HURTO A ESTABLECIMIENTOS", "modalidad": "FACTOR DE OPORTUNIDAD", "modo": null, "motivo": null, "pais": "COLOMBIA", "dane_dep": 76, "departamen": "VALLE DEL CAUCA", "dane_mpio": 76001, "municipio": "CALI", "cod_comuna": 19.0, "comuna": "Comuna 19", "cod_barrio": 1913.0, "nom_barrio": "El Cedro", "direccion": "76001 CALLE 9 CON CARRERA 32, EL CEDRO, COMUNA 19, CALI, VALLE DEL CAUCA", "sitio": "VIA PUBLICA", "x": -76.53687286377, "y": 3.4278800487500001, "anio": 2023, "mes": "julio", "dia": 27, "dia_semana": 5, "hora_hecho": "12:30", "barrio": "CHAMPAGNAT", "estrato": 4, "geom": "0101000020E6100000000000205C2253C0000000604C6C0B40", "fecha_hech": "2023-07-27 00:00:00" }, "geometry": { "type": "Point", "coordinates": [ -76.53687286377, 3.42788004875 ] } },
{ "type": "Feature", "properties": { "dinamica": "HURTO", "titulo": "DELITOS CONTRA EL PATRIMONIO ECONOMICO", "capitulo": "DEL HURTO", "articulo": "HURTO CALIFICADO. ART. 240 C.P.", "grado_deli": "NINGUNO", "tipo_notic": "DENUNCIA", "caracteriz": "HURTO A PERSONAS", "modalidad": "ATRACO", "modo": "ARMA DE FUEGO", "motivo": null, "pais": "COLOMBIA", "dane_dep": 76, "departamen": "VALLE DEL CAUCA", "dane_mpio": 76001, "municipio": "CALI", "cod_comuna": 19.0, "comuna": "Comuna 19", "cod_barrio": 1912.0, "nom_barrio": "3 de Julio", "direccion": "76001 CALLE 5C CON CARRERA 26, 3 DE JULIO, COMUNA 19, CALI, VALLE DEL CAUCA", "sitio": "VIA PUBLICA", "x": -76.53964996338, "y": 3.4344100952100001, "anio": 2023, "mes": "julio", "dia": 28, "dia_semana": 6, "hora_hecho": "07:00", "barrio": "3 DE JULIO", "estrato": 4, "geom": "0101000020E6100000000000A0892253C000000000AC790B40", "fecha_hech": "2023-07-28 00:00:00" }, "geometry": { "type": "Point", "coordinates": [ -76.53964996338, 3.43441009521 ] } },
{ "type": "Feature", "properties": { "dinamica": "HURTO", "titulo": "DELITOS CONTRA EL PATRIMONIO ECONOMICO", "capitulo": "DEL HURTO", "articulo": "HURTO CALIFICADO. ART. 240 C.P.", "grado_deli": "NINGUNO", "tipo_notic": "DENUNCIA", "caracteriz": "HURTO A CELULARES", "modalidad": "ATRACO", "modo": "ARMA BLANCA", "motivo": "SIN DETERMINAR", "pais": "COLOMBIA", "dane_dep": 76, "departamen": "VALLE DEL CAUCA", "dane_mpio": 76001, "municipio": "CALI", "cod_comuna": 19.0, "comuna": "Comuna 19", "cod_barrio": 1905.0, "nom_barrio": "Eucaristico", "direccion": "76001 Cali Hotel Casa Del Alferez, Cali, El Valle, COL,BARRIO EUCARÍSTICO", "sitio": "SIN INFORMACION", "x": -76.537864685060001, "y": 3.4258620739, "anio": 2023, "mes": "julio", "dia": 28, "dia_semana": 6, "hora_hecho": "13:30", "barrio": "BARRIO EUCARÍSTICO", "estrato": 4, "geom": "0101000020E6100000000000606C2253C0000000602A680B40", "fecha_hech": "2023-07-28 00:00:00" }, "geometry": { "type": "Point", "coordinates": [ -76.537864685060001, 3.4258620739 ] } },
{ "type": "Feature", "properties": { "dinamica": "HURTO", "titulo": "DELITOS CONTRA EL PATRIMONIO ECONOMICO", "capitulo": "DEL HURTO", "articulo": "HURTO CALIFICADO. ART. 240 C.P.", "grado_deli": "NINGUNO", "tipo_notic": "DENUNCIA", "caracteriz": "HURTO A CELULARES", "modalidad": "ATRACO", "modo": "ARMA DE FUEGO", "motivo": "SIN DETERMINAR", "pais": "COLOMBIA", "dane_dep": 76, "departamen": "VALLE DEL CAUCA", "dane_mpio": 76001, "municipio": "CALI", "cod_comuna": 19.0, "comuna": "Comuna 19", "cod_barrio": 1913.0, "nom_barrio": "El Cedro", "direccion": "76001 CARRERA 34, BARRIO EUCARÍSTICO, COMUNA 19, CALI, VALLE DEL CAUCA", "sitio": "VIA PUBLICA", "x": -76.53769683838, "y": 3.4265348911300002, "anio": 2023, "mes": "julio", "dia": 31, "dia_semana": 2, "hora_hecho": "23:30", "barrio": "EL CEDRO", "estrato": 4, "geom": "0101000020E6100000000000A0692253C0000000208B690B40", "fecha_hech": "2023-07-31 00:00:00" }, "geometry": { "type": "Point", "coordinates": [ -76.53769683838, 3.42653489113 ] } },
{ "type": "Feature", "properties": { "dinamica": "HURTO", "titulo": "DELITOS CONTRA EL PATRIMONIO ECONOMICO", "capitulo": "DEL HURTO", "articulo": "HURTO. ART. 239 C.P.", "grado_deli": "NINGUNO", "tipo_notic": "DENUNCIA", "caracteriz": "HURTO A PERSONAS", "modalidad": "COSQUILLEO", "modo": null, "motivo": null, "pais": "COLOMBIA", "dane_dep": 76, "departamen": "VALLE DEL CAUCA", "dane_mpio": 76001, "municipio": "CALI", "cod_comuna": 19.0, "comuna": "Comuna 19", "cod_barrio": 1913.0, "nom_barrio": "El Cedro", "direccion": "76001 CALLE 7 25 62", "sitio": "ESTABLECIMIENTO PUBLICO", "x": -76.537452697749998, "y": 3.4346470832799998, "anio": 2023, "mes": "agosto", "dia": 4, "dia_semana": 6, "hora_hecho": "06:29", "barrio": "EL CEDRO", "estrato": 4, "geom": "0101000020E6100000000000A0652253C000000040287A0B40", "fecha_hech": "2023-08-04 00:00:00" }, "geometry": { "type": "Point", "coordinates": [ -76.537452697749998, 3.43464708328 ] } },
{ "type": "Feature", "properties": { "dinamica": "HURTO", "titulo": "DELITOS CONTRA EL PATRIMONIO ECONOMICO", "capitulo": "DEL HURTO", "articulo": "HURTO CALIFICADO. ART. 240 C.P.", "grado_deli": "AGRAVADO", "tipo_notic": "DENUNCIA", "caracteriz": "HURTO A PERSONAS", "modalidad": "ATRACO", "modo": "ARMA DE FUEGO", "motivo": null, "pais": "COLOMBIA", "dane_dep": 76, "departamen": "VALLE DEL CAUCA", "dane_mpio": 76001, "municipio": "CALI", "cod_comuna": 19.0, "comuna": "Comuna 19", "cod_barrio": 1912.0, "nom_barrio": "3 de Julio", "direccion": "76001 CARRERA 25, 3 DE JULIO, COMUNA 19, CALI, VALLE DEL CAUCA", "sitio": "VIA PUBLICA", "x": -76.539222717290002, "y": 3.43525004387, "anio": 2023, "mes": "agosto", "dia": 4, "dia_semana": 6, "hora_hecho": "06:30", "barrio": "3 DE JULIO", "estrato": 4, "geom": "0101000020E6100000000000A0822253C000000060647B0B40", "fecha_hech": "2023-08-04 00:00:00" }, "geometry": { "type": "Point", "coordinates": [ -76.539222717290002, 3.43525004387 ] } },
{ "type": "Feature", "properties": { "dinamica": "HURTO", "titulo": "DELITOS CONTRA EL PATRIMONIO ECONOMICO", "capitulo": "DEL HURTO", "articulo": "HURTO CALIFICADO. ART. 240 C.P.", "grado_deli": "NINGUNO", "tipo_notic": "DENUNCIA", "caracteriz": "HURTO A PERSONAS", "modalidad": "VIOLACION DE CERRADURA", "modo": null, "motivo": null, "pais": "COLOMBIA", "dane_dep": 76, "departamen": "VALLE DEL CAUCA", "dane_mpio": 76001, "municipio": "CALI", "cod_comuna": 19.0, "comuna": "Comuna 19", "cod_barrio": 1905.0, "nom_barrio": "Eucaristico", "direccion": "76001 Carrera 34 7 60, Barrio Eucarístico, Comuna 19, Cali, Valle del Cauca, COL,BARRIO EUCARÍSTICO", "sitio": "SIN INFORMACION", "x": -76.538375854489999, "y": 3.4273369312300002, "anio": 2023, "mes": "agosto", "dia": 4, "dia_semana": 6, "hora_hecho": "18:59", "barrio": "BARRIO EUCARÍSTICO", "estrato": 4, "geom": "0101000020E6100000000000C0742253C0000000A02F6B0B40", "fecha_hech": "2023-08-04 00:00:00" }, "geometry": { "type": "Point", "coordinates": [ -76.538375854489999, 3.42733693123 ] } },
{ "type": "Feature", "properties": { "dinamica": "HURTO", "titulo": "DELITOS CONTRA EL PATRIMONIO ECONOMICO", "capitulo": "DEL HURTO", "articulo": "HURTO CALIFICADO. ART. 240 C.P.", "grado_deli": "NINGUNO", "tipo_notic": "DENUNCIA", "caracteriz": "HURTO DE AUTOPARTES", "modalidad": "FACTOR DE OPORTUNIDAD", "modo": null, "motivo": null, "pais": "COLOMBIA", "dane_dep": 76, "departamen": "VALLE DEL CAUCA", "dane_mpio": 76001, "municipio": "CALI", "cod_comuna": 19.0, "comuna": "Comuna 19", "cod_barrio": 1913.0, "nom_barrio": "El Cedro", "direccion": "76001 CALLE 7 CON CARRERA 25, EL CEDRO, COMUNA 19, CALI, VALLE DEL CAUCA", "sitio": "VIA PUBLICA", "x": -76.537406921390001, "y": 3.4351599216499999, "anio": 2023, "mes": "agosto", "dia": 5, "dia_semana": 7, "hora_hecho": "04:00", "barrio": "EL CEDRO", "estrato": 4, "geom": "0101000020E6100000000000E0642253C000000020357B0B40", "fecha_hech": "2023-08-05 00:00:00" }, "geometry": { "type": "Point", "coordinates": [ -76.537406921390001, 3.43515992165 ] } },
{ "type": "Feature", "properties": { "dinamica": "HURTO", "titulo": "DELITOS CONTRA EL PATRIMONIO ECONOMICO", "capitulo": "DEL HURTO", "articulo": "HURTO CALIFICADO. ART. 240 C.P.", "grado_deli": "NINGUNO", "tipo_notic": "DENUNCIA", "caracteriz": "HURTO A PERSONAS", "modalidad": "ATRACO", "modo": "ARMA DE FUEGO", "motivo": null, "pais": "COLOMBIA", "dane_dep": 76, "departamen": "VALLE DEL CAUCA", "dane_mpio": 76001, "municipio": "CALI", "cod_comuna": 19.0, "comuna": "Comuna 19", "cod_barrio": 1905.0, "nom_barrio": "Eucaristico", "direccion": "76001 Carrera 36 8 47-99, Barrio Eucarístico, Comuna 19, Cali, Valle del Cauca, COL,BARRIO EUCARÍSTICO", "sitio": "SIN INFORMACION", "x": -76.538047790530001, "y": 3.4257400035900001, "anio": 2023, "mes": "agosto", "dia": 6, "dia_semana": 1, "hora_hecho": "10:30", "barrio": "BARRIO EUCARÍSTICO", "estrato": 4, "geom": "0101000020E6100000000000606F2253C000000060EA670B40", "fecha_hech": "2023-08-06 00:00:00" }, "geometry": { "type": "Point", "coordinates": [ -76.538047790530001, 3.42574000359 ] } },
{ "type": "Feature", "properties": { "dinamica": "HURTO", "titulo": "DELITOS CONTRA EL PATRIMONIO ECONOMICO", "capitulo": "DEL HURTO", "articulo": "HURTO. ART. 239 C.P.", "grado_deli": "AGRAVADO", "tipo_notic": "DENUNCIA", "caracteriz": "HURTO A RESIDENCIA", "modalidad": "ATRACO", "modo": "SUSTANCIA TÓXICA", "motivo": null, "pais": "COLOMBIA", "dane_dep": 76, "departamen": "VALLE DEL CAUCA", "dane_mpio": 76001, "municipio": "CALI", "cod_comuna": 19.0, "comuna": "Comuna 19", "cod_barrio": 1913.0, "nom_barrio": "El Cedro", "direccion": "76001 KR 25 OCCIDENTE CL 6-25 SUR CARRERA 25 NO 6 25", "sitio": "DOMICILIO", "x": -76.538429260249998, "y": 3.43543696404, "anio": 2023, "mes": "agosto", "dia": 9, "dia_semana": 4, "hora_hecho": "01:00", "barrio": null, "estrato": 4, "geom": "0101000020E6100000000000A0752253C000000060C67B0B40", "fecha_hech": "2023-08-09 00:00:00" }, "geometry": { "type": "Point", "coordinates": [ -76.538429260249998, 3.43543696404 ] } },
{ "type": "Feature", "properties": { "dinamica": "HURTO", "titulo": "DELITOS CONTRA EL PATRIMONIO ECONOMICO", "capitulo": "DEL HURTO", "articulo": "HURTO CALIFICADO. ART. 240 C.P.", "grado_deli": "NINGUNO", "tipo_notic": "DENUNCIA", "caracteriz": "HURTO A ESTABLECIMIENTOS", "modalidad": "VIOLACION DE CERRADURA", "modo": null, "motivo": null, "pais": "COLOMBIA", "dane_dep": 76, "departamen": "VALLE DEL CAUCA", "dane_mpio": 76001, "municipio": "CALI", "cod_comuna": 19.0, "comuna": "Comuna 19", "cod_barrio": 1913.0, "nom_barrio": "El Cedro", "direccion": "76001 CALLE 7 CON CARRERA 30A, EL CEDRO, COMUNA 19, CALI, VALLE DEL CAUCA", "sitio": "ESTABLECIMIENTO DE COMERCIO", "x": -76.538063049320002, "y": 3.42979001999, "anio": 2023, "mes": "agosto", "dia": 14, "dia_semana": 2, "hora_hecho": "04:00", "barrio": "EL CEDRO", "estrato": 4, "geom": "0101000020E6100000000000A06F2253C0000000C035700B40", "fecha_hech": "2023-08-14 00:00:00" }, "geometry": { "type": "Point", "coordinates": [ -76.538063049320002, 3.42979001999 ] } },
{ "type": "Feature", "properties": { "dinamica": "HURTO", "titulo": "DELITOS CONTRA EL PATRIMONIO ECONOMICO", "capitulo": "DEL HURTO", "articulo": "HURTO CALIFICADO. ART. 240 C.P.", "grado_deli": "NINGUNO", "tipo_notic": "DENUNCIA", "caracteriz": "HURTO A ESTABLECIMIENTOS", "modalidad": "VIOLACION DE CERRADURA", "modo": null, "motivo": null, "pais": "COLOMBIA", "dane_dep": 76, "departamen": "VALLE DEL CAUCA", "dane_mpio": 76001, "municipio": "CALI", "cod_comuna": 19.0, "comuna": "Comuna 19", "cod_barrio": 1913.0, "nom_barrio": "El Cedro", "direccion": "76001 AVENIDA ROOSEVELT 30 15, EL CEDRO, COMUNA 19, CALI, VALLE DEL CAUCA", "sitio": "ESTABLECIMIENTO DE COMERCIO", "x": -76.538940429690001, "y": 3.4294679164900002, "anio": 2023, "mes": "agosto", "dia": 17, "dia_semana": 5, "hora_hecho": "00:00", "barrio": "EL CEDRO", "estrato": 4, "geom": "0101000020E6100000000000007E2253C0000000E08C6F0B40", "fecha_hech": "2023-08-17 00:00:00" }, "geometry": { "type": "Point", "coordinates": [ -76.538940429690001, 3.42946791649 ] } },
{ "type": "Feature", "properties": { "dinamica": "HURTO", "titulo": "DELITOS CONTRA EL PATRIMONIO ECONOMICO", "capitulo": "DEL HURTO", "articulo": "HURTO CALIFICADO. ART. 240 C.P.", "grado_deli": "NINGUNO", "tipo_notic": "DENUNCIA", "caracteriz": "HURTO A PERSONAS", "modalidad": "ATRACO", "modo": "ARMA DE FUEGO", "motivo": null, "pais": "COLOMBIA", "dane_dep": 76, "departamen": "VALLE DEL CAUCA", "dane_mpio": 76001, "municipio": "CALI", "cod_comuna": 19.0, "comuna": "Comuna 19", "cod_barrio": 1912.0, "nom_barrio": "3 de Julio", "direccion": "76001 CALLE 5 25 5, 3 DE JULIO, COMUNA 19, CALI, VALLE DEL CAUCA", "sitio": "VIA PUBLICA", "x": -76.540382385249998, "y": 3.4353499412500001, "anio": 2023, "mes": "agosto", "dia": 17, "dia_semana": 5, "hora_hecho": "00:30", "barrio": "3 DE JULIO", "estrato": 4, "geom": "0101000020E6100000000000A0952253C0000000C0987B0B40", "fecha_hech": "2023-08-17 00:00:00" }, "geometry": { "type": "Point", "coordinates": [ -76.540382385249998, 3.43534994125 ] } },
{ "type": "Feature", "properties": { "dinamica": "HURTO", "titulo": "DELITOS CONTRA EL PATRIMONIO ECONOMICO", "capitulo": "DEL HURTO", "articulo": "HURTO CALIFICADO. ART. 240 C.P.", "grado_deli": "AGRAVADO", "tipo_notic": "DENUNCIA", "caracteriz": "HURTO DE MOTOCICLETAS", "modalidad": "HALADO", "modo": null, "motivo": null, "pais": "COLOMBIA", "dane_dep": 76, "departamen": "VALLE DEL CAUCA", "dane_mpio": 76001, "municipio": "CALI", "cod_comuna": 19.0, "comuna": "Comuna 19", "cod_barrio": 1913.0, "nom_barrio": "El Cedro", "direccion": "76001 Calle 6 24 75, El Cedro, Comuna 19, Cali, Valle del Cauca, COL,EL CEDRO", "sitio": "SIN INFORMACION", "x": -76.538513183589998, "y": 3.4370040893599998, "anio": 2023, "mes": "agosto", "dia": 17, "dia_semana": 5, "hora_hecho": "22:00", "barrio": "EL CEDRO", "estrato": 4, "geom": "0101000020E610000000000000772253C000000000FC7E0B40", "fecha_hech": "2023-08-17 00:00:00" }, "geometry": { "type": "Point", "coordinates": [ -76.538513183589998, 3.43700408936 ] } },
{ "type": "Feature", "properties": { "dinamica": "HURTO", "titulo": "DELITOS CONTRA EL PATRIMONIO ECONOMICO", "capitulo": "DEL HURTO", "articulo": "HURTO CALIFICADO. ART. 240 C.P.", "grado_deli": "NINGUNO", "tipo_notic": "DENUNCIA", "caracteriz": "HURTO A CELULARES", "modalidad": "ATRACO", "modo": "ARMA DE FUEGO", "motivo": "SIN DETERMINAR", "pais": "COLOMBIA", "dane_dep": 76, "departamen": "VALLE DEL CAUCA", "dane_mpio": 76001, "municipio": "CALI", "cod_comuna": 19.0, "comuna": "Comuna 19", "cod_barrio": 1905.0, "nom_barrio": "Eucaristico", "direccion": "76001 CALLE 6 CON CARRERA 36A, BARRIO EUCARÍSTICO, COMUNA 19, CALI, VALLE DEL CAUCA", "sitio": "LOCAL COMERCIAL", "x": -76.53997039795, "y": 3.4260001182600002, "anio": 2023, "mes": "agosto", "dia": 18, "dia_semana": 6, "hora_hecho": "20:30", "barrio": "BARRIO EUCARÍSTICO", "estrato": 4, "geom": "0101000020E6100000000000E08E2253C0000000C072680B40", "fecha_hech": "2023-08-18 00:00:00" }, "geometry": { "type": "Point", "coordinates": [ -76.53997039795, 3.42600011826 ] } },
{ "type": "Feature", "properties": { "dinamica": "HURTO", "titulo": "DELITOS CONTRA EL PATRIMONIO ECONOMICO", "capitulo": "DEL HURTO", "articulo": "HURTO CALIFICADO. ART. 240 C.P.", "grado_deli": "NINGUNO", "tipo_notic": "DENUNCIA", "caracteriz": "HURTO DE MOTOCICLETAS", "modalidad": "HALADO", "modo": null, "motivo": null, "pais": "COLOMBIA", "dane_dep": 76, "departamen": "VALLE DEL CAUCA", "dane_mpio": 76001, "municipio": "CALI", "cod_comuna": 19.0, "comuna": "Comuna 19", "cod_barrio": 1905.0, "nom_barrio": "Eucaristico", "direccion": "76001 Carrera 34 7, Barrio Eucarístico, Comuna 19, Cali, Valle del Cauca, COL,BARRIO EUCARÍSTICO", "sitio": "SIN INFORMACION", "x": -76.53833770752, "y": 3.4271299839, "anio": 2023, "mes": "agosto", "dia": 23, "dia_semana": 4, "hora_hecho": "23:00", "barrio": "BARRIO EUCARÍSTICO", "estrato": 4, "geom": "0101000020E610000000000020742253C000000020C36A0B40", "fecha_hech": "2023-08-23 00:00:00" }, "geometry": { "type": "Point", "coordinates": [ -76.53833770752, 3.4271299839 ] } },
{ "type": "Feature", "properties": { "dinamica": "HURTO", "titulo": "DELITOS CONTRA EL PATRIMONIO ECONOMICO", "capitulo": "DEL HURTO", "articulo": "HURTO CALIFICADO. ART. 240 C.P.", "grado_deli": "NINGUNO", "tipo_notic": "DENUNCIA", "caracteriz": "HURTO DE AUTOPARTES", "modalidad": "FACTOR DE OPORTUNIDAD", "modo": null, "motivo": null, "pais": "COLOMBIA", "dane_dep": 76, "departamen": "VALLE DEL CAUCA", "dane_mpio": 76001, "municipio": "CALI", "cod_comuna": 19.0, "comuna": "Comuna 19", "cod_barrio": 1913.0, "nom_barrio": "El Cedro", "direccion": "76001 CL 7 CON CON KR 27 CALLE 7 CON CARRERA 27 32", "sitio": "ESTABLECIMIENTO DE COMERCIO", "x": -76.537475585940001, "y": 3.4333579540299999, "anio": 2023, "mes": "agosto", "dia": 24, "dia_semana": 5, "hora_hecho": "19:00", "barrio": null, "estrato": 4, "geom": "0101000020E610000000000000662253C00000006084770B40", "fecha_hech": "2023-08-24 00:00:00" }, "geometry": { "type": "Point", "coordinates": [ -76.537475585940001, 3.43335795403 ] } },
{ "type": "Feature", "properties": { "dinamica": "HURTO", "titulo": "DELITOS CONTRA EL PATRIMONIO ECONOMICO", "capitulo": "DEL HURTO", "articulo": "HURTO CALIFICADO. ART. 240 C.P.", "grado_deli": "AGRAVADO", "tipo_notic": "DENUNCIA", "caracteriz": "HURTO A CELULARES", "modalidad": "ATRACO", "modo": "ARMA DE FUEGO", "motivo": "SIN DETERMINAR", "pais": "COLOMBIA", "dane_dep": 76, "departamen": "VALLE DEL CAUCA", "dane_mpio": 76001, "municipio": "CALI", "cod_comuna": 19.0, "comuna": "Comuna 19", "cod_barrio": 1913.0, "nom_barrio": "El Cedro", "direccion": "76001 Carrera 24 con Calle 6, Alameda, Comuna 9, Cali, Valle del Cauca, COL,EL CEDRO", "sitio": "SIN INFORMACION", "x": -76.538261413569998, "y": 3.43739008904, "anio": 2023, "mes": "agosto", "dia": 25, "dia_semana": 6, "hora_hecho": "22:00", "barrio": "EL CEDRO", "estrato": 4, "geom": "0101000020E6100000000000E0722253C000000060C67F0B40", "fecha_hech": "2023-08-25 00:00:00" }, "geometry": { "type": "Point", "coordinates": [ -76.538261413569998, 3.43739008904 ] } },
{ "type": "Feature", "properties": { "dinamica": "HURTO", "titulo": "DELITOS CONTRA EL PATRIMONIO ECONOMICO", "capitulo": "DEL HURTO", "articulo": "HURTO CALIFICADO. ART. 240 C.P.", "grado_deli": "NINGUNO", "tipo_notic": "DENUNCIA", "caracteriz": "HURTO DE MOTOCICLETAS", "modalidad": "HALADO", "modo": null, "motivo": null, "pais": "COLOMBIA", "dane_dep": 76, "departamen": "VALLE DEL CAUCA", "dane_mpio": 76001, "municipio": "CALI", "cod_comuna": 19.0, "comuna": "Comuna 19", "cod_barrio": 1905.0, "nom_barrio": "Eucaristico", "direccion": "76001 CALLE 7 36 60, BARRIO EUCARÍSTICO, COMUNA 19, CALI, VALLE DEL CAUCA", "sitio": "VIA PUBLICA", "x": -76.53923034668, "y": 3.4258708953900001, "anio": 2023, "mes": "agosto", "dia": 26, "dia_semana": 7, "hora_hecho": "19:30", "barrio": "BARRIO EUCARÍSTICO", "estrato": 4, "geom": "0101000020E6100000000000C0822253C0000000002F680B40", "fecha_hech": "2023-08-26 00:00:00" }, "geometry": { "type": "Point", "coordinates": [ -76.53923034668, 3.42587089539 ] } },
{ "type": "Feature", "properties": { "dinamica": "HURTO", "titulo": "DELITOS CONTRA EL PATRIMONIO ECONOMICO", "capitulo": "DEL HURTO", "articulo": "HURTO CALIFICADO. ART. 240 C.P.", "grado_deli": "AGRAVADO", "tipo_notic": "DENUNCIA", "caracteriz": "HURTO A PERSONAS", "modalidad": "ATRACO", "modo": "ARMA DE FUEGO", "motivo": null, "pais": "COLOMBIA", "dane_dep": 76, "departamen": "VALLE DEL CAUCA", "dane_mpio": 76001, "municipio": "CALI", "cod_comuna": 19.0, "comuna": "Comuna 19", "cod_barrio": 1906.0, "nom_barrio": "San Fernando Nuevo", "direccion": "76001 El Pascual, Carrera 34 5B3, 3 de Julio, Comuna 19, Cali, Valle del Cauca, COL,SAN FERNANDO NUEVO", "sitio": "SIN INFORMACION", "x": -76.539642333979998, "y": 3.4291260242499999, "anio": 2023, "mes": "agosto", "dia": 31, "dia_semana": 5, "hora_hecho": "04:04", "barrio": "SAN FERNANDO NUEVO", "estrato": 4, "geom": "0101000020E610000000000080892253C0000000A0D96E0B40", "fecha_hech": "2023-08-31 00:00:00" }, "geometry": { "type": "Point", "coordinates": [ -76.539642333979998, 3.42912602425 ] } },
{ "type": "Feature", "properties": { "dinamica": "HURTO", "titulo": "DELITOS CONTRA EL PATRIMONIO ECONOMICO", "capitulo": "DEL HURTO", "articulo": "HURTO CALIFICADO. ART. 240 C.P.", "grado_deli": "NINGUNO", "tipo_notic": "DENUNCIA", "caracteriz": "HURTO A ESTABLECIMIENTOS", "modalidad": "DESCUELGUE DE MERCANCIA", "modo": null, "motivo": null, "pais": "COLOMBIA", "dane_dep": 76, "departamen": "VALLE DEL CAUCA", "dane_mpio": 76001, "municipio": "CALI", "cod_comuna": 19.0, "comuna": "Comuna 19", "cod_barrio": 1905.0, "nom_barrio": "Eucaristico", "direccion": "76001 CARRERA 34 7 53", "sitio": "PARQUEADERO", "x": -76.53833770752, "y": 3.4271640777600001, "anio": 2023, "mes": "agosto", "dia": 31, "dia_semana": 5, "hora_hecho": "10:00", "barrio": "BARRIO EUCARÍSTICO", "estrato": 4, "geom": "0101000020E610000000000020742253C000000000D56A0B40", "fecha_hech": "2023-08-31 00:00:00" }, "geometry": { "type": "Point", "coordinates": [ -76.53833770752, 3.42716407776 ] } },
{ "type": "Feature", "properties": { "dinamica": "HURTO", "titulo": "DELITOS CONTRA EL PATRIMONIO ECONOMICO", "capitulo": "DEL HURTO", "articulo": "HURTO CALIFICADO. ART. 240 C.P.", "grado_deli": "AGRAVADO", "tipo_notic": "DENUNCIA", "caracteriz": "HURTO A PERSONAS", "modalidad": "ATRACO", "modo": "ARMA BLANCA", "motivo": null, "pais": "COLOMBIA", "dane_dep": 76, "departamen": "VALLE DEL CAUCA", "dane_mpio": 76001, "municipio": "CALI", "cod_comuna": 19.0, "comuna": "Comuna 19", "cod_barrio": 1913.0, "nom_barrio": "El Cedro", "direccion": "76001 Avenida Roosevelt 24, El Cedro, Comuna 19, Cali, Valle del Cauca, COL,EL CEDRO", "sitio": "SIN INFORMACION", "x": -76.53865814209, "y": 3.4366400241899999, "anio": 2023, "mes": "septiembre", "dia": 1, "dia_semana": 6, "hora_hecho": "14:30", "barrio": "EL CEDRO", "estrato": 4, "geom": "0101000020E610000000000060792253C0000000203D7E0B40", "fecha_hech": "2023-09-01 00:00:00" }, "geometry": { "type": "Point", "coordinates": [ -76.53865814209, 3.43664002419 ] } },
{ "type": "Feature", "properties": { "dinamica": "HURTO", "titulo": "DELITOS CONTRA EL PATRIMONIO ECONOMICO", "capitulo": "DEL HURTO", "articulo": "HURTO CALIFICADO. ART. 240 C.P.", "grado_deli": "NINGUNO", "tipo_notic": "DENUNCIA", "caracteriz": "HURTO DE AUTOPARTES", "modalidad": "FACTOR DE OPORTUNIDAD", "modo": null, "motivo": null, "pais": "COLOMBIA", "dane_dep": 76, "departamen": "VALLE DEL CAUCA", "dane_mpio": 76001, "municipio": "CALI", "cod_comuna": 19.0, "comuna": "Comuna 19", "cod_barrio": 1906.0, "nom_barrio": "San Fernando Nuevo", "direccion": "76001 Carrera 36 5B3 65, San Fernando Nuevo, Comuna 19, Cali, Valle del Cauca, COL,SAN FERNANDO NUEVO", "sitio": "SIN INFORMACION", "x": -76.540466308589998, "y": 3.42788791656, "anio": 2023, "mes": "septiembre", "dia": 9, "dia_semana": 7, "hora_hecho": "02:15", "barrio": "SAN FERNANDO NUEVO", "estrato": 4, "geom": "0101000020E610000000000000972253C000000080506C0B40", "fecha_hech": "2023-09-09 00:00:00" }, "geometry": { "type": "Point", "coordinates": [ -76.540466308589998, 3.42788791656 ] } },
{ "type": "Feature", "properties": { "dinamica": "HURTO", "titulo": "DELITOS CONTRA EL PATRIMONIO ECONOMICO", "capitulo": "DEL HURTO", "articulo": "HURTO CALIFICADO. ART. 240 C.P.", "grado_deli": "NINGUNO", "tipo_notic": "DENUNCIA", "caracteriz": "HURTO A PERSONAS", "modalidad": "ATRACO", "modo": "SUSTANCIA TÓXICA", "motivo": null, "pais": "COLOMBIA", "dane_dep": 76, "departamen": "VALLE DEL CAUCA", "dane_mpio": 76001, "municipio": "CALI", "cod_comuna": 19.0, "comuna": "Comuna 19", "cod_barrio": 1913.0, "nom_barrio": "El Cedro", "direccion": "76001 AVENIDA ROOSEVELT 25, 3 DE JULIO, COMUNA 19, CALI, VALLE DEL CAUCA", "sitio": "OTRO", "x": -76.538764953609999, "y": 3.4348049163800001, "anio": 2023, "mes": "septiembre", "dia": 9, "dia_semana": 7, "hora_hecho": "04:30", "barrio": "EL CEDRO", "estrato": 4, "geom": "0101000020E6100000000000207B2253C0000000007B7A0B40", "fecha_hech": "2023-09-09 00:00:00" }, "geometry": { "type": "Point", "coordinates": [ -76.538764953609999, 3.43480491638 ] } },
{ "type": "Feature", "properties": { "dinamica": "HURTO", "titulo": "DELITOS CONTRA EL PATRIMONIO ECONOMICO", "capitulo": "DEL HURTO", "articulo": "HURTO CALIFICADO. ART. 240 C.P.", "grado_deli": "NINGUNO", "tipo_notic": "DENUNCIA", "caracteriz": "HURTO A PERSONAS", "modalidad": "ATRACO", "modo": "ARMA DE FUEGO", "motivo": null, "pais": "COLOMBIA", "dane_dep": 76, "departamen": "VALLE DEL CAUCA", "dane_mpio": 76001, "municipio": "CALI", "cod_comuna": 19.0, "comuna": "Comuna 19", "cod_barrio": 1913.0, "nom_barrio": "El Cedro", "direccion": "76001 NO REPORTA CALLE 6 CON CARRERA 34 36", "sitio": "SIN INFORMACION", "x": -76.53899383545, "y": 3.42845606804, "anio": 2023, "mes": "septiembre", "dia": 10, "dia_semana": 1, "hora_hecho": "16:30", "barrio": null, "estrato": 4, "geom": "0101000020E6100000000000E07E2253C0000000607A6D0B40", "fecha_hech": "2023-09-10 00:00:00" }, "geometry": { "type": "Point", "coordinates": [ -76.53899383545, 3.42845606804 ] } },
{ "type": "Feature", "properties": { "dinamica": "HURTO", "titulo": "DELITOS CONTRA EL PATRIMONIO ECONOMICO", "capitulo": "DEL HURTO", "articulo": "HURTO CALIFICADO. ART. 240 C.P.", "grado_deli": "NINGUNO", "tipo_notic": "DENUNCIA", "caracteriz": "HURTO A PERSONAS", "modalidad": "ATRACO", "modo": "ARMA BLANCA", "motivo": null, "pais": "COLOMBIA", "dane_dep": 76, "departamen": "VALLE DEL CAUCA", "dane_mpio": 76001, "municipio": "CALI", "cod_comuna": 19.0, "comuna": "Comuna 19", "cod_barrio": 1905.0, "nom_barrio": "Eucaristico", "direccion": "76001 CARRERA 34 7 49, BARRIO EUCARÍSTICO, COMUNA 19, CALI, VALLE DEL CAUCA", "sitio": "VIA PUBLICA", "x": -76.538291931149999, "y": 3.4271590709700002, "anio": 2023, "mes": "septiembre", "dia": 10, "dia_semana": 1, "hora_hecho": "22:15", "barrio": "BARRIO EUCARÍSTICO", "estrato": 4, "geom": "0101000020E610000000000060732253C000000060D26A0B40", "fecha_hech": "2023-09-10 00:00:00" }, "geometry": { "type": "Point", "coordinates": [ -76.538291931149999, 3.42715907097 ] } },
{ "type": "Feature", "properties": { "dinamica": "HURTO", "titulo": "DELITOS CONTRA EL PATRIMONIO ECONOMICO", "capitulo": "DEL HURTO", "articulo": "HURTO CALIFICADO. ART. 240 C.P.", "grado_deli": "NINGUNO", "tipo_notic": "DENUNCIA", "caracteriz": "HURTO A CELULARES", "modalidad": "ATRACO", "modo": "ARMA DE FUEGO", "motivo": "SIN DETERMINAR", "pais": "COLOMBIA", "dane_dep": 76, "departamen": "VALLE DEL CAUCA", "dane_mpio": 76001, "municipio": "CALI", "cod_comuna": 19.0, "comuna": "Comuna 19", "cod_barrio": 1906.0, "nom_barrio": "San Fernando Nuevo", "direccion": "76001 CARRERA 37 CON CALLE 5B4, SAN FERNANDO NUEVO, COMUNA 19, CALI, VALLE DEL CAUCA", "sitio": "VIA PUBLICA", "x": -76.541778564449999, "y": 3.42650008202, "anio": 2023, "mes": "septiembre", "dia": 11, "dia_semana": 2, "hora_hecho": "07:00", "barrio": "SAN FERNANDO NUEVO", "estrato": 4, "geom": "0101000020E610000000000080AC2253C0000000E078690B40", "fecha_hech": "2023-09-11 00:00:00" }, "geometry": { "type": "Point", "coordinates": [ -76.541778564449999, 3.42650008202 ] } },
{ "type": "Feature", "properties": { "dinamica": "HURTO", "titulo": "DELITOS CONTRA EL PATRIMONIO ECONOMICO", "capitulo": "DEL HURTO", "articulo": "HURTO CALIFICADO. ART. 240 C.P.", "grado_deli": "NINGUNO", "tipo_notic": "DENUNCIA", "caracteriz": "HURTO A PERSONAS", "modalidad": "VIOLACION DE CERRADURA", "modo": null, "motivo": null, "pais": "COLOMBIA", "dane_dep": 76, "departamen": "VALLE DEL CAUCA", "dane_mpio": 76001, "municipio": "CALI", "cod_comuna": 19.0, "comuna": "Comuna 19", "cod_barrio": 1913.0, "nom_barrio": "El Cedro", "direccion": "76001 AVENIDA ROOSEVELT 27 5, EL CEDRO, COMUNA 19, CALI, VALLE DEL CAUCA", "sitio": "VEHICULO", "x": -76.538795471189999, "y": 3.4332010746, "anio": 2023, "mes": "septiembre", "dia": 12, "dia_semana": 3, "hora_hecho": "00:25", "barrio": "EL CEDRO", "estrato": 4, "geom": "0101000020E6100000000000A07B2253C00000002032770B40", "fecha_hech": "2023-09-12 00:00:00" }, "geometry": { "type": "Point", "coordinates": [ -76.538795471189999, 3.4332010746 ] } },
{ "type": "Feature", "properties": { "dinamica": "HURTO", "titulo": "DELITOS CONTRA EL PATRIMONIO ECONOMICO", "capitulo": "DEL HURTO", "articulo": "HURTO CALIFICADO. ART. 240 C.P.", "grado_deli": "AGRAVADO", "tipo_notic": "DENUNCIA", "caracteriz": "HURTO A PERSONAS", "modalidad": "ATRACO", "modo": "ARMA DE FUEGO", "motivo": null, "pais": "COLOMBIA", "dane_dep": 76, "departamen": "VALLE DEL CAUCA", "dane_mpio": 76001, "municipio": "CALI", "cod_comuna": 19.0, "comuna": "Comuna 19", "cod_barrio": 1905.0, "nom_barrio": "Eucaristico", "direccion": "76001", "sitio": "SIN INFORMACION", "x": -76.538093566889998, "y": 3.4268000125900002, "anio": 2023, "mes": "septiembre", "dia": 13, "dia_semana": 4, "hora_hecho": "09:15", "barrio": null, "estrato": 4, "geom": "0101000020E610000000000020702253C000000020166A0B40", "fecha_hech": "2023-09-13 00:00:00" }, "geometry": { "type": "Point", "coordinates": [ -76.538093566889998, 3.42680001259 ] } },
{ "type": "Feature", "properties": { "dinamica": "HURTO", "titulo": "DELITOS CONTRA EL PATRIMONIO ECONOMICO", "capitulo": "DEL HURTO", "articulo": "HURTO CALIFICADO. ART. 240 C.P.", "grado_deli": "AGRAVADO", "tipo_notic": "DENUNCIA", "caracteriz": "HURTO A PERSONAS", "modalidad": "ATRACO", "modo": "ARMA DE FUEGO", "motivo": null, "pais": "COLOMBIA", "dane_dep": 76, "departamen": "VALLE DEL CAUCA", "dane_mpio": 76001, "municipio": "CALI", "cod_comuna": 19.0, "comuna": "Comuna 19", "cod_barrio": 1913.0, "nom_barrio": "El Cedro", "direccion": "76001 CARRERA 27 CON CALLE 6A, EL CEDRO, COMUNA 19, CALI, VALLE DEL CAUCA", "sitio": "VIA PUBLICA", "x": -76.538177490229998, "y": 3.4332599639899999, "anio": 2023, "mes": "septiembre", "dia": 14, "dia_semana": 5, "hora_hecho": "06:00", "barrio": "EL CEDRO", "estrato": 4, "geom": "0101000020E610000000000080712253C00000000051770B40", "fecha_hech": "2023-09-14 00:00:00" }, "geometry": { "type": "Point", "coordinates": [ -76.538177490229998, 3.43325996399 ] } },
{ "type": "Feature", "properties": { "dinamica": "HURTO", "titulo": "DELITOS CONTRA EL PATRIMONIO ECONOMICO", "capitulo": "DEL HURTO", "articulo": "HURTO CALIFICADO. ART. 240 C.P.", "grado_deli": "AGRAVADO", "tipo_notic": "DENUNCIA", "caracteriz": "HURTO A PERSONAS", "modalidad": "ATRACO", "modo": "ARMA DE FUEGO", "motivo": null, "pais": "COLOMBIA", "dane_dep": 76, "departamen": "VALLE DEL CAUCA", "dane_mpio": 76001, "municipio": "CALI", "cod_comuna": 19.0, "comuna": "Comuna 19", "cod_barrio": 1913.0, "nom_barrio": "El Cedro", "direccion": "76001 CL 6 SUR CON CON KR 30 OCCIDENTE CALLE 6 CARRERA 30", "sitio": "SIN INFORMACION", "x": -76.53890991211, "y": 3.4303629398300002, "anio": 2023, "mes": "septiembre", "dia": 14, "dia_semana": 5, "hora_hecho": "16:00", "barrio": null, "estrato": 4, "geom": "0101000020E6100000000000807D2253C00000002062710B40", "fecha_hech": "2023-09-14 00:00:00" }, "geometry": { "type": "Point", "coordinates": [ -76.53890991211, 3.43036293983 ] } },
{ "type": "Feature", "properties": { "dinamica": "HURTO", "titulo": "DELITOS CONTRA EL PATRIMONIO ECONOMICO", "capitulo": "DEL HURTO", "articulo": "HURTO CALIFICADO. ART. 240 C.P.", "grado_deli": "NINGUNO", "tipo_notic": "DENUNCIA", "caracteriz": "HURTO A PERSONAS", "modalidad": "RAPONAZO", "modo": null, "motivo": null, "pais": "COLOMBIA", "dane_dep": 76, "departamen": "VALLE DEL CAUCA", "dane_mpio": 76001, "municipio": "CALI", "cod_comuna": 19.0, "comuna": "Comuna 19", "cod_barrio": 1913.0, "nom_barrio": "El Cedro", "direccion": "76001 CARRERA 27 CON CALLE 7, EL CEDRO, COMUNA 19, CALI, VALLE DEL CAUCA", "sitio": "OTRO", "x": -76.53749847412, "y": 3.4332299232499999, "anio": 2023, "mes": "septiembre", "dia": 15, "dia_semana": 6, "hora_hecho": "13:30", "barrio": "EL CEDRO", "estrato": 4, "geom": "0101000020E610000000000060662253C00000004041770B40", "fecha_hech": "2023-09-15 00:00:00" }, "geometry": { "type": "Point", "coordinates": [ -76.53749847412, 3.43322992325 ] } },
{ "type": "Feature", "properties": { "dinamica": "HURTO", "titulo": "DELITOS CONTRA EL PATRIMONIO ECONOMICO", "capitulo": "DEL HURTO", "articulo": "HURTO. ART. 239 C.P.", "grado_deli": "NINGUNO", "tipo_notic": "DENUNCIA", "caracteriz": "HURTO A PERSONAS", "modalidad": "RAPONAZO", "modo": null, "motivo": null, "pais": "COLOMBIA", "dane_dep": 76, "departamen": "VALLE DEL CAUCA", "dane_mpio": 76001, "municipio": "CALI", "cod_comuna": 19.0, "comuna": "Comuna 19", "cod_barrio": 1913.0, "nom_barrio": "El Cedro", "direccion": "76001 CALLE 7 CON CARRERA 26, EL CEDRO, COMUNA 19, CALI, VALLE DEL CAUCA", "sitio": "VIA PUBLICA", "x": -76.537452697749998, "y": 3.4343099594100002, "anio": 2023, "mes": "septiembre", "dia": 16, "dia_semana": 7, "hora_hecho": "12:00", "barrio": "EL CEDRO", "estrato": 4, "geom": "0101000020E6100000000000A0652253C00000008077790B40", "fecha_hech": "2023-09-16 00:00:00" }, "geometry": { "type": "Point", "coordinates": [ -76.537452697749998, 3.43430995941 ] } },
{ "type": "Feature", "properties": { "dinamica": "HURTO", "titulo": "DELITOS CONTRA EL PATRIMONIO ECONOMICO", "capitulo": "DEL HURTO", "articulo": "HURTO. ART. 239 C.P.", "grado_deli": "NINGUNO", "tipo_notic": "DENUNCIA", "caracteriz": "HURTO A PERSONAS", "modalidad": "BATALEO", "modo": null, "motivo": null, "pais": "COLOMBIA", "dane_dep": 76, "departamen": "VALLE DEL CAUCA", "dane_mpio": 76001, "municipio": "CALI", "cod_comuna": 19.0, "comuna": "Comuna 19", "cod_barrio": 1905.0, "nom_barrio": "Eucaristico", "direccion": "76001 AVENIDA ROOSEVELT 36 35, BARRIO EUCARÍSTICO, COMUNA 19, CALI, VALLE DEL CAUCA", "sitio": "TRANSPORTE MASIVO", "x": -76.540214538569998, "y": 3.4259700775100002, "anio": 2023, "mes": "septiembre", "dia": 19, "dia_semana": 3, "hora_hecho": "15:40", "barrio": "BARRIO EUCARÍSTICO", "estrato": 4, "geom": "0101000020E6100000000000E0922253C00000000063680B40", "fecha_hech": "2023-09-19 00:00:00" }, "geometry": { "type": "Point", "coordinates": [ -76.540214538569998, 3.42597007751 ] } },
{ "type": "Feature", "properties": { "dinamica": "HURTO", "titulo": "DELITOS CONTRA EL PATRIMONIO ECONOMICO", "capitulo": "DEL HURTO", "articulo": "HURTO CALIFICADO. ART. 240 C.P.", "grado_deli": "AGRAVADO", "tipo_notic": "DENUNCIA", "caracteriz": "HURTO DE MOTOCICLETAS", "modalidad": "HALADO", "modo": null, "motivo": null, "pais": "COLOMBIA", "dane_dep": 76, "departamen": "VALLE DEL CAUCA", "dane_mpio": 76001, "municipio": "CALI", "cod_comuna": 19.0, "comuna": "Comuna 19", "cod_barrio": 1912.0, "nom_barrio": "3 de Julio", "direccion": "76001 CALLE 5C 26 55, 3 DE JULIO, COMUNA 19, CALI, VALLE DEL CAUCA", "sitio": "VIA PUBLICA", "x": -76.539611816410002, "y": 3.4339909553500001, "anio": 2023, "mes": "septiembre", "dia": 21, "dia_semana": 5, "hora_hecho": "09:30", "barrio": "3 DE JULIO", "estrato": 4, "geom": "0101000020E610000000000000892253C000000040D0780B40", "fecha_hech": "2023-09-21 00:00:00" }, "geometry": { "type": "Point", "coordinates": [ -76.539611816410002, 3.43399095535 ] } },
{ "type": "Feature", "properties": { "dinamica": "HURTO", "titulo": "DELITOS CONTRA EL PATRIMONIO ECONOMICO", "capitulo": "DEL HURTO", "articulo": "HURTO CALIFICADO. ART. 240 C.P.", "grado_deli": "AGRAVADO", "tipo_notic": "DENUNCIA", "caracteriz": "HURTO DE MOTOCICLETAS", "modalidad": "HALADO", "modo": null, "motivo": null, "pais": "COLOMBIA", "dane_dep": 76, "departamen": "VALLE DEL CAUCA", "dane_mpio": 76001, "municipio": "CALI", "cod_comuna": 19.0, "comuna": "Comuna 19", "cod_barrio": 1912.0, "nom_barrio": "3 de Julio", "direccion": "76001 Calle 5C 26 55, 3 de Julio, Comuna 19, Cali, Valle del Cauca, COL,3 DE JULIO", "sitio": "SIN INFORMACION", "x": -76.539611816410002, "y": 3.4339909553500001, "anio": 2023, "mes": "septiembre", "dia": 21, "dia_semana": 5, "hora_hecho": "14:54", "barrio": "3 DE JULIO", "estrato": 4, "geom": "0101000020E610000000000000892253C000000040D0780B40", "fecha_hech": "2023-09-21 00:00:00" }, "geometry": { "type": "Point", "coordinates": [ -76.539611816410002, 3.43399095535 ] } },
{ "type": "Feature", "properties": { "dinamica": "HURTO", "titulo": "DELITOS CONTRA EL PATRIMONIO ECONOMICO", "capitulo": "DEL HURTO", "articulo": "HURTO CALIFICADO. ART. 240 C.P.", "grado_deli": "NINGUNO", "tipo_notic": "DENUNCIA", "caracteriz": "HURTO A CELULARES", "modalidad": "ATRACO", "modo": "ARMA BLANCA", "motivo": "IBA HABLANDO", "pais": "COLOMBIA", "dane_dep": 76, "departamen": "VALLE DEL CAUCA", "dane_mpio": 76001, "municipio": "CALI", "cod_comuna": 19.0, "comuna": "Comuna 19", "cod_barrio": 1913.0, "nom_barrio": "El Cedro", "direccion": "76001 CARRERA 26, EL CEDRO, COMUNA 19, CALI, VALLE DEL CAUCA", "sitio": "VIA PUBLICA", "x": -76.538452148440001, "y": 3.4343700408900002, "anio": 2023, "mes": "septiembre", "dia": 22, "dia_semana": 6, "hora_hecho": "05:00", "barrio": "EL CEDRO", "estrato": 4, "geom": "0101000020E610000000000000762253C00000000097790B40", "fecha_hech": "2023-09-22 00:00:00" }, "geometry": { "type": "Point", "coordinates": [ -76.538452148440001, 3.43437004089 ] } },
{ "type": "Feature", "properties": { "dinamica": "HURTO", "titulo": "DELITOS CONTRA EL PATRIMONIO ECONOMICO", "capitulo": "DEL HURTO", "articulo": "HURTO CALIFICADO. ART. 240 C.P.", "grado_deli": "NINGUNO", "tipo_notic": "DENUNCIA", "caracteriz": "HURTO A PERSONAS", "modalidad": "ATRACO", "modo": "ARMA DE FUEGO", "motivo": null, "pais": "COLOMBIA", "dane_dep": 76, "departamen": "VALLE DEL CAUCA", "dane_mpio": 76001, "municipio": "CALI", "cod_comuna": 19.0, "comuna": "Comuna 19", "cod_barrio": 1912.0, "nom_barrio": "3 de Julio", "direccion": "76001 CARRERA 25 5 144, 3 DE JULIO, COMUNA 19, CALI, VALLE DEL CAUCA", "sitio": "VIA PUBLICA", "x": -76.53921508789, "y": 3.4351921081499999, "anio": 2023, "mes": "septiembre", "dia": 24, "dia_semana": 1, "hora_hecho": "10:30", "barrio": "3 DE JULIO", "estrato": 4, "geom": "0101000020E610000000000080822253C000000000467B0B40", "fecha_hech": "2023-09-24 00:00:00" }, "geometry": { "type": "Point", "coordinates": [ -76.53921508789, 3.43519210815 ] } },
{ "type": "Feature", "properties": { "dinamica": "HURTO", "titulo": "DELITOS CONTRA EL PATRIMONIO ECONOMICO", "capitulo": "DEL HURTO", "articulo": "HURTO CALIFICADO. ART. 240 C.P.", "grado_deli": "NINGUNO", "tipo_notic": "DENUNCIA", "caracteriz": "HURTO A PERSONAS", "modalidad": "ATRACO", "modo": "ARMA DE FUEGO", "motivo": null, "pais": "COLOMBIA", "dane_dep": 76, "departamen": "VALLE DEL CAUCA", "dane_mpio": 76001, "municipio": "CALI", "cod_comuna": 19.0, "comuna": "Comuna 19", "cod_barrio": 1913.0, "nom_barrio": "El Cedro", "direccion": "76001 CALLE 6 30 96, EL CEDRO, COMUNA 19, CALI, VALLE DEL CAUCA", "sitio": "VIA PUBLICA", "x": -76.538841247560001, "y": 3.4302999973300001, "anio": 2023, "mes": "septiembre", "dia": 26, "dia_semana": 3, "hora_hecho": "03:30", "barrio": "EL CEDRO", "estrato": 4, "geom": "0101000020E6100000000000607C2253C00000002041710B40", "fecha_hech": "2023-09-26 00:00:00" }, "geometry": { "type": "Point", "coordinates": [ -76.538841247560001, 3.43029999733 ] } },
{ "type": "Feature", "properties": { "dinamica": "HURTO", "titulo": "DELITOS CONTRA EL PATRIMONIO ECONOMICO", "capitulo": "DEL HURTO", "articulo": "HURTO CALIFICADO. ART. 240 C.P.", "grado_deli": "NINGUNO", "tipo_notic": "DENUNCIA", "caracteriz": "HURTO A PERSONAS", "modalidad": "ATRACO", "modo": "ARMA BLANCA", "motivo": null, "pais": "COLOMBIA", "dane_dep": 76, "departamen": "VALLE DEL CAUCA", "dane_mpio": 76001, "municipio": "CALI", "cod_comuna": 19.0, "comuna": "Comuna 19", "cod_barrio": 1913.0, "nom_barrio": "El Cedro", "direccion": "76001 CALLE 7 CON CARRERA 34, BARRIO EUCARÍSTICO, COMUNA 19, CALI, VALLE DEL CAUCA", "sitio": "VIA PUBLICA", "x": -76.538528442379999, "y": 3.42761993408, "anio": 2023, "mes": "septiembre", "dia": 27, "dia_semana": 4, "hora_hecho": "13:30", "barrio": "BARRIO EUCARÍSTICO", "estrato": 4, "geom": "0101000020E610000000000040772253C000000000C46B0B40", "fecha_hech": "2023-09-27 00:00:00" }, "geometry": { "type": "Point", "coordinates": [ -76.538528442379999, 3.42761993408 ] } },
{ "type": "Feature", "properties": { "dinamica": "HURTO", "titulo": "DELITOS CONTRA EL PATRIMONIO ECONOMICO", "capitulo": "DEL HURTO", "articulo": "HURTO. ART. 239 C.P.", "grado_deli": "NINGUNO", "tipo_notic": "DENUNCIA", "caracteriz": "HURTO A RESIDENCIA", "modalidad": "FACTOR DE OPORTUNIDAD", "modo": null, "motivo": null, "pais": "COLOMBIA", "dane_dep": 76, "departamen": "VALLE DEL CAUCA", "dane_mpio": 76001, "municipio": "CALI", "cod_comuna": 19.0, "comuna": "Comuna 19", "cod_barrio": 1906.0, "nom_barrio": "San Fernando Nuevo", "direccion": "76001 CARRERA 37 5B3 75, SAN FERNANDO NUEVO, COMUNA 19, CALI, VALLE DEL CAUCA", "sitio": "DOMICILIO", "x": -76.542083740229998, "y": 3.4270150661500001, "anio": 2023, "mes": "septiembre", "dia": 27, "dia_semana": 4, "hora_hecho": "15:32", "barrio": "SAN FERNANDO NUEVO", "estrato": 4, "geom": "0101000020E610000000000080B12253C0000000E0866A0B40", "fecha_hech": "2023-09-27 00:00:00" }, "geometry": { "type": "Point", "coordinates": [ -76.542083740229998, 3.42701506615 ] } },
{ "type": "Feature", "properties": { "dinamica": "HURTO", "titulo": "DELITOS CONTRA EL PATRIMONIO ECONOMICO", "capitulo": "DEL HURTO", "articulo": "HURTO CALIFICADO. ART. 240 C.P.", "grado_deli": "NINGUNO", "tipo_notic": "DENUNCIA", "caracteriz": "HURTO A PERSONAS", "modalidad": "ATRACO", "modo": "ARMA DE FUEGO", "motivo": null, "pais": "COLOMBIA", "dane_dep": 76, "departamen": "VALLE DEL CAUCA", "dane_mpio": 76001, "municipio": "CALI", "cod_comuna": 19.0, "comuna": "Comuna 19", "cod_barrio": 1913.0, "nom_barrio": "El Cedro", "direccion": "76001 CALLE 6 28 61, EL CEDRO, COMUNA 19, CALI, VALLE DEL CAUCA", "sitio": "VIA PUBLICA", "x": -76.538887023930002, "y": 3.4320909977, "anio": 2023, "mes": "septiembre", "dia": 27, "dia_semana": 4, "hora_hecho": "16:00", "barrio": "EL CEDRO", "estrato": 4, "geom": "0101000020E6100000000000207D2253C000000020EC740B40", "fecha_hech": "2023-09-27 00:00:00" }, "geometry": { "type": "Point", "coordinates": [ -76.538887023930002, 3.4320909977 ] } },
{ "type": "Feature", "properties": { "dinamica": "HURTO", "titulo": "DELITOS CONTRA EL PATRIMONIO ECONOMICO", "capitulo": "DEL HURTO", "articulo": "HURTO CALIFICADO. ART. 240 C.P.", "grado_deli": "NINGUNO", "tipo_notic": "DENUNCIA", "caracteriz": "HURTO DE BICICLETAS", "modalidad": "ATRACO", "modo": "ARMA DE FUEGO", "motivo": null, "pais": "COLOMBIA", "dane_dep": 76, "departamen": "VALLE DEL CAUCA", "dane_mpio": 76001, "municipio": "CALI", "cod_comuna": 19.0, "comuna": "Comuna 19", "cod_barrio": 1912.0, "nom_barrio": "3 de Julio", "direccion": "76001 Avenida Roosevelt 27 44, 3 de Julio, Comuna 19, Cali, Valle del Cauca, COL,3 DE JULIO", "sitio": "SIN INFORMACION", "x": -76.53896331787, "y": 3.4328000545499999, "anio": 2023, "mes": "septiembre", "dia": 29, "dia_semana": 6, "hora_hecho": "16:00", "barrio": "3 DE JULIO", "estrato": 4, "geom": "0101000020E6100000000000607E2253C0000000E05F760B40", "fecha_hech": "2023-09-29 00:00:00" }, "geometry": { "type": "Point", "coordinates": [ -76.53896331787, 3.43280005455 ] } },
{ "type": "Feature", "properties": { "dinamica": "HURTO", "titulo": "DELITOS CONTRA EL PATRIMONIO ECONOMICO", "capitulo": "DEL HURTO", "articulo": "HURTO CALIFICADO. ART. 240 C.P.", "grado_deli": "NINGUNO", "tipo_notic": "DENUNCIA", "caracteriz": "HURTO A CELULARES", "modalidad": "ATRACO", "modo": "ARMA DE FUEGO", "motivo": "SIN DETERMINAR", "pais": "COLOMBIA", "dane_dep": 76, "departamen": "VALLE DEL CAUCA", "dane_mpio": 76001, "municipio": "CALI", "cod_comuna": 19.0, "comuna": "Comuna 19", "cod_barrio": 1912.0, "nom_barrio": "3 de Julio", "direccion": "76001 CARRERA 25 5, 3 DE JULIO, COMUNA 19, CALI, VALLE DEL CAUCA", "sitio": "VIA PUBLICA", "x": -76.539222717290002, "y": 3.43525004387, "anio": 2023, "mes": "septiembre", "dia": 30, "dia_semana": 7, "hora_hecho": "16:30", "barrio": "3 DE JULIO", "estrato": 4, "geom": "0101000020E6100000000000A0822253C000000060647B0B40", "fecha_hech": "2023-09-30 00:00:00" }, "geometry": { "type": "Point", "coordinates": [ -76.539222717290002, 3.43525004387 ] } },
{ "type": "Feature", "properties": { "dinamica": "HURTO", "titulo": "DELITOS CONTRA EL PATRIMONIO ECONOMICO", "capitulo": "DEL HURTO", "articulo": "HURTO CALIFICADO. ART. 240 C.P.", "grado_deli": "NINGUNO", "tipo_notic": "DENUNCIA", "caracteriz": "HURTO DE VEHICULOS", "modalidad": "ATRACO", "modo": "ARMA DE FUEGO", "motivo": null, "pais": "COLOMBIA", "dane_dep": 76, "departamen": "VALLE DEL CAUCA", "dane_mpio": 76001, "municipio": "CALI", "cod_comuna": 19.0, "comuna": "Comuna 19", "cod_barrio": 1912.0, "nom_barrio": "3 de Julio", "direccion": "76001 CARRERA 27 5C 46, 3 DE JULIO, COMUNA 19, CALI, VALLE DEL CAUCA", "sitio": "VIA PUBLICA", "x": -76.539176940920001, "y": 3.43324995041, "anio": 2023, "mes": "octubre", "dia": 2, "dia_semana": 2, "hora_hecho": "22:05", "barrio": "3 DE JULIO", "estrato": 4, "geom": "0101000020E6100000000000E0812253C0000000C04B770B40", "fecha_hech": "2023-10-02 00:00:00" }, "geometry": { "type": "Point", "coordinates": [ -76.539176940920001, 3.43324995041 ] } },
{ "type": "Feature", "properties": { "dinamica": "HURTO", "titulo": "DELITOS CONTRA EL PATRIMONIO ECONOMICO", "capitulo": "DEL HURTO", "articulo": "HURTO CALIFICADO. ART. 240 C.P.", "grado_deli": "NINGUNO", "tipo_notic": "DENUNCIA", "caracteriz": "HURTO A RESIDENCIA", "modalidad": "ATRACO", "modo": "SUSTANCIA TÓXICA", "motivo": null, "pais": "COLOMBIA", "dane_dep": 76, "departamen": "VALLE DEL CAUCA", "dane_mpio": 76001, "municipio": "CALI", "cod_comuna": 19.0, "comuna": "Comuna 19", "cod_barrio": 1913.0, "nom_barrio": "El Cedro", "direccion": "76001 CARRERA 29 6 81, EL CEDRO, COMUNA 19, CALI, VALLE DEL CAUCA", "sitio": "DOMICILIO", "x": -76.538139343259999, "y": 3.4318161010699999, "anio": 2023, "mes": "octubre", "dia": 3, "dia_semana": 3, "hora_hecho": "09:00", "barrio": "EL CEDRO", "estrato": 4, "geom": "0101000020E6100000000000E0702253C0000000005C740B40", "fecha_hech": "2023-10-03 00:00:00" }, "geometry": { "type": "Point", "coordinates": [ -76.538139343259999, 3.43181610107 ] } },
{ "type": "Feature", "properties": { "dinamica": "HURTO", "titulo": "DELITOS CONTRA EL PATRIMONIO ECONOMICO", "capitulo": "DEL HURTO", "articulo": "HURTO CALIFICADO. ART. 240 C.P.", "grado_deli": "NINGUNO", "tipo_notic": "DENUNCIA", "caracteriz": "HURTO A PERSONAS", "modalidad": "ATRACO", "modo": "ARMA BLANCA", "motivo": null, "pais": "COLOMBIA", "dane_dep": 76, "departamen": "VALLE DEL CAUCA", "dane_mpio": 76001, "municipio": "CALI", "cod_comuna": 19.0, "comuna": "Comuna 19", "cod_barrio": 1906.0, "nom_barrio": "San Fernando Nuevo", "direccion": "76001 Carrera 36 5B3 65, San Fernando Nuevo, Comuna 19, Cali, Valle del Cauca, COL,SAN FERNANDO NUEVO", "sitio": "SIN INFORMACION", "x": -76.540466308589998, "y": 3.42788791656, "anio": 2023, "mes": "octubre", "dia": 3, "dia_semana": 3, "hora_hecho": "15:00", "barrio": "SAN FERNANDO NUEVO", "estrato": 4, "geom": "0101000020E610000000000000972253C000000080506C0B40", "fecha_hech": "2023-10-03 00:00:00" }, "geometry": { "type": "Point", "coordinates": [ -76.540466308589998, 3.42788791656 ] } },
{ "type": "Feature", "properties": { "dinamica": "HURTO", "titulo": "DELITOS CONTRA EL PATRIMONIO ECONOMICO", "capitulo": "DEL HURTO", "articulo": "HURTO CALIFICADO. ART. 240 C.P.", "grado_deli": "NINGUNO", "tipo_notic": "DENUNCIA", "caracteriz": "HURTO DE AUTOPARTES", "modalidad": "FACTOR DE OPORTUNIDAD", "modo": null, "motivo": null, "pais": "COLOMBIA", "dane_dep": 76, "departamen": "VALLE DEL CAUCA", "dane_mpio": 76001, "municipio": "CALI", "cod_comuna": 19.0, "comuna": "Comuna 19", "cod_barrio": 1912.0, "nom_barrio": "3 de Julio", "direccion": "76001 CALLE 5C 26 37, 3 DE JULIO, COMUNA 19, CALI, VALLE DEL CAUCA", "sitio": "VIA PUBLICA", "x": -76.539604187009999, "y": 3.4341099262200001, "anio": 2023, "mes": "octubre", "dia": 5, "dia_semana": 5, "hora_hecho": "22:30", "barrio": "3 DE JULIO", "estrato": 4, "geom": "0101000020E6100000000000E0882253C0000000A00E790B40", "fecha_hech": "2023-10-05 00:00:00" }, "geometry": { "type": "Point", "coordinates": [ -76.539604187009999, 3.43410992622 ] } },
{ "type": "Feature", "properties": { "dinamica": "HURTO", "titulo": "DELITOS CONTRA EL PATRIMONIO ECONOMICO", "capitulo": "DEL HURTO", "articulo": "HURTO CALIFICADO. ART. 240 C.P.", "grado_deli": "AGRAVADO", "tipo_notic": "DENUNCIA", "caracteriz": "HURTO A PERSONAS", "modalidad": "ATRACO", "modo": "ARMA DE FUEGO", "motivo": null, "pais": "COLOMBIA", "dane_dep": 76, "departamen": "VALLE DEL CAUCA", "dane_mpio": 76001, "municipio": "CALI", "cod_comuna": 19.0, "comuna": "Comuna 19", "cod_barrio": 1912.0, "nom_barrio": "3 de Julio", "direccion": "76001 CARRERA 26 5C 26, 3 DE JULIO, COMUNA 19, CALI, VALLE DEL CAUCA", "sitio": "VIA PUBLICA", "x": -76.539405822749998, "y": 3.4343469142899998, "anio": 2023, "mes": "octubre", "dia": 9, "dia_semana": 2, "hora_hecho": "01:00", "barrio": "3 DE JULIO", "estrato": 4, "geom": "0101000020E6100000000000A0852253C0000000E08A790B40", "fecha_hech": "2023-10-09 00:00:00" }, "geometry": { "type": "Point", "coordinates": [ -76.539405822749998, 3.43434691429 ] } },
{ "type": "Feature", "properties": { "dinamica": "HURTO", "titulo": "DELITOS CONTRA EL PATRIMONIO ECONOMICO", "capitulo": "DEL HURTO", "articulo": "HURTO. ART. 239 C.P.", "grado_deli": "NINGUNO", "tipo_notic": "DENUNCIA", "caracteriz": "HURTO A PERSONAS", "modalidad": "COSQUILLEO", "modo": null, "motivo": null, "pais": "COLOMBIA", "dane_dep": 76, "departamen": "VALLE DEL CAUCA", "dane_mpio": 76001, "municipio": "CALI", "cod_comuna": 19.0, "comuna": "Comuna 19", "cod_barrio": 1905.0, "nom_barrio": "Eucaristico", "direccion": "76001 CALLE 5E CON CARRERA 36C, BARRIO EUCARÍSTICO, COMUNA 19, CALI, VALLE DEL CAUCA", "sitio": "VIA PUBLICA", "x": -76.54094696045, "y": 3.42568492889, "anio": 2023, "mes": "octubre", "dia": 9, "dia_semana": 2, "hora_hecho": "10:30", "barrio": "BARRIO EUCARÍSTICO", "estrato": 4, "geom": "0101000020E6100000000000E09E2253C000000080CD670B40", "fecha_hech": "2023-10-09 00:00:00" }, "geometry": { "type": "Point", "coordinates": [ -76.54094696045, 3.42568492889 ] } },
{ "type": "Feature", "properties": { "dinamica": "HURTO", "titulo": "DELITOS CONTRA EL PATRIMONIO ECONOMICO", "capitulo": "DEL HURTO", "articulo": "HURTO CALIFICADO. ART. 240 C.P.", "grado_deli": "NINGUNO", "tipo_notic": "DENUNCIA", "caracteriz": "HURTO A PERSONAS", "modalidad": "ATRACO", "modo": "ARMA DE FUEGO", "motivo": null, "pais": "COLOMBIA", "dane_dep": 76, "departamen": "VALLE DEL CAUCA", "dane_mpio": 76001, "municipio": "CALI", "cod_comuna": 19.0, "comuna": "Comuna 19", "cod_barrio": 1913.0, "nom_barrio": "El Cedro", "direccion": "76001 CARRERA 29 6, EL CEDRO, COMUNA 19, CALI, VALLE DEL CAUCA", "sitio": "VIA PUBLICA", "x": -76.537902832029999, "y": 3.43175506592, "anio": 2023, "mes": "octubre", "dia": 12, "dia_semana": 5, "hora_hecho": "22:00", "barrio": "EL CEDRO", "estrato": 4, "geom": "0101000020E6100000000000006D2253C0000000003C740B40", "fecha_hech": "2023-10-12 00:00:00" }, "geometry": { "type": "Point", "coordinates": [ -76.537902832029999, 3.43175506592 ] } },
{ "type": "Feature", "properties": { "dinamica": "HURTO", "titulo": "DELITOS CONTRA EL PATRIMONIO ECONOMICO", "capitulo": "DEL HURTO", "articulo": "HURTO CALIFICADO. ART. 240 C.P.", "grado_deli": "NINGUNO", "tipo_notic": "DENUNCIA", "caracteriz": "HURTO A PERSONAS", "modalidad": "ATRACO", "modo": "ARMA DE FUEGO", "motivo": null, "pais": "COLOMBIA", "dane_dep": 76, "departamen": "VALLE DEL CAUCA", "dane_mpio": 76001, "municipio": "CALI", "cod_comuna": 19.0, "comuna": "Comuna 19", "cod_barrio": 1912.0, "nom_barrio": "3 de Julio", "direccion": "76001 CARRERA 30 6 1", "sitio": "VIA PUBLICA", "x": -76.53897857666, "y": 3.4303770065300001, "anio": 2023, "mes": "octubre", "dia": 13, "dia_semana": 6, "hora_hecho": "03:30", "barrio": "3 DE JULIO", "estrato": 4, "geom": "0101000020E6100000000000A07E2253C00000008069710B40", "fecha_hech": "2023-10-13 00:00:00" }, "geometry": { "type": "Point", "coordinates": [ -76.53897857666, 3.43037700653 ] } },
{ "type": "Feature", "properties": { "dinamica": "HURTO", "titulo": "DELITOS CONTRA EL PATRIMONIO ECONOMICO", "capitulo": "DEL HURTO", "articulo": "HURTO CALIFICADO. ART. 240 C.P.", "grado_deli": "NINGUNO", "tipo_notic": "DENUNCIA", "caracteriz": "HURTO A PERSONAS", "modalidad": "ATRACO", "modo": "ARMA DE FUEGO", "motivo": null, "pais": "COLOMBIA", "dane_dep": 76, "departamen": "VALLE DEL CAUCA", "dane_mpio": 76001, "municipio": "CALI", "cod_comuna": 19.0, "comuna": "Comuna 19", "cod_barrio": 1914.0, "nom_barrio": "Champagnat", "direccion": "76001 CALLE 9 CON CARRERA 32A, CHAMPAGNAT, COMUNA 19, CALI, VALLE DEL CAUCA", "sitio": "VIA PUBLICA", "x": -76.537063598629999, "y": 3.4272201061200001, "anio": 2023, "mes": "octubre", "dia": 15, "dia_semana": 1, "hora_hecho": "21:30", "barrio": "U DEP PANAMERICANA ANT HIPÓDROMO", "estrato": 4, "geom": "0101000020E6100000000000405F2253C000000060F26A0B40", "fecha_hech": "2023-10-15 00:00:00" }, "geometry": { "type": "Point", "coordinates": [ -76.537063598629999, 3.42722010612 ] } },
{ "type": "Feature", "properties": { "dinamica": "HURTO", "titulo": "DELITOS CONTRA EL PATRIMONIO ECONOMICO", "capitulo": "DEL HURTO", "articulo": "HURTO CALIFICADO. ART. 240 C.P.", "grado_deli": "AGRAVADO", "tipo_notic": "DENUNCIA", "caracteriz": "HURTO A PERSONAS", "modalidad": "ATRACO", "modo": "ARMA DE FUEGO", "motivo": null, "pais": "COLOMBIA", "dane_dep": 76, "departamen": "VALLE DEL CAUCA", "dane_mpio": 76001, "municipio": "CALI", "cod_comuna": 19.0, "comuna": "Comuna 19", "cod_barrio": 1913.0, "nom_barrio": "El Cedro", "direccion": "76001 CARRERA 34, BARRIO EUCARÍSTICO, COMUNA 19, CALI, VALLE DEL CAUCA", "sitio": "VIA PUBLICA", "x": -76.537963867190001, "y": 3.4269099235499998, "anio": 2023, "mes": "octubre", "dia": 16, "dia_semana": 2, "hora_hecho": "01:00", "barrio": "EL CEDRO", "estrato": 4, "geom": "0101000020E6100000000000006E2253C0000000C04F6A0B40", "fecha_hech": "2023-10-16 00:00:00" }, "geometry": { "type": "Point", "coordinates": [ -76.537963867190001, 3.42690992355 ] } },
{ "type": "Feature", "properties": { "dinamica": "HURTO", "titulo": "DELITOS CONTRA EL PATRIMONIO ECONOMICO", "capitulo": "DEL HURTO", "articulo": "HURTO CALIFICADO. ART. 240 C.P.", "grado_deli": "NINGUNO", "tipo_notic": "DENUNCIA", "caracteriz": "HURTO DE MOTOCICLETAS", "modalidad": "HALADO", "modo": null, "motivo": null, "pais": "COLOMBIA", "dane_dep": 76, "departamen": "VALLE DEL CAUCA", "dane_mpio": 76001, "municipio": "CALI", "cod_comuna": 19.0, "comuna": "Comuna 19", "cod_barrio": 1913.0, "nom_barrio": "El Cedro", "direccion": "76001 Notaria 2, Calle 7, El Cedro, Comuna 19, Cali, Valle del Cauca, COL,EL CEDRO", "sitio": "SIN INFORMACION", "x": -76.537628173830001, "y": 3.4333310127300001, "anio": 2023, "mes": "octubre", "dia": 17, "dia_semana": 3, "hora_hecho": "23:15", "barrio": "EL CEDRO", "estrato": 4, "geom": "0101000020E610000000000080682253C00000004076770B40", "fecha_hech": "2023-10-17 00:00:00" }, "geometry": { "type": "Point", "coordinates": [ -76.537628173830001, 3.43333101273 ] } },
{ "type": "Feature", "properties": { "dinamica": "HURTO", "titulo": "DELITOS CONTRA EL PATRIMONIO ECONOMICO", "capitulo": "DEL HURTO", "articulo": "HURTO CALIFICADO. ART. 240 C.P.", "grado_deli": "NINGUNO", "tipo_notic": "DENUNCIA", "caracteriz": "HURTO A CELULARES", "modalidad": "ATRACO", "modo": "ARMA DE FUEGO", "motivo": "SIN DETERMINAR", "pais": "COLOMBIA", "dane_dep": 76, "departamen": "VALLE DEL CAUCA", "dane_mpio": 76001, "municipio": "CALI", "cod_comuna": 19.0, "comuna": "Comuna 19", "cod_barrio": 1905.0, "nom_barrio": "Eucaristico", "direccion": "76001 CARRERA 36 7 39, BARRIO EUCARÍSTICO, COMUNA 19, CALI, VALLE DEL CAUCA", "sitio": "VIA PUBLICA", "x": -76.53896331787, "y": 3.4260649681099999, "anio": 2023, "mes": "octubre", "dia": 19, "dia_semana": 5, "hora_hecho": "00:00", "barrio": "BARRIO EUCARÍSTICO", "estrato": 4, "geom": "0101000020E6100000000000607E2253C0000000C094680B40", "fecha_hech": "2023-10-19 00:00:00" }, "geometry": { "type": "Point", "coordinates": [ -76.53896331787, 3.42606496811 ] } },
{ "type": "Feature", "properties": { "dinamica": "HURTO", "titulo": "DELITOS CONTRA EL PATRIMONIO ECONOMICO", "capitulo": "DEL HURTO", "articulo": "HURTO CALIFICADO. ART. 240 C.P.", "grado_deli": "NINGUNO", "tipo_notic": "DENUNCIA", "caracteriz": "HURTO A PERSONAS", "modalidad": "ATRACO", "modo": "ARMA DE FUEGO", "motivo": null, "pais": "COLOMBIA", "dane_dep": 76, "departamen": "VALLE DEL CAUCA", "dane_mpio": 76001, "municipio": "CALI", "cod_comuna": 19.0, "comuna": "Comuna 19", "cod_barrio": 1913.0, "nom_barrio": "El Cedro", "direccion": "76001 Calle 7 30 24, El Cedro, Comuna 19, Cali, Valle del Cauca, COL,EL CEDRO", "sitio": "SIN INFORMACION", "x": -76.538040161129999, "y": 3.4300498962399999, "anio": 2023, "mes": "octubre", "dia": 19, "dia_semana": 5, "hora_hecho": "03:00", "barrio": "EL CEDRO", "estrato": 4, "geom": "0101000020E6100000000000406F2253C000000000BE700B40", "fecha_hech": "2023-10-19 00:00:00" }, "geometry": { "type": "Point", "coordinates": [ -76.538040161129999, 3.43004989624 ] } },
{ "type": "Feature", "properties": { "dinamica": "HURTO", "titulo": "DELITOS CONTRA EL PATRIMONIO ECONOMICO", "capitulo": "DEL HURTO", "articulo": "HURTO CALIFICADO. ART. 240 C.P.", "grado_deli": "NINGUNO", "tipo_notic": "DENUNCIA", "caracteriz": "HURTO DE AUTOPARTES", "modalidad": "FACTOR DE OPORTUNIDAD", "modo": null, "motivo": null, "pais": "COLOMBIA", "dane_dep": 76, "departamen": "VALLE DEL CAUCA", "dane_mpio": 76001, "municipio": "CALI", "cod_comuna": 19.0, "comuna": "Comuna 19", "cod_barrio": 1912.0, "nom_barrio": "3 de Julio", "direccion": "76001 CALLE 5C 26 80, 3 DE JULIO, COMUNA 19, CALI, VALLE DEL CAUCA", "sitio": "VIA PUBLICA", "x": -76.539733886720001, "y": 3.4338290691400002, "anio": 2023, "mes": "octubre", "dia": 23, "dia_semana": 2, "hora_hecho": "12:30", "barrio": "3 DE JULIO", "estrato": 4, "geom": "0101000020E6100000000000008B2253C0000000607B780B40", "fecha_hech": "2023-10-23 00:00:00" }, "geometry": { "type": "Point", "coordinates": [ -76.539733886720001, 3.43382906914 ] } },
{ "type": "Feature", "properties": { "dinamica": "HURTO", "titulo": "DELITOS CONTRA EL PATRIMONIO ECONOMICO", "capitulo": "DEL HURTO", "articulo": "HURTO CALIFICADO. ART. 240 C.P.", "grado_deli": "NINGUNO", "tipo_notic": "DENUNCIA", "caracteriz": "HURTO A CELULARES", "modalidad": "ATRACO", "modo": "ARMA BLANCA", "motivo": "SIN DETERMINAR", "pais": "COLOMBIA", "dane_dep": 76, "departamen": "VALLE DEL CAUCA", "dane_mpio": 76001, "municipio": "CALI", "cod_comuna": 19.0, "comuna": "Comuna 19", "cod_barrio": 1906.0, "nom_barrio": "San Fernando Nuevo", "direccion": "76001 CALLE 5B4 CON CARRERA 37, SAN FERNANDO NUEVO, COMUNA 19, CALI, VALLE DEL CAUCA", "sitio": "VIA PUBLICA", "x": -76.541778564449999, "y": 3.42650008202, "anio": 2023, "mes": "octubre", "dia": 23, "dia_semana": 2, "hora_hecho": "21:45", "barrio": "SAN FERNANDO NUEVO", "estrato": 4, "geom": "0101000020E610000000000080AC2253C0000000E078690B40", "fecha_hech": "2023-10-23 00:00:00" }, "geometry": { "type": "Point", "coordinates": [ -76.541778564449999, 3.42650008202 ] } },
{ "type": "Feature", "properties": { "dinamica": "HURTO", "titulo": "DELITOS CONTRA EL PATRIMONIO ECONOMICO", "capitulo": "DEL HURTO", "articulo": "HURTO CALIFICADO. ART. 240 C.P.", "grado_deli": "NINGUNO", "tipo_notic": "DENUNCIA", "caracteriz": "HURTO A PERSONAS", "modalidad": "ATRACO", "modo": "ARMA BLANCA", "motivo": null, "pais": "COLOMBIA", "dane_dep": 76, "departamen": "VALLE DEL CAUCA", "dane_mpio": 76001, "municipio": "CALI", "cod_comuna": 19.0, "comuna": "Comuna 19", "cod_barrio": 1906.0, "nom_barrio": "San Fernando Nuevo", "direccion": "76001 Carrera 36B con Calle 5B3, San Fernando Nuevo, Comuna 19, Cali, Valle del Cauca, COL,SAN FERNANDO NUEVO", "sitio": "SIN INFORMACION", "x": -76.54160308838, "y": 3.4277799129500002, "anio": 2023, "mes": "octubre", "dia": 24, "dia_semana": 3, "hora_hecho": "00:45", "barrio": "SAN FERNANDO NUEVO", "estrato": 4, "geom": "0101000020E6100000000000A0A92253C0000000E0176C0B40", "fecha_hech": "2023-10-24 00:00:00" }, "geometry": { "type": "Point", "coordinates": [ -76.54160308838, 3.42777991295 ] } },
{ "type": "Feature", "properties": { "dinamica": "HURTO", "titulo": "DELITOS CONTRA EL PATRIMONIO ECONOMICO", "capitulo": "DEL HURTO", "articulo": "HURTO CALIFICADO. ART. 240 C.P.", "grado_deli": "AGRAVADO", "tipo_notic": "DENUNCIA", "caracteriz": "HURTO A PERSONAS", "modalidad": "ATRACO", "modo": "SIN ARMA", "motivo": null, "pais": "COLOMBIA", "dane_dep": 76, "departamen": "VALLE DEL CAUCA", "dane_mpio": 76001, "municipio": "CALI", "cod_comuna": 19.0, "comuna": "Comuna 19", "cod_barrio": 1914.0, "nom_barrio": "Champagnat", "direccion": "76001 Carrera 32A con Calle 9, Champagnat, Comuna 19, Cali, Valle del Cauca, COL,U DEP PANAMERICANA ANT HIPÓDROMO", "sitio": "SIN INFORMACION", "x": -76.537063598629999, "y": 3.4272201061200001, "anio": 2023, "mes": "octubre", "dia": 25, "dia_semana": 4, "hora_hecho": "00:00", "barrio": "U DEP PANAMERICANA ANT HIPÓDROMO", "estrato": 4, "geom": "0101000020E6100000000000405F2253C000000060F26A0B40", "fecha_hech": "2023-10-25 00:00:00" }, "geometry": { "type": "Point", "coordinates": [ -76.537063598629999, 3.42722010612 ] } },
{ "type": "Feature", "properties": { "dinamica": "HURTO", "titulo": "DELITOS CONTRA EL PATRIMONIO ECONOMICO", "capitulo": "DEL HURTO", "articulo": "HURTO. ART. 239 C.P.", "grado_deli": "NINGUNO", "tipo_notic": "DENUNCIA", "caracteriz": "HURTO A ESTABLECIMIENTOS", "modalidad": "VIOLACION DE CERRADURA", "modo": null, "motivo": null, "pais": "COLOMBIA", "dane_dep": 76, "departamen": "VALLE DEL CAUCA", "dane_mpio": 76001, "municipio": "CALI", "cod_comuna": 19.0, "comuna": "Comuna 19", "cod_barrio": 1913.0, "nom_barrio": "El Cedro", "direccion": "76001 CARRERA 34 7, BARRIO EUCARÍSTICO, COMUNA 19, CALI, VALLE DEL CAUCA", "sitio": "VIA PUBLICA", "x": -76.538284301760001, "y": 3.4273200035100002, "anio": 2023, "mes": "octubre", "dia": 25, "dia_semana": 4, "hora_hecho": "07:30", "barrio": "EL CEDRO", "estrato": 4, "geom": "0101000020E610000000000040732253C0000000C0266B0B40", "fecha_hech": "2023-10-25 00:00:00" }, "geometry": { "type": "Point", "coordinates": [ -76.538284301760001, 3.42732000351 ] } },
{ "type": "Feature", "properties": { "dinamica": "HURTO", "titulo": "DELITOS CONTRA EL PATRIMONIO ECONOMICO", "capitulo": "DEL HURTO", "articulo": "HURTO CALIFICADO. ART. 240 C.P.", "grado_deli": "NINGUNO", "tipo_notic": "DENUNCIA", "caracteriz": "HURTO A PERSONAS", "modalidad": "ATRACO", "modo": "ARMA BLANCA", "motivo": null, "pais": "COLOMBIA", "dane_dep": 76, "departamen": "VALLE DEL CAUCA", "dane_mpio": 76001, "municipio": "CALI", "cod_comuna": 19.0, "comuna": "Comuna 19", "cod_barrio": 1906.0, "nom_barrio": "San Fernando Nuevo", "direccion": "76001 CALLE 5B3, SAN FERNANDO NUEVO, COMUNA 19, CALI, VALLE DEL CAUCA", "sitio": "VIA PUBLICA", "x": -76.54054260254, "y": 3.4285550117499999, "anio": 2023, "mes": "octubre", "dia": 25, "dia_semana": 4, "hora_hecho": "12:30", "barrio": "SAN FERNANDO NUEVO", "estrato": 4, "geom": "0101000020E610000000000040982253C000000040AE6D0B40", "fecha_hech": "2023-10-25 00:00:00" }, "geometry": { "type": "Point", "coordinates": [ -76.54054260254, 3.42855501175 ] } },
{ "type": "Feature", "properties": { "dinamica": "HURTO", "titulo": "DELITOS CONTRA EL PATRIMONIO ECONOMICO", "capitulo": "DEL HURTO", "articulo": "HURTO CALIFICADO. ART. 240 C.P.", "grado_deli": "NINGUNO", "tipo_notic": "DENUNCIA", "caracteriz": "HURTO A CELULARES", "modalidad": "ATRACO", "modo": "ARMA DE FUEGO", "motivo": "SIN DETERMINAR", "pais": "COLOMBIA", "dane_dep": 76, "departamen": "VALLE DEL CAUCA", "dane_mpio": 76001, "municipio": "CALI", "cod_comuna": 19.0, "comuna": "Comuna 19", "cod_barrio": 1905.0, "nom_barrio": "Eucaristico", "direccion": "76001 CALLE 8 CON CARRERA 34, BARRIO EUCARÍSTICO, COMUNA 19, CALI, VALLE DEL CAUCA", "sitio": "VIA PUBLICA", "x": -76.538093566889998, "y": 3.4268000125900002, "anio": 2023, "mes": "octubre", "dia": 25, "dia_semana": 4, "hora_hecho": "17:00", "barrio": "BARRIO EUCARÍSTICO", "estrato": 4, "geom": "0101000020E610000000000020702253C000000020166A0B40", "fecha_hech": "2023-10-25 00:00:00" }, "geometry": { "type": "Point", "coordinates": [ -76.538093566889998, 3.42680001259 ] } },
{ "type": "Feature", "properties": { "dinamica": "HURTO", "titulo": "DELITOS CONTRA EL PATRIMONIO ECONOMICO", "capitulo": "DEL HURTO", "articulo": "HURTO CALIFICADO. ART. 240 C.P.", "grado_deli": "NINGUNO", "tipo_notic": "ACTOS URGENTES", "caracteriz": "HURTO A RESIDENCIA", "modalidad": "ATRACO", "modo": "ARMA DE FUEGO", "motivo": null, "pais": "COLOMBIA", "dane_dep": 76, "departamen": "VALLE DEL CAUCA", "dane_mpio": 76001, "municipio": "CALI", "cod_comuna": 19.0, "comuna": "Comuna 19", "cod_barrio": 1905.0, "nom_barrio": "Eucaristico", "direccion": "76001 CARRERA 36 7 60, BARRIO EUCARÍSTICO, COMUNA 19, CALI, VALLE DEL CAUCA", "sitio": "DOMICILIO", "x": -76.53904724121, "y": 3.42598009109, "anio": 2023, "mes": "octubre", "dia": 28, "dia_semana": 7, "hora_hecho": "02:00", "barrio": "BARRIO EUCARÍSTICO", "estrato": 4, "geom": "0101000020E6100000000000C07F2253C00000004068680B40", "fecha_hech": "2023-10-28 00:00:00" }, "geometry": { "type": "Point", "coordinates": [ -76.53904724121, 3.42598009109 ] } },
{ "type": "Feature", "properties": { "dinamica": "HURTO", "titulo": "DELITOS CONTRA EL PATRIMONIO ECONOMICO", "capitulo": "DEL HURTO", "articulo": "HURTO. ART. 239 C.P.", "grado_deli": "NINGUNO", "tipo_notic": "DENUNCIA", "caracteriz": "HURTO A PERSONAS", "modalidad": "FACTOR DE OPORTUNIDAD", "modo": null, "motivo": null, "pais": "COLOMBIA", "dane_dep": 76, "departamen": "VALLE DEL CAUCA", "dane_mpio": 76001, "municipio": "CALI", "cod_comuna": 19.0, "comuna": "Comuna 19", "cod_barrio": 1905.0, "nom_barrio": "Eucaristico", "direccion": "76001 CALLE 5F 36 90", "sitio": "VIA PUBLICA", "x": -76.5404586792, "y": 3.42611098289, "anio": 2023, "mes": "octubre", "dia": 30, "dia_semana": 2, "hora_hecho": "18:00", "barrio": "BARRIO EUCARÍSTICO", "estrato": 4, "geom": "0101000020E6100000000000E0962253C0000000E0AC680B40", "fecha_hech": "2023-10-30 00:00:00" }, "geometry": { "type": "Point", "coordinates": [ -76.5404586792, 3.42611098289 ] } },
{ "type": "Feature", "properties": { "dinamica": "HURTO", "titulo": "DELITOS CONTRA EL PATRIMONIO ECONOMICO", "capitulo": "DEL HURTO", "articulo": "HURTO CALIFICADO. ART. 240 C.P.", "grado_deli": "NINGUNO", "tipo_notic": "DENUNCIA", "caracteriz": "HURTO DE MOTOCICLETAS", "modalidad": "HALADO", "modo": null, "motivo": null, "pais": "COLOMBIA", "dane_dep": 76, "departamen": "VALLE DEL CAUCA", "dane_mpio": 76001, "municipio": "CALI", "cod_comuna": 19.0, "comuna": "Comuna 19", "cod_barrio": 1905.0, "nom_barrio": "Eucaristico", "direccion": "76001 CARRERA 36 CON CALLE 6, BARRIO EUCARÍSTICO, COMUNA 19, CALI, VALLE DEL CAUCA", "sitio": "ZONA DE PARQUEO", "x": -76.539756774899999, "y": 3.4268300533299998, "anio": 2023, "mes": "octubre", "dia": 30, "dia_semana": 2, "hora_hecho": "20:30", "barrio": "BARRIO EUCARÍSTICO", "estrato": 4, "geom": "0101000020E6100000000000608B2253C0000000E0256A0B40", "fecha_hech": "2023-10-30 00:00:00" }, "geometry": { "type": "Point", "coordinates": [ -76.539756774899999, 3.42683005333 ] } },
{ "type": "Feature", "properties": { "dinamica": "HURTO", "titulo": "DELITOS CONTRA EL PATRIMONIO ECONOMICO", "capitulo": "DEL HURTO", "articulo": "HURTO CALIFICADO. ART. 240 C.P.", "grado_deli": "NINGUNO", "tipo_notic": "DENUNCIA", "caracteriz": "HURTO DE VEHICULOS", "modalidad": "HALADO", "modo": null, "motivo": null, "pais": "COLOMBIA", "dane_dep": 76, "departamen": "VALLE DEL CAUCA", "dane_mpio": 76001, "municipio": "CALI", "cod_comuna": 19.0, "comuna": "Comuna 19", "cod_barrio": 1913.0, "nom_barrio": "El Cedro", "direccion": "76001 CARRERA 26 6 1", "sitio": "VIA PUBLICA", "x": -76.538749694819998, "y": 3.4343919754000001, "anio": 2023, "mes": "noviembre", "dia": 3, "dia_semana": 6, "hora_hecho": "18:00", "barrio": "EL CEDRO", "estrato": 4, "geom": "0101000020E6100000000000E07A2253C000000080A2790B40", "fecha_hech": "2023-11-03 00:00:00" }, "geometry": { "type": "Point", "coordinates": [ -76.538749694819998, 3.4343919754 ] } },
{ "type": "Feature", "properties": { "dinamica": "HURTO", "titulo": "DELITOS CONTRA EL PATRIMONIO ECONOMICO", "capitulo": "DEL HURTO", "articulo": "HURTO. ART. 239 C.P.", "grado_deli": "NINGUNO", "tipo_notic": "DENUNCIA", "caracteriz": "HURTO A PERSONAS", "modalidad": "RAPONAZO", "modo": null, "motivo": null, "pais": "COLOMBIA", "dane_dep": 76, "departamen": "VALLE DEL CAUCA", "dane_mpio": 76001, "municipio": "CALI", "cod_comuna": 19.0, "comuna": "Comuna 19", "cod_barrio": 1905.0, "nom_barrio": "Eucaristico", "direccion": "76001 Carrera 34 con Calle 9, Barrio Eucarístico, Comuna 19, Cali, Valle del Cauca, COL,EL CEDRO", "sitio": "SIN INFORMACION", "x": -76.537590026860002, "y": 3.4261798858599999, "anio": 2023, "mes": "noviembre", "dia": 7, "dia_semana": 3, "hora_hecho": "10:00", "barrio": "EL CEDRO", "estrato": 4, "geom": "0101000020E6100000000000E0672253C000000000D1680B40", "fecha_hech": "2023-11-07 00:00:00" }, "geometry": { "type": "Point", "coordinates": [ -76.537590026860002, 3.42617988586 ] } },
{ "type": "Feature", "properties": { "dinamica": "HURTO", "titulo": "DELITOS CONTRA EL PATRIMONIO ECONOMICO", "capitulo": "DEL HURTO", "articulo": "HURTO. ART. 239 C.P.", "grado_deli": "NINGUNO", "tipo_notic": "DENUNCIA", "caracteriz": "HURTO A PERSONAS", "modalidad": "COSQUILLEO", "modo": null, "motivo": null, "pais": "COLOMBIA", "dane_dep": 76, "departamen": "VALLE DEL CAUCA", "dane_mpio": 76001, "municipio": "CALI", "cod_comuna": 19.0, "comuna": "Comuna 19", "cod_barrio": 1913.0, "nom_barrio": "El Cedro", "direccion": "76001 CARRERA 34 6 2", "sitio": "TRANSPORTE MASIVO", "x": -76.539054870610002, "y": 3.4283499717699999, "anio": 2023, "mes": "noviembre", "dia": 7, "dia_semana": 3, "hora_hecho": "22:30", "barrio": "EL CEDRO", "estrato": 4, "geom": "0101000020E6100000000000E07F2253C0000000C0426D0B40", "fecha_hech": "2023-11-07 00:00:00" }, "geometry": { "type": "Point", "coordinates": [ -76.539054870610002, 3.42834997177 ] } },
{ "type": "Feature", "properties": { "dinamica": "HURTO", "titulo": "DELITOS CONTRA EL PATRIMONIO ECONOMICO", "capitulo": "DEL HURTO", "articulo": "HURTO CALIFICADO. ART. 240 C.P.", "grado_deli": "NINGUNO", "tipo_notic": "DENUNCIA", "caracteriz": "HURTO DE VEHICULOS", "modalidad": "HALADO", "modo": null, "motivo": null, "pais": "COLOMBIA", "dane_dep": 76, "departamen": "VALLE DEL CAUCA", "dane_mpio": 76001, "municipio": "CALI", "cod_comuna": 19.0, "comuna": "Comuna 19", "cod_barrio": 1913.0, "nom_barrio": "El Cedro", "direccion": "76001 CALLE 7 30A 34, EL CEDRO, COMUNA 19, CALI, VALLE DEL CAUCA", "sitio": "DOMICILIO", "x": -76.538223266599999, "y": 3.4294500351, "anio": 2023, "mes": "noviembre", "dia": 8, "dia_semana": 4, "hora_hecho": "00:00", "barrio": "EL CEDRO", "estrato": 4, "geom": "0101000020E610000000000040722253C000000080836F0B40", "fecha_hech": "2023-11-08 00:00:00" }, "geometry": { "type": "Point", "coordinates": [ -76.538223266599999, 3.4294500351 ] } },
{ "type": "Feature", "properties": { "dinamica": "HURTO", "titulo": "DELITOS CONTRA EL PATRIMONIO ECONOMICO", "capitulo": "DEL HURTO", "articulo": "HURTO CALIFICADO. ART. 240 C.P.", "grado_deli": "AGRAVADO", "tipo_notic": "ACTOS URGENTES", "caracteriz": "HURTO A ESTABLECIMIENTOS", "modalidad": "FACTOR DE OPORTUNIDAD", "modo": null, "motivo": null, "pais": "COLOMBIA", "dane_dep": 76, "departamen": "VALLE DEL CAUCA", "dane_mpio": 76001, "municipio": "CALI", "cod_comuna": 19.0, "comuna": "Comuna 19", "cod_barrio": 1906.0, "nom_barrio": "San Fernando Nuevo", "direccion": "76001 CALLE 5B4 36B 34", "sitio": "ESTABLECIMIENTO EDUCATIVO", "x": -76.54133605957, "y": 3.4268789291399999, "anio": 2023, "mes": "noviembre", "dia": 8, "dia_semana": 4, "hora_hecho": "18:00", "barrio": "SAN FERNANDO NUEVO", "estrato": 4, "geom": "0101000020E610000000000040A52253C0000000803F6A0B40", "fecha_hech": "2023-11-08 00:00:00" }, "geometry": { "type": "Point", "coordinates": [ -76.54133605957, 3.42687892914 ] } },
{ "type": "Feature", "properties": { "dinamica": "HURTO", "titulo": "DELITOS CONTRA EL PATRIMONIO ECONOMICO", "capitulo": "DEL HURTO", "articulo": "HURTO. ART. 239 C.P.", "grado_deli": "NINGUNO", "tipo_notic": "DENUNCIA", "caracteriz": "HURTO A CELULARES", "modalidad": "COSQUILLEO", "modo": null, "motivo": null, "pais": "COLOMBIA", "dane_dep": 76, "departamen": "VALLE DEL CAUCA", "dane_mpio": 76001, "municipio": "CALI", "cod_comuna": 19.0, "comuna": "Comuna 19", "cod_barrio": 1913.0, "nom_barrio": "El Cedro", "direccion": "76001 CALLE 8, EL CEDRO, COMUNA 19, CALI, VALLE DEL CAUCA", "sitio": "VIA PUBLICA", "x": -76.537971496579999, "y": 3.4272549152399998, "anio": 2023, "mes": "noviembre", "dia": 9, "dia_semana": 5, "hora_hecho": "05:50", "barrio": "EL CEDRO", "estrato": 4, "geom": "0101000020E6100000000000206E2253C0000000A0046B0B40", "fecha_hech": "2023-11-09 00:00:00" }, "geometry": { "type": "Point", "coordinates": [ -76.537971496579999, 3.42725491524 ] } },
{ "type": "Feature", "properties": { "dinamica": "HURTO", "titulo": "DELITOS CONTRA EL PATRIMONIO ECONOMICO", "capitulo": "DEL HURTO", "articulo": "HURTO CALIFICADO. ART. 240 C.P.", "grado_deli": "NINGUNO", "tipo_notic": "DENUNCIA", "caracteriz": "HURTO DE VEHICULOS", "modalidad": "HALADO", "modo": null, "motivo": null, "pais": "COLOMBIA", "dane_dep": 76, "departamen": "VALLE DEL CAUCA", "dane_mpio": 76001, "municipio": "CALI", "cod_comuna": 19.0, "comuna": "Comuna 19", "cod_barrio": 1912.0, "nom_barrio": "3 de Julio", "direccion": "76001 CL 6 SUR CON KR 29-72 CALLE 6 No 29 72", "sitio": "SIN INFORMACION", "x": -76.539024353030001, "y": 3.4312570095099999, "anio": 2023, "mes": "noviembre", "dia": 10, "dia_semana": 6, "hora_hecho": "17:30", "barrio": null, "estrato": 4, "geom": "0101000020E6100000000000607F2253C0000000E036730B40", "fecha_hech": "2023-11-10 00:00:00" }, "geometry": { "type": "Point", "coordinates": [ -76.539024353030001, 3.43125700951 ] } },
{ "type": "Feature", "properties": { "dinamica": "HURTO", "titulo": "DELITOS CONTRA EL PATRIMONIO ECONOMICO", "capitulo": "DEL HURTO", "articulo": "HURTO. ART. 239 C.P.", "grado_deli": "NINGUNO", "tipo_notic": "QUERELLA", "caracteriz": "HURTO A PERSONAS", "modalidad": "FACTOR DE OPORTUNIDAD", "modo": null, "motivo": null, "pais": "COLOMBIA", "dane_dep": 76, "departamen": "VALLE DEL CAUCA", "dane_mpio": 76001, "municipio": "CALI", "cod_comuna": 19.0, "comuna": "Comuna 19", "cod_barrio": 1912.0, "nom_barrio": "3 de Julio", "direccion": "76001 CALLE 6 27 12", "sitio": "VIA PUBLICA", "x": -76.538871765140001, "y": 3.4331459999099998, "anio": 2023, "mes": "noviembre", "dia": 11, "dia_semana": 7, "hora_hecho": "15:30", "barrio": "3 DE JULIO", "estrato": 4, "geom": "0101000020E6100000000000E07C2253C00000004015770B40", "fecha_hech": "2023-11-11 00:00:00" }, "geometry": { "type": "Point", "coordinates": [ -76.538871765140001, 3.43314599991 ] } },
{ "type": "Feature", "properties": { "dinamica": "HURTO", "titulo": "DELITOS CONTRA EL PATRIMONIO ECONOMICO", "capitulo": "DEL HURTO", "articulo": "HURTO. ART. 239 C.P.", "grado_deli": "NINGUNO", "tipo_notic": "DENUNCIA", "caracteriz": "HURTO A ESTABLECIMIENTOS", "modalidad": "FACTOR DE OPORTUNIDAD", "modo": null, "motivo": null, "pais": "COLOMBIA", "dane_dep": 76, "departamen": "VALLE DEL CAUCA", "dane_mpio": 76001, "municipio": "CALI", "cod_comuna": 19.0, "comuna": "Comuna 19", "cod_barrio": 1905.0, "nom_barrio": "Eucaristico", "direccion": "76001 Calle 8 con Carrera 34, Barrio Eucarístico, Comuna 19, Cali, Valle del Cauca, COL,BARRIO EUCARÍSTICO", "sitio": "SIN INFORMACION", "x": -76.538093566889998, "y": 3.4268000125900002, "anio": 2023, "mes": "noviembre", "dia": 13, "dia_semana": 2, "hora_hecho": "04:11", "barrio": "BARRIO EUCARÍSTICO", "estrato": 4, "geom": "0101000020E610000000000020702253C000000020166A0B40", "fecha_hech": "2023-11-13 00:00:00" }, "geometry": { "type": "Point", "coordinates": [ -76.538093566889998, 3.42680001259 ] } },
{ "type": "Feature", "properties": { "dinamica": "HURTO", "titulo": "DELITOS CONTRA EL PATRIMONIO ECONOMICO", "capitulo": "DEL HURTO", "articulo": "HURTO. ART. 239 C.P.", "grado_deli": "NINGUNO", "tipo_notic": "DENUNCIA", "caracteriz": "HURTO A CELULARES", "modalidad": "COSQUILLEO", "modo": null, "motivo": null, "pais": "COLOMBIA", "dane_dep": 76, "departamen": "VALLE DEL CAUCA", "dane_mpio": 76001, "municipio": "CALI", "cod_comuna": 19.0, "comuna": "Comuna 19", "cod_barrio": 1912.0, "nom_barrio": "3 de Julio", "direccion": "76001 AVENIDA ROOSEVELT 29 47", "sitio": "VIA PUBLICA", "x": -76.53896331787, "y": 3.43131089211, "anio": 2023, "mes": "noviembre", "dia": 16, "dia_semana": 5, "hora_hecho": "13:00", "barrio": "3 DE JULIO", "estrato": 4, "geom": "0101000020E6100000000000607E2253C00000002053730B40", "fecha_hech": "2023-11-16 00:00:00" }, "geometry": { "type": "Point", "coordinates": [ -76.53896331787, 3.43131089211 ] } },
{ "type": "Feature", "properties": { "dinamica": "HURTO", "titulo": "DELITOS CONTRA EL PATRIMONIO ECONOMICO", "capitulo": "DEL HURTO", "articulo": "HURTO CALIFICADO. ART. 240 C.P.", "grado_deli": "NINGUNO", "tipo_notic": "DENUNCIA", "caracteriz": "HURTO DE AUTOPARTES", "modalidad": "FACTOR DE OPORTUNIDAD", "modo": null, "motivo": null, "pais": "COLOMBIA", "dane_dep": 76, "departamen": "VALLE DEL CAUCA", "dane_mpio": 76001, "municipio": "CALI", "cod_comuna": 19.0, "comuna": "Comuna 19", "cod_barrio": 1913.0, "nom_barrio": "El Cedro", "direccion": "76001 CARRERA 27 6 21, EL CEDRO, COMUNA 19, CALI, VALLE DEL CAUCA", "sitio": "VIA PUBLICA", "x": -76.538665771479998, "y": 3.4333400726300001, "anio": 2023, "mes": "noviembre", "dia": 16, "dia_semana": 5, "hora_hecho": "18:30", "barrio": "EL CEDRO", "estrato": 4, "geom": "0101000020E610000000000080792253C0000000007B770B40", "fecha_hech": "2023-11-16 00:00:00" }, "geometry": { "type": "Point", "coordinates": [ -76.538665771479998, 3.43334007263 ] } },
{ "type": "Feature", "properties": { "dinamica": "HURTO", "titulo": "DELITOS CONTRA EL PATRIMONIO ECONOMICO", "capitulo": "DEL HURTO", "articulo": "HURTO CALIFICADO. ART. 240 C.P.", "grado_deli": "NINGUNO", "tipo_notic": "DENUNCIA", "caracteriz": "HURTO A PERSONAS", "modalidad": "COSQUILLEO", "modo": null, "motivo": null, "pais": "COLOMBIA", "dane_dep": 76, "departamen": "VALLE DEL CAUCA", "dane_mpio": 76001, "municipio": "CALI", "cod_comuna": 19.0, "comuna": "Comuna 19", "cod_barrio": 1912.0, "nom_barrio": "3 de Julio", "direccion": "76001 CARRERA 26 5B 5, 3 DE JULIO, COMUNA 19, CALI, VALLE DEL CAUCA", "sitio": "ESTACION DE ARTICULADO", "x": -76.54035949707, "y": 3.4345030784600001, "anio": 2023, "mes": "noviembre", "dia": 20, "dia_semana": 2, "hora_hecho": "07:30", "barrio": "3 DE JULIO", "estrato": 4, "geom": "0101000020E610000000000040952253C0000000C0DC790B40", "fecha_hech": "2023-11-20 00:00:00" }, "geometry": { "type": "Point", "coordinates": [ -76.54035949707, 3.43450307846 ] } },
{ "type": "Feature", "properties": { "dinamica": "HURTO", "titulo": "DELITOS CONTRA EL PATRIMONIO ECONOMICO", "capitulo": "DEL HURTO", "articulo": "HURTO CALIFICADO. ART. 240 C.P.", "grado_deli": "NINGUNO", "tipo_notic": "DENUNCIA", "caracteriz": "HURTO A CELULARES", "modalidad": "ATRACO", "modo": "ARMA DE FUEGO", "motivo": "SIN DETERMINAR", "pais": "COLOMBIA", "dane_dep": 76, "departamen": "VALLE DEL CAUCA", "dane_mpio": 76001, "municipio": "CALI", "cod_comuna": 19.0, "comuna": "Comuna 19", "cod_barrio": 1913.0, "nom_barrio": "El Cedro", "direccion": "76001 CARRERA 34 8, BARRIO EUCARÍSTICO, COMUNA 19, CALI, VALLE DEL CAUCA", "sitio": "VIA PUBLICA", "x": -76.537963867190001, "y": 3.4269099235499998, "anio": 2023, "mes": "noviembre", "dia": 20, "dia_semana": 2, "hora_hecho": "16:00", "barrio": "EL CEDRO", "estrato": 4, "geom": "0101000020E6100000000000006E2253C0000000C04F6A0B40", "fecha_hech": "2023-11-20 00:00:00" }, "geometry": { "type": "Point", "coordinates": [ -76.537963867190001, 3.42690992355 ] } },
{ "type": "Feature", "properties": { "dinamica": "HURTO", "titulo": "DELITOS CONTRA EL PATRIMONIO ECONOMICO", "capitulo": "DEL HURTO", "articulo": "HURTO CALIFICADO. ART. 240 C.P.", "grado_deli": "AGRAVADO", "tipo_notic": "DENUNCIA", "caracteriz": "HURTO A ESTABLECIMIENTOS", "modalidad": "VENTOSA", "modo": null, "motivo": null, "pais": "COLOMBIA", "dane_dep": 76, "departamen": "VALLE DEL CAUCA", "dane_mpio": 76001, "municipio": "CALI", "cod_comuna": 19.0, "comuna": "Comuna 19", "cod_barrio": 1905.0, "nom_barrio": "Eucaristico", "direccion": "76001 CARRERA 36A, BARRIO EUCARÍSTICO, COMUNA 19, CALI, VALLE DEL CAUCA", "sitio": "ESTABLECIMIENTO DE COMERCIO", "x": -76.539779663090002, "y": 3.4259150028200001, "anio": 2023, "mes": "noviembre", "dia": 23, "dia_semana": 5, "hora_hecho": "00:30", "barrio": "BARRIO EUCARÍSTICO", "estrato": 4, "geom": "0101000020E6100000000000C08B2253C00000002046680B40", "fecha_hech": "2023-11-23 00:00:00" }, "geometry": { "type": "Point", "coordinates": [ -76.539779663090002, 3.42591500282 ] } },
{ "type": "Feature", "properties": { "dinamica": "HURTO", "titulo": "DELITOS CONTRA EL PATRIMONIO ECONOMICO", "capitulo": "DEL HURTO", "articulo": "HURTO CALIFICADO. ART. 240 C.P.", "grado_deli": "NINGUNO", "tipo_notic": "DENUNCIA", "caracteriz": "HURTO A ESTABLECIMIENTOS", "modalidad": "FACTOR DE OPORTUNIDAD", "modo": null, "motivo": null, "pais": "COLOMBIA", "dane_dep": 76, "departamen": "VALLE DEL CAUCA", "dane_mpio": 76001, "municipio": "CALI", "cod_comuna": 19.0, "comuna": "Comuna 19", "cod_barrio": 1905.0, "nom_barrio": "Eucaristico", "direccion": "76001 Avenida Roosevelt con Carrera 36A, Barrio Eucarístico, Comuna 19, Cali, Valle del Cauca, COL,BARRIO EUCARÍSTICO", "sitio": "SIN INFORMACION", "x": -76.53997039795, "y": 3.4260001182600002, "anio": 2023, "mes": "noviembre", "dia": 23, "dia_semana": 5, "hora_hecho": "05:10", "barrio": "BARRIO EUCARÍSTICO", "estrato": 4, "geom": "0101000020E6100000000000E08E2253C0000000C072680B40", "fecha_hech": "2023-11-23 00:00:00" }, "geometry": { "type": "Point", "coordinates": [ -76.53997039795, 3.42600011826 ] } },
{ "type": "Feature", "properties": { "dinamica": "HURTO", "titulo": "DELITOS CONTRA EL PATRIMONIO ECONOMICO", "capitulo": "DEL HURTO", "articulo": "HURTO CALIFICADO. ART. 240 C.P.", "grado_deli": "NINGUNO", "tipo_notic": "DENUNCIA", "caracteriz": "HURTO A ESTABLECIMIENTOS", "modalidad": "LLAVE MAESTRA", "modo": null, "motivo": null, "pais": "COLOMBIA", "dane_dep": 76, "departamen": "VALLE DEL CAUCA", "dane_mpio": 76001, "municipio": "CALI", "cod_comuna": 19.0, "comuna": "Comuna 19", "cod_barrio": 1905.0, "nom_barrio": "Eucaristico", "direccion": "76001 AVENIDA ROOSEVELT 36A 41, BARRIO EUCARÍSTICO, COMUNA 19, CALI, VALLE DEL CAUCA", "sitio": "VIA PUBLICA", "x": -76.540069580080001, "y": 3.42562890053, "anio": 2023, "mes": "noviembre", "dia": 23, "dia_semana": 5, "hora_hecho": "05:10", "barrio": "BARRIO EUCARÍSTICO", "estrato": 4, "geom": "0101000020E610000000000080902253C000000020B0670B40", "fecha_hech": "2023-11-23 00:00:00" }, "geometry": { "type": "Point", "coordinates": [ -76.540069580080001, 3.42562890053 ] } },
{ "type": "Feature", "properties": { "dinamica": "HURTO", "titulo": "DELITOS CONTRA EL PATRIMONIO ECONOMICO", "capitulo": "DEL HURTO", "articulo": "HURTO CALIFICADO. ART. 240 C.P.", "grado_deli": "TENTATIVA", "tipo_notic": "ACTOS URGENTES", "caracteriz": "HURTO DE AUTOPARTES", "modalidad": "FACTOR DE OPORTUNIDAD", "modo": null, "motivo": null, "pais": "COLOMBIA", "dane_dep": 76, "departamen": "VALLE DEL CAUCA", "dane_mpio": 76001, "municipio": "CALI", "cod_comuna": 19.0, "comuna": "Comuna 19", "cod_barrio": 1913.0, "nom_barrio": "El Cedro", "direccion": "76001 CALLE 6 CON CARRERA 24, EL CEDRO, COMUNA 19, CALI, VALLE DEL CAUCA", "sitio": "VIA PUBLICA", "x": -76.538261413569998, "y": 3.43739008904, "anio": 2023, "mes": "noviembre", "dia": 27, "dia_semana": 2, "hora_hecho": "03:05", "barrio": "EL CEDRO", "estrato": 4, "geom": "0101000020E6100000000000E0722253C000000060C67F0B40", "fecha_hech": "2023-11-27 00:00:00" }, "geometry": { "type": "Point", "coordinates": [ -76.538261413569998, 3.43739008904 ] } },
{ "type": "Feature", "properties": { "dinamica": "HURTO", "titulo": "DELITOS CONTRA EL PATRIMONIO ECONOMICO", "capitulo": "DEL HURTO", "articulo": "HURTO CALIFICADO. ART. 240 C.P.", "grado_deli": "NINGUNO", "tipo_notic": "DENUNCIA", "caracteriz": "HURTO A PERSONAS", "modalidad": "ATRACO", "modo": "ARMA DE FUEGO", "motivo": null, "pais": "COLOMBIA", "dane_dep": 76, "departamen": "VALLE DEL CAUCA", "dane_mpio": 76001, "municipio": "CALI", "cod_comuna": 19.0, "comuna": "Comuna 19", "cod_barrio": 1905.0, "nom_barrio": "Eucaristico", "direccion": "76001 Parque El Templete, Calle 6 36, Barrio Eucarístico, Comuna 19, Cali, Valle del Cauca, COL,BARRIO EUCARÍSTICO", "sitio": "SIN INFORMACION", "x": -76.53978729248, "y": 3.4263598918899998, "anio": 2023, "mes": "noviembre", "dia": 27, "dia_semana": 2, "hora_hecho": "13:30", "barrio": "BARRIO EUCARÍSTICO", "estrato": 4, "geom": "0101000020E6100000000000E08B2253C0000000602F690B40", "fecha_hech": "2023-11-27 00:00:00" }, "geometry": { "type": "Point", "coordinates": [ -76.53978729248, 3.42635989189 ] } },
{ "type": "Feature", "properties": { "dinamica": "HURTO", "titulo": "DELITOS CONTRA EL PATRIMONIO ECONOMICO", "capitulo": "DEL HURTO", "articulo": "HURTO CALIFICADO. ART. 240 C.P.", "grado_deli": "NINGUNO", "tipo_notic": "DENUNCIA", "caracteriz": "HURTO A PERSONAS", "modalidad": "ATRACO", "modo": "ARMA DE FUEGO", "motivo": null, "pais": "COLOMBIA", "dane_dep": 76, "departamen": "VALLE DEL CAUCA", "dane_mpio": 76001, "municipio": "CALI", "cod_comuna": 19.0, "comuna": "Comuna 19", "cod_barrio": 1913.0, "nom_barrio": "El Cedro", "direccion": "76001 CARRERA 34, BARRIO EUCARÍSTICO, COMUNA 19, CALI, VALLE DEL CAUCA", "sitio": "VIA PUBLICA", "x": -76.53769683838, "y": 3.4265348911300002, "anio": 2023, "mes": "diciembre", "dia": 1, "dia_semana": 6, "hora_hecho": "00:10", "barrio": "EL CEDRO", "estrato": 4, "geom": "0101000020E6100000000000A0692253C0000000208B690B40", "fecha_hech": "2023-12-01 00:00:00" }, "geometry": { "type": "Point", "coordinates": [ -76.53769683838, 3.42653489113 ] } },
{ "type": "Feature", "properties": { "dinamica": "HURTO", "titulo": "DELITOS CONTRA EL PATRIMONIO ECONOMICO", "capitulo": "DEL HURTO", "articulo": "HURTO CALIFICADO. ART. 240 C.P.", "grado_deli": "NINGUNO", "tipo_notic": "DENUNCIA", "caracteriz": "HURTO DE MOTOCICLETAS", "modalidad": "HALADO", "modo": null, "motivo": null, "pais": "COLOMBIA", "dane_dep": 76, "departamen": "VALLE DEL CAUCA", "dane_mpio": 76001, "municipio": "CALI", "cod_comuna": 19.0, "comuna": "Comuna 19", "cod_barrio": 1913.0, "nom_barrio": "El Cedro", "direccion": "76001 AVENIDA ROOSEVELT 24 CON CARRERA 24 5, EL CEDRO, COMUNA 19, CALI, VALLE DEL CAUCA", "sitio": "VIA PUBLICA", "x": -76.538261413569998, "y": 3.43739008904, "anio": 2023, "mes": "diciembre", "dia": 2, "dia_semana": 7, "hora_hecho": "00:00", "barrio": "EL CEDRO", "estrato": 4, "geom": "0101000020E6100000000000E0722253C000000060C67F0B40", "fecha_hech": "2023-12-02 00:00:00" }, "geometry": { "type": "Point", "coordinates": [ -76.538261413569998, 3.43739008904 ] } },
{ "type": "Feature", "properties": { "dinamica": "HURTO", "titulo": "DELITOS CONTRA EL PATRIMONIO ECONOMICO", "capitulo": "DEL HURTO", "articulo": "HURTO. ART. 239 C.P.", "grado_deli": "NINGUNO", "tipo_notic": "QUERELLA", "caracteriz": "HURTO DE VEHICULOS", "modalidad": "HALADO", "modo": null, "motivo": null, "pais": "COLOMBIA", "dane_dep": 76, "departamen": "VALLE DEL CAUCA", "dane_mpio": 76001, "municipio": "CALI", "cod_comuna": 19.0, "comuna": "Comuna 19", "cod_barrio": 1906.0, "nom_barrio": "San Fernando Nuevo", "direccion": "76001 Calle 5B4, San Fernando Nuevo, Comuna 19, Cali, Valle del Cauca, COL,SAN FERNANDO NUEVO", "sitio": "SIN INFORMACION", "x": -76.54086303711, "y": 3.4276630878400001, "anio": 2023, "mes": "diciembre", "dia": 3, "dia_semana": 1, "hora_hecho": "00:10", "barrio": "SAN FERNANDO NUEVO", "estrato": 4, "geom": "0101000020E6100000000000809D2253C0000000A0DA6B0B40", "fecha_hech": "2023-12-03 00:00:00" }, "geometry": { "type": "Point", "coordinates": [ -76.54086303711, 3.42766308784 ] } },
{ "type": "Feature", "properties": { "dinamica": "HURTO", "titulo": "DELITOS CONTRA EL PATRIMONIO ECONOMICO", "capitulo": "DEL HURTO", "articulo": "HURTO CALIFICADO. ART. 240 C.P.", "grado_deli": "NINGUNO", "tipo_notic": "DENUNCIA", "caracteriz": "HURTO DE VEHICULOS", "modalidad": "HALADO", "modo": null, "motivo": null, "pais": "COLOMBIA", "dane_dep": 76, "departamen": "VALLE DEL CAUCA", "dane_mpio": 76001, "municipio": "CALI", "cod_comuna": 19.0, "comuna": "Comuna 19", "cod_barrio": 1913.0, "nom_barrio": "El Cedro", "direccion": "76001 KR 23 B CON CL 6 SUR CARRERA 23 B CALLE 6", "sitio": "SIN INFORMACION", "x": -76.53857421875, "y": 3.4367399215700001, "anio": 2023, "mes": "diciembre", "dia": 3, "dia_semana": 1, "hora_hecho": "03:30", "barrio": null, "estrato": 4, "geom": "0101000020E610000000000000782253C000000080717E0B40", "fecha_hech": "2023-12-03 00:00:00" }, "geometry": { "type": "Point", "coordinates": [ -76.53857421875, 3.43673992157 ] } },
{ "type": "Feature", "properties": { "dinamica": "HURTO", "titulo": "DELITOS CONTRA EL PATRIMONIO ECONOMICO", "capitulo": "DEL HURTO", "articulo": "HURTO CALIFICADO. ART. 240 C.P.", "grado_deli": "NINGUNO", "tipo_notic": "DENUNCIA", "caracteriz": "HURTO A PERSONAS", "modalidad": "ATRACO", "modo": "ARMA BLANCA", "motivo": null, "pais": "COLOMBIA", "dane_dep": 76, "departamen": "VALLE DEL CAUCA", "dane_mpio": 76001, "municipio": "CALI", "cod_comuna": 19.0, "comuna": "Comuna 19", "cod_barrio": 1912.0, "nom_barrio": "3 de Julio", "direccion": "76001 CARRERA 25, 3 DE JULIO, COMUNA 19, CALI, VALLE DEL CAUCA", "sitio": "VIA PUBLICA", "x": -76.539222717290002, "y": 3.43525004387, "anio": 2023, "mes": "diciembre", "dia": 4, "dia_semana": 2, "hora_hecho": "14:30", "barrio": "3 DE JULIO", "estrato": 4, "geom": "0101000020E6100000000000A0822253C000000060647B0B40", "fecha_hech": "2023-12-04 00:00:00" }, "geometry": { "type": "Point", "coordinates": [ -76.539222717290002, 3.43525004387 ] } },
{ "type": "Feature", "properties": { "dinamica": "HURTO", "titulo": "DELITOS CONTRA EL PATRIMONIO ECONOMICO", "capitulo": "DEL HURTO", "articulo": "HURTO. ART. 239 C.P.", "grado_deli": "NINGUNO", "tipo_notic": "DENUNCIA", "caracteriz": "HURTO A PERSONAS", "modalidad": "COSQUILLEO", "modo": null, "motivo": null, "pais": "COLOMBIA", "dane_dep": 76, "departamen": "VALLE DEL CAUCA", "dane_mpio": 76001, "municipio": "CALI", "cod_comuna": 19.0, "comuna": "Comuna 19", "cod_barrio": 1913.0, "nom_barrio": "El Cedro", "direccion": "76001 Calle 9 32A 16, El Cedro, Comuna 19, Cali, Valle del Cauca, COL,EL CEDRO", "sitio": "SIN INFORMACION", "x": -76.537139892580001, "y": 3.4271330833400002, "anio": 2023, "mes": "diciembre", "dia": 6, "dia_semana": 4, "hora_hecho": "20:54", "barrio": "EL CEDRO", "estrato": 4, "geom": "0101000020E610000000000080602253C0000000C0C46A0B40", "fecha_hech": "2023-12-06 00:00:00" }, "geometry": { "type": "Point", "coordinates": [ -76.537139892580001, 3.42713308334 ] } },
{ "type": "Feature", "properties": { "dinamica": "HURTO", "titulo": "DELITOS CONTRA EL PATRIMONIO ECONOMICO", "capitulo": "DEL HURTO", "articulo": "HURTO CALIFICADO. ART. 240 C.P.", "grado_deli": "NINGUNO", "tipo_notic": "ACTOS URGENTES", "caracteriz": "HURTO DE MOTOCICLETAS", "modalidad": "ATRACO", "modo": "ARMA DE FUEGO", "motivo": null, "pais": "COLOMBIA", "dane_dep": 76, "departamen": "VALLE DEL CAUCA", "dane_mpio": 76001, "municipio": "CALI", "cod_comuna": 19.0, "comuna": "Comuna 19", "cod_barrio": 1913.0, "nom_barrio": "El Cedro", "direccion": "76001 CARRERA 32A 8 5, EL CEDRO, COMUNA 19, CALI, VALLE DEL CAUCA", "sitio": "VIA PUBLICA", "x": -76.537796020510001, "y": 3.4275169372600001, "anio": 2023, "mes": "diciembre", "dia": 8, "dia_semana": 6, "hora_hecho": "15:49", "barrio": "EL CEDRO", "estrato": 4, "geom": "0101000020E6100000000000406B2253C0000000008E6B0B40", "fecha_hech": "2023-12-08 00:00:00" }, "geometry": { "type": "Point", "coordinates": [ -76.537796020510001, 3.42751693726 ] } },
{ "type": "Feature", "properties": { "dinamica": "HURTO", "titulo": "DELITOS CONTRA EL PATRIMONIO ECONOMICO", "capitulo": "DEL HURTO", "articulo": "HURTO CALIFICADO. ART. 240 C.P.", "grado_deli": "NINGUNO", "tipo_notic": "DENUNCIA", "caracteriz": "HURTO A RESIDENCIA", "modalidad": "VIOLACION DE CERRADURA", "modo": null, "motivo": null, "pais": "COLOMBIA", "dane_dep": 76, "departamen": "VALLE DEL CAUCA", "dane_mpio": 76001, "municipio": "CALI", "cod_comuna": 19.0, "comuna": "Comuna 19", "cod_barrio": 1912.0, "nom_barrio": "3 de Julio", "direccion": "76001 Carrera 28 5B 40, 3 de Julio, Comuna 19, Cali, Valle del Cauca, COL,3 DE JULIO", "sitio": "SIN INFORMACION", "x": -76.540153503420001, "y": 3.4325098991399998, "anio": 2023, "mes": "diciembre", "dia": 9, "dia_semana": 7, "hora_hecho": "05:00", "barrio": "3 DE JULIO", "estrato": 4, "geom": "0101000020E6100000000000E0912253C0000000C0C7750B40", "fecha_hech": "2023-12-09 00:00:00" }, "geometry": { "type": "Point", "coordinates": [ -76.540153503420001, 3.43250989914 ] } },
{ "type": "Feature", "properties": { "dinamica": "HURTO", "titulo": "DELITOS CONTRA EL PATRIMONIO ECONOMICO", "capitulo": "DEL HURTO", "articulo": "HURTO. ART. 239 C.P.", "grado_deli": "NINGUNO", "tipo_notic": "DENUNCIA", "caracteriz": "HURTO A PERSONAS", "modalidad": "COSQUILLEO", "modo": null, "motivo": null, "pais": "COLOMBIA", "dane_dep": 76, "departamen": "VALLE DEL CAUCA", "dane_mpio": 76001, "municipio": "CALI", "cod_comuna": 19.0, "comuna": "Comuna 19", "cod_barrio": 1913.0, "nom_barrio": "El Cedro", "direccion": "76001 Iglesia La Ermita, Calle 8, El Cedro, Comuna 19, Cali, Valle del Cauca, COL,EL CEDRO", "sitio": "SIN INFORMACION", "x": -76.537948608400001, "y": 3.4273600578300001, "anio": 2023, "mes": "diciembre", "dia": 11, "dia_semana": 2, "hora_hecho": "02:30", "barrio": "EL CEDRO", "estrato": 4, "geom": "0101000020E6100000000000C06D2253C0000000C03B6B0B40", "fecha_hech": "2023-12-11 00:00:00" }, "geometry": { "type": "Point", "coordinates": [ -76.537948608400001, 3.42736005783 ] } },
{ "type": "Feature", "properties": { "dinamica": "HURTO", "titulo": "DELITOS CONTRA EL PATRIMONIO ECONOMICO", "capitulo": "DEL HURTO", "articulo": "HURTO CALIFICADO. ART. 240 C.P.", "grado_deli": "NINGUNO", "tipo_notic": "DENUNCIA", "caracteriz": "HURTO DE VEHICULOS", "modalidad": "HALADO", "modo": null, "motivo": null, "pais": "COLOMBIA", "dane_dep": 76, "departamen": "VALLE DEL CAUCA", "dane_mpio": 76001, "municipio": "CALI", "cod_comuna": 19.0, "comuna": "Comuna 19", "cod_barrio": 1914.0, "nom_barrio": "Champagnat", "direccion": "76001 CL 9 SUR CON KR 34-1 CALLE 9 No 34 01", "sitio": "PARQUEADERO", "x": -76.537132263179998, "y": 3.4269950389899999, "anio": 2023, "mes": "diciembre", "dia": 19, "dia_semana": 3, "hora_hecho": "20:00", "barrio": null, "estrato": 4, "geom": "0101000020E610000000000060602253C0000000607C6A0B40", "fecha_hech": "2023-12-19 00:00:00" }, "geometry": { "type": "Point", "coordinates": [ -76.537132263179998, 3.42699503899 ] } },
{ "type": "Feature", "properties": { "dinamica": "HURTO", "titulo": "DELITOS CONTRA EL PATRIMONIO ECONOMICO", "capitulo": "DEL HURTO", "articulo": "HURTO. ART. 239 C.P.", "grado_deli": "NINGUNO", "tipo_notic": "DENUNCIA", "caracteriz": "HURTO DE MOTOCICLETAS", "modalidad": "HALADO", "modo": null, "motivo": null, "pais": "COLOMBIA", "dane_dep": 76, "departamen": "VALLE DEL CAUCA", "dane_mpio": 76001, "municipio": "CALI", "cod_comuna": 19.0, "comuna": "Comuna 19", "cod_barrio": 1906.0, "nom_barrio": "San Fernando Nuevo", "direccion": "76001 CL 5 B 4 SUR CON KR 36-10 CALLE 5 B 4 No 36 10", "sitio": "SIN INFORMACION", "x": -76.540466308589998, "y": 3.4278531074499998, "anio": 2023, "mes": "diciembre", "dia": 20, "dia_semana": 4, "hora_hecho": "20:00", "barrio": null, "estrato": 4, "geom": "0101000020E610000000000000972253C0000000403E6C0B40", "fecha_hech": "2023-12-20 00:00:00" }, "geometry": { "type": "Point", "coordinates": [ -76.540466308589998, 3.42785310745 ] } },
{ "type": "Feature", "properties": { "dinamica": "HURTO", "titulo": "DELITOS CONTRA EL PATRIMONIO ECONOMICO", "capitulo": "DEL HURTO", "articulo": "HURTO CALIFICADO. ART. 240 C.P.", "grado_deli": "NINGUNO", "tipo_notic": "DENUNCIA", "caracteriz": "HURTO A CELULARES", "modalidad": "ATRACO", "modo": "ARMA DE FUEGO", "motivo": "SIN DETERMINAR", "pais": "COLOMBIA", "dane_dep": 76, "departamen": "VALLE DEL CAUCA", "dane_mpio": 76001, "municipio": "CALI", "cod_comuna": 19.0, "comuna": "Comuna 19", "cod_barrio": 1913.0, "nom_barrio": "El Cedro", "direccion": "76001 CALLE 7 CON CARRERA 25, EL CEDRO, COMUNA 19, CALI, VALLE DEL CAUCA", "sitio": "VIA PUBLICA", "x": -76.537406921390001, "y": 3.4351599216499999, "anio": 2023, "mes": "diciembre", "dia": 26, "dia_semana": 3, "hora_hecho": "17:00", "barrio": "EL CEDRO", "estrato": 4, "geom": "0101000020E6100000000000E0642253C000000020357B0B40", "fecha_hech": "2023-12-26 00:00:00" }, "geometry": { "type": "Point", "coordinates": [ -76.537406921390001, 3.43515992165 ] } },
{ "type": "Feature", "properties": { "dinamica": "HURTO", "titulo": "DELITOS CONTRA EL PATRIMONIO ECONOMICO", "capitulo": "DEL HURTO", "articulo": "HURTO CALIFICADO. ART. 240 C.P.", "grado_deli": "NINGUNO", "tipo_notic": "DENUNCIA", "caracteriz": "HURTO A PERSONAS", "modalidad": "ATRACO", "modo": "ARMA DE FUEGO", "motivo": null, "pais": "COLOMBIA", "dane_dep": 76, "departamen": "VALLE DEL CAUCA", "dane_mpio": 76001, "municipio": "CALI", "cod_comuna": 19.0, "comuna": "Comuna 19", "cod_barrio": 1913.0, "nom_barrio": "El Cedro", "direccion": "76001 CALLE 7 27 46", "sitio": "ESTABLECIMIENTO DE COMERCIO", "x": -76.53758239746, "y": 3.43287205696, "anio": 2023, "mes": "diciembre", "dia": 26, "dia_semana": 3, "hora_hecho": "17:30", "barrio": "EL CEDRO", "estrato": 4, "geom": "0101000020E6100000000000C0672253C0000000A085760B40", "fecha_hech": "2023-12-26 00:00:00" }, "geometry": { "type": "Point", "coordinates": [ -76.53758239746, 3.43287205696 ] } },
{ "type": "Feature", "properties": { "dinamica": "HURTO", "titulo": "DELITOS CONTRA EL PATRIMONIO ECONOMICO", "capitulo": "DEL HURTO", "articulo": "HURTO CALIFICADO. ART. 240 C.P.", "grado_deli": "NINGUNO", "tipo_notic": "DENUNCIA", "caracteriz": "HURTO A PERSONAS", "modalidad": "ATRACO", "modo": "ARMA DE FUEGO", "motivo": null, "pais": "COLOMBIA", "dane_dep": 76, "departamen": "VALLE DEL CAUCA", "dane_mpio": 76001, "municipio": "CALI", "cod_comuna": 19.0, "comuna": "Comuna 19", "cod_barrio": 1906.0, "nom_barrio": "San Fernando Nuevo", "direccion": "76001 CALLE 5B3 36B 35, SAN FERNANDO NUEVO, COMUNA 19, CALI, VALLE DEL CAUCA", "sitio": "VIA PUBLICA", "x": -76.54183959961, "y": 3.42755198479, "anio": 2023, "mes": "diciembre", "dia": 27, "dia_semana": 4, "hora_hecho": "10:30", "barrio": "SAN FERNANDO NUEVO", "estrato": 4, "geom": "0101000020E610000000000080AD2253C000000060A06B0B40", "fecha_hech": "2023-12-27 00:00:00" }, "geometry": { "type": "Point", "coordinates": [ -76.54183959961, 3.42755198479 ] } },
{ "type": "Feature", "properties": { "dinamica": "HURTO", "titulo": "DELITOS CONTRA EL PATRIMONIO ECONOMICO", "capitulo": "DEL HURTO", "articulo": "HURTO CALIFICADO. ART. 240 C.P.", "grado_deli": "AGRAVADO", "tipo_notic": "DENUNCIA", "caracteriz": "HURTO A CELULARES", "modalidad": "ATRACO", "modo": "ARMA DE FUEGO", "motivo": "SIN DETERMINAR", "pais": "COLOMBIA", "dane_dep": 76, "departamen": "VALLE DEL CAUCA", "dane_mpio": 76001, "municipio": "CALI", "cod_comuna": 19.0, "comuna": "Comuna 19", "cod_barrio": 1913.0, "nom_barrio": "El Cedro", "direccion": "76001 CALLE 9 32A 16, EL CEDRO, COMUNA 19, CALI, VALLE DEL CAUCA", "sitio": "VIA PUBLICA", "x": -76.537139892580001, "y": 3.4271330833400002, "anio": 2023, "mes": "diciembre", "dia": 27, "dia_semana": 4, "hora_hecho": "18:30", "barrio": "EL CEDRO", "estrato": 4, "geom": "0101000020E610000000000080602253C0000000C0C46A0B40", "fecha_hech": "2023-12-27 00:00:00" }, "geometry": { "type": "Point", "coordinates": [ -76.537139892580001, 3.42713308334 ] } },
{ "type": "Feature", "properties": { "dinamica": "HURTO", "titulo": "DELITOS CONTRA EL PATRIMONIO ECONOMICO", "capitulo": "DEL HURTO", "articulo": "HURTO CALIFICADO. ART. 240 C.P.", "grado_deli": "NINGUNO", "tipo_notic": "DENUNCIA", "caracteriz": "HURTO A CELULARES", "modalidad": "RAPONAZO", "modo": null, "motivo": "IBA HABLANDO", "pais": "COLOMBIA", "dane_dep": 76, "departamen": "VALLE DEL CAUCA", "dane_mpio": 76001, "municipio": "CALI", "cod_comuna": 19.0, "comuna": "Comuna 19", "cod_barrio": 1905.0, "nom_barrio": "Eucaristico", "direccion": "76001 Carrera 34 7, Barrio Eucarístico, Comuna 19, Cali, Valle del Cauca, COL,BARRIO EUCARÍSTICO", "sitio": "SIN INFORMACION", "x": -76.53833770752, "y": 3.4271299839, "anio": 2024, "mes": "enero", "dia": 3, "dia_semana": 4, "hora_hecho": "09:00", "barrio": "BARRIO EUCARÍSTICO", "estrato": 4, "geom": "0101000020E610000000000020742253C000000020C36A0B40", "fecha_hech": "2024-01-03 00:00:00" }, "geometry": { "type": "Point", "coordinates": [ -76.53833770752, 3.4271299839 ] } },
{ "type": "Feature", "properties": { "dinamica": "HURTO", "titulo": "DELITOS CONTRA EL PATRIMONIO ECONOMICO", "capitulo": "DEL HURTO", "articulo": "HURTO CALIFICADO. ART. 240 C.P.", "grado_deli": "AGRAVADO", "tipo_notic": "DENUNCIA", "caracteriz": "HURTO DE MOTOCICLETAS", "modalidad": "HALADO", "modo": null, "motivo": null, "pais": "COLOMBIA", "dane_dep": 76, "departamen": "VALLE DEL CAUCA", "dane_mpio": 76001, "municipio": "CALI", "cod_comuna": 19.0, "comuna": "Comuna 19", "cod_barrio": 1912.0, "nom_barrio": "3 de Julio", "direccion": "76001 KR 24 CL 6-226", "sitio": "SIN INFORMACION", "x": -76.538986206049998, "y": 3.43585109711, "anio": 2024, "mes": "enero", "dia": 4, "dia_semana": 5, "hora_hecho": "11:30", "barrio": null, "estrato": 4, "geom": "0101000020E6100000000000C07E2253C0000000809F7C0B40", "fecha_hech": "2024-01-04 00:00:00" }, "geometry": { "type": "Point", "coordinates": [ -76.538986206049998, 3.43585109711 ] } },
{ "type": "Feature", "properties": { "dinamica": "HURTO", "titulo": "DELITOS CONTRA EL PATRIMONIO ECONOMICO", "capitulo": "DEL HURTO", "articulo": "HURTO CALIFICADO. ART. 240 C.P.", "grado_deli": "NINGUNO", "tipo_notic": "DENUNCIA", "caracteriz": "HURTO DE AUTOPARTES", "modalidad": "FACTOR DE OPORTUNIDAD", "modo": null, "motivo": null, "pais": "COLOMBIA", "dane_dep": 76, "departamen": "VALLE DEL CAUCA", "dane_mpio": 76001, "municipio": "CALI", "cod_comuna": 19.0, "comuna": "Comuna 19", "cod_barrio": 1912.0, "nom_barrio": "3 de Julio", "direccion": "76001 CARRERA 28 5B 68", "sitio": "ZONA DE PARQUEO", "x": -76.539962768549998, "y": 3.4324750900300001, "anio": 2024, "mes": "enero", "dia": 5, "dia_semana": 6, "hora_hecho": "05:30", "barrio": "3 DE JULIO", "estrato": 4, "geom": "0101000020E6100000000000C08E2253C000000080B5750B40", "fecha_hech": "2024-01-05 00:00:00" }, "geometry": { "type": "Point", "coordinates": [ -76.539962768549998, 3.43247509003 ] } },
{ "type": "Feature", "properties": { "dinamica": "HURTO", "titulo": "DELITOS CONTRA EL PATRIMONIO ECONOMICO", "capitulo": "DEL HURTO", "articulo": "HURTO CALIFICADO. ART. 240 C.P.", "grado_deli": "NINGUNO", "tipo_notic": "DENUNCIA", "caracteriz": "HURTO A PERSONAS", "modalidad": "ATRACO", "modo": "ARMA DE FUEGO", "motivo": null, "pais": "COLOMBIA", "dane_dep": 76, "departamen": "VALLE DEL CAUCA", "dane_mpio": 76001, "municipio": "CALI", "cod_comuna": 19.0, "comuna": "Comuna 19", "cod_barrio": 1913.0, "nom_barrio": "El Cedro", "direccion": "76001 Carrera 26, El Cedro, Comuna 19, Cali, Valle del Cauca, COL,EL CEDRO", "sitio": "SIN INFORMACION", "x": -76.537788391109999, "y": 3.4343299865699999, "anio": 2024, "mes": "enero", "dia": 6, "dia_semana": 7, "hora_hecho": "01:10", "barrio": "EL CEDRO", "estrato": 4, "geom": "0101000020E6100000000000206B2253C00000000082790B40", "fecha_hech": "2024-01-06 00:00:00" }, "geometry": { "type": "Point", "coordinates": [ -76.537788391109999, 3.43432998657 ] } },
{ "type": "Feature", "properties": { "dinamica": "HURTO", "titulo": "DELITOS CONTRA EL PATRIMONIO ECONOMICO", "capitulo": "DEL HURTO", "articulo": "HURTO CALIFICADO. ART. 240 C.P.", "grado_deli": "NINGUNO", "tipo_notic": "DENUNCIA", "caracteriz": "HURTO A PERSONAS", "modalidad": "ATRACO", "modo": "ARMA BLANCA", "motivo": null, "pais": "COLOMBIA", "dane_dep": 76, "departamen": "VALLE DEL CAUCA", "dane_mpio": 76001, "municipio": "CALI", "cod_comuna": 19.0, "comuna": "Comuna 19", "cod_barrio": 1913.0, "nom_barrio": "El Cedro", "direccion": "76001 Restaurante Rey de Oriente, Calle 7 28 21, El Cedro, Comuna 19, Cali, Valle del Cauca, COL,EL CEDRO", "sitio": "SIN INFORMACION", "x": -76.537620544429998, "y": 3.4323060512499999, "anio": 2024, "mes": "enero", "dia": 7, "dia_semana": 1, "hora_hecho": "01:40", "barrio": "EL CEDRO", "estrato": 4, "geom": "0101000020E610000000000060682253C0000000E05C750B40", "fecha_hech": "2024-01-07 00:00:00" }, "geometry": { "type": "Point", "coordinates": [ -76.537620544429998, 3.43230605125 ] } },
{ "type": "Feature", "properties": { "dinamica": "HURTO", "titulo": "DELITOS CONTRA EL PATRIMONIO ECONOMICO", "capitulo": "DEL HURTO", "articulo": "HURTO CALIFICADO. ART. 240 C.P.", "grado_deli": "NINGUNO", "tipo_notic": "DENUNCIA", "caracteriz": "HURTO A PERSONAS", "modalidad": "ATRACO", "modo": "ARMA DE FUEGO", "motivo": null, "pais": "COLOMBIA", "dane_dep": 76, "departamen": "VALLE DEL CAUCA", "dane_mpio": 76001, "municipio": "CALI", "cod_comuna": 19.0, "comuna": "Comuna 19", "cod_barrio": 1912.0, "nom_barrio": "3 de Julio", "direccion": "76001 CARRERA 34, 3 DE JULIO, COMUNA 19, CALI, VALLE DEL CAUCA", "sitio": "VIA PUBLICA", "x": -76.539695739750002, "y": 3.4292600154900001, "anio": 2024, "mes": "enero", "dia": 8, "dia_semana": 2, "hora_hecho": "10:00", "barrio": "3 DE JULIO", "estrato": 4, "geom": "0101000020E6100000000000608A2253C0000000E01F6F0B40", "fecha_hech": "2024-01-08 00:00:00" }, "geometry": { "type": "Point", "coordinates": [ -76.539695739750002, 3.42926001549 ] } },
{ "type": "Feature", "properties": { "dinamica": "HURTO", "titulo": "DELITOS CONTRA EL PATRIMONIO ECONOMICO", "capitulo": "DEL HURTO", "articulo": "HURTO CALIFICADO. ART. 240 C.P.", "grado_deli": "NINGUNO", "tipo_notic": "DENUNCIA", "caracteriz": "HURTO A PERSONAS", "modalidad": "ATRACO", "modo": "ARMA DE FUEGO", "motivo": null, "pais": "COLOMBIA", "dane_dep": 76, "departamen": "VALLE DEL CAUCA", "dane_mpio": 76001, "municipio": "CALI", "cod_comuna": 19.0, "comuna": "Comuna 19", "cod_barrio": 1913.0, "nom_barrio": "El Cedro", "direccion": "76001 CARRERA 30 6, EL CEDRO, COMUNA 19, CALI, VALLE DEL CAUCA", "sitio": "VIA PUBLICA", "x": -76.538841247560001, "y": 3.4303600788100002, "anio": 2024, "mes": "enero", "dia": 9, "dia_semana": 3, "hora_hecho": "16:25", "barrio": "EL CEDRO", "estrato": 4, "geom": "0101000020E6100000000000607C2253C0000000A060710B40", "fecha_hech": "2024-01-09 00:00:00" }, "geometry": { "type": "Point", "coordinates": [ -76.538841247560001, 3.43036007881 ] } },
{ "type": "Feature", "properties": { "dinamica": "HURTO", "titulo": "DELITOS CONTRA EL PATRIMONIO ECONOMICO", "capitulo": "DEL HURTO", "articulo": "HURTO CALIFICADO. ART. 240 C.P.", "grado_deli": "NINGUNO", "tipo_notic": "DENUNCIA", "caracteriz": "HURTO A RESIDENCIA", "modalidad": "VIOLACION DE CERRADURA", "modo": null, "motivo": null, "pais": "COLOMBIA", "dane_dep": 76, "departamen": "VALLE DEL CAUCA", "dane_mpio": 76001, "municipio": "CALI", "cod_comuna": 19.0, "comuna": "Comuna 19", "cod_barrio": 1912.0, "nom_barrio": "3 de Julio", "direccion": "76001 KR 28 CL 5 b-40 SUR KR 28 5B 40", "sitio": "SIN INFORMACION", "x": -76.540145874019998, "y": 3.4325289726300001, "anio": 2024, "mes": "enero", "dia": 9, "dia_semana": 3, "hora_hecho": "17:30", "barrio": null, "estrato": 4, "geom": "0101000020E6100000000000C0912253C0000000C0D1750B40", "fecha_hech": "2024-01-09 00:00:00" }, "geometry": { "type": "Point", "coordinates": [ -76.540145874019998, 3.43252897263 ] } },
{ "type": "Feature", "properties": { "dinamica": "HURTO", "titulo": "DELITOS CONTRA EL PATRIMONIO ECONOMICO", "capitulo": "DEL HURTO", "articulo": "HURTO CALIFICADO. ART. 240 C.P.", "grado_deli": "NINGUNO", "tipo_notic": "DENUNCIA", "caracteriz": "HURTO DE AUTOPARTES", "modalidad": "FACTOR DE OPORTUNIDAD", "modo": null, "motivo": null, "pais": "COLOMBIA", "dane_dep": 76, "departamen": "VALLE DEL CAUCA", "dane_mpio": 76001, "municipio": "CALI", "cod_comuna": 19.0, "comuna": "Comuna 19", "cod_barrio": 1905.0, "nom_barrio": "Eucaristico", "direccion": "76001 CARRERA 37 5E 41, BARRIO EUCARÍSTICO, COMUNA 19, CALI, VALLE DEL CAUCA", "sitio": "VIA PUBLICA", "x": -76.540908813480002, "y": 3.4254200458500002, "anio": 2024, "mes": "enero", "dia": 10, "dia_semana": 4, "hora_hecho": "06:30", "barrio": "BARRIO EUCARÍSTICO", "estrato": 4, "geom": "0101000020E6100000000000409E2253C0000000A042670B40", "fecha_hech": "2024-01-10 00:00:00" }, "geometry": { "type": "Point", "coordinates": [ -76.540908813480002, 3.42542004585 ] } },
{ "type": "Feature", "properties": { "dinamica": "HURTO", "titulo": "DELITOS CONTRA EL PATRIMONIO ECONOMICO", "capitulo": "DEL HURTO", "articulo": "HURTO CALIFICADO. ART. 240 C.P.", "grado_deli": "NINGUNO", "tipo_notic": "DENUNCIA", "caracteriz": "HURTO A CELULARES", "modalidad": "RAPONAZO", "modo": null, "motivo": "SIN DETERMINAR", "pais": "COLOMBIA", "dane_dep": 76, "departamen": "VALLE DEL CAUCA", "dane_mpio": 76001, "municipio": "CALI", "cod_comuna": 19.0, "comuna": "Comuna 19", "cod_barrio": 1913.0, "nom_barrio": "El Cedro", "direccion": "76001 AVENIDA ROOSEVELT 25 5, EL CEDRO, COMUNA 19, CALI, VALLE DEL CAUCA", "sitio": "VIA PUBLICA", "x": -76.538696289059999, "y": 3.435131073, "anio": 2024, "mes": "enero", "dia": 10, "dia_semana": 4, "hora_hecho": "16:30", "barrio": "EL CEDRO", "estrato": 4, "geom": "0101000020E6100000000000007A2253C000000000267B0B40", "fecha_hech": "2024-01-10 00:00:00" }, "geometry": { "type": "Point", "coordinates": [ -76.538696289059999, 3.435131073 ] } },
{ "type": "Feature", "properties": { "dinamica": "HURTO", "titulo": "DELITOS CONTRA EL PATRIMONIO ECONOMICO", "capitulo": "DEL HURTO", "articulo": "HURTO CALIFICADO. ART. 240 C.P.", "grado_deli": "NINGUNO", "tipo_notic": "DENUNCIA", "caracteriz": "HURTO A PERSONAS", "modalidad": "ATRACO", "modo": "SIN ARMA", "motivo": null, "pais": "COLOMBIA", "dane_dep": 76, "departamen": "VALLE DEL CAUCA", "dane_mpio": 76001, "municipio": "CALI", "cod_comuna": 19.0, "comuna": "Comuna 19", "cod_barrio": 1906.0, "nom_barrio": "San Fernando Nuevo", "direccion": "76001 CALLE 5B4 34 98", "sitio": "LUGAR DE EVENTOS", "x": -76.539932250980002, "y": 3.4283599853500002, "anio": 2024, "mes": "enero", "dia": 16, "dia_semana": 3, "hora_hecho": "22:30", "barrio": "SAN FERNANDO NUEVO", "estrato": 4, "geom": "0101000020E6100000000000408E2253C000000000486D0B40", "fecha_hech": "2024-01-16 00:00:00" }, "geometry": { "type": "Point", "coordinates": [ -76.539932250980002, 3.42835998535 ] } },
{ "type": "Feature", "properties": { "dinamica": "HURTO", "titulo": "DELITOS CONTRA EL PATRIMONIO ECONOMICO", "capitulo": "DEL HURTO", "articulo": "HURTO CALIFICADO. ART. 240 C.P.", "grado_deli": "AGRAVADO", "tipo_notic": "DENUNCIA", "caracteriz": "HURTO A PERSONAS", "modalidad": "ATRACO", "modo": "ARMA DE FUEGO", "motivo": null, "pais": "COLOMBIA", "dane_dep": 76, "departamen": "VALLE DEL CAUCA", "dane_mpio": 76001, "municipio": "CALI", "cod_comuna": 19.0, "comuna": "Comuna 19", "cod_barrio": 1906.0, "nom_barrio": "San Fernando Nuevo", "direccion": "76001 CARRERA 37 5B4 11", "sitio": "VIA PUBLICA", "x": -76.54158782959, "y": 3.4264578819299998, "anio": 2024, "mes": "enero", "dia": 17, "dia_semana": 4, "hora_hecho": "22:30", "barrio": "SAN FERNANDO NUEVO", "estrato": 4, "geom": "0101000020E610000000000060A92253C0000000C062690B40", "fecha_hech": "2024-01-17 00:00:00" }, "geometry": { "type": "Point", "coordinates": [ -76.54158782959, 3.42645788193 ] } },
{ "type": "Feature", "properties": { "dinamica": "HURTO", "titulo": "DELITOS CONTRA EL PATRIMONIO ECONOMICO", "capitulo": "DEL HURTO", "articulo": "HURTO CALIFICADO. ART. 240 C.P.", "grado_deli": "AGRAVADO", "tipo_notic": "DENUNCIA", "caracteriz": "HURTO A PERSONAS", "modalidad": "ATRACO", "modo": "ARMA DE FUEGO", "motivo": null, "pais": "COLOMBIA", "dane_dep": 76, "departamen": "VALLE DEL CAUCA", "dane_mpio": 76001, "municipio": "CALI", "cod_comuna": 19.0, "comuna": "Comuna 19", "cod_barrio": 1912.0, "nom_barrio": "3 de Julio", "direccion": "76001 CALLE 5B 26 133", "sitio": "VIA PUBLICA", "x": -76.5404586792, "y": 3.4335310459100001, "anio": 2024, "mes": "enero", "dia": 18, "dia_semana": 5, "hora_hecho": "19:00", "barrio": "3 DE JULIO", "estrato": 4, "geom": "0101000020E6100000000000E0962253C000000020DF770B40", "fecha_hech": "2024-01-18 00:00:00" }, "geometry": { "type": "Point", "coordinates": [ -76.5404586792, 3.43353104591 ] } },
{ "type": "Feature", "properties": { "dinamica": "HURTO", "titulo": "DELITOS CONTRA EL PATRIMONIO ECONOMICO", "capitulo": "DEL HURTO", "articulo": "HURTO. ART. 239 C.P.", "grado_deli": "AGRAVADO", "tipo_notic": "DENUNCIA", "caracteriz": "HURTO A PERSONAS", "modalidad": "FACTOR DE OPORTUNIDAD", "modo": null, "motivo": null, "pais": "COLOMBIA", "dane_dep": 76, "departamen": "VALLE DEL CAUCA", "dane_mpio": 76001, "municipio": "CALI", "cod_comuna": 19.0, "comuna": "Comuna 19", "cod_barrio": 1913.0, "nom_barrio": "El Cedro", "direccion": "76001 Avenida Roosevelt 24, El Cedro, Comuna 19, Cali, Valle del Cauca, COL,EL CEDRO", "sitio": "SIN INFORMACION", "x": -76.53865814209, "y": 3.4366400241899999, "anio": 2024, "mes": "enero", "dia": 19, "dia_semana": 6, "hora_hecho": "07:34", "barrio": "EL CEDRO", "estrato": 4, "geom": "0101000020E610000000000060792253C0000000203D7E0B40", "fecha_hech": "2024-01-19 00:00:00" }, "geometry": { "type": "Point", "coordinates": [ -76.53865814209, 3.43664002419 ] } },
{ "type": "Feature", "properties": { "dinamica": "HURTO", "titulo": "DELITOS CONTRA EL PATRIMONIO ECONOMICO", "capitulo": "DEL HURTO", "articulo": "HURTO. ART. 239 C.P.", "grado_deli": "NINGUNO", "tipo_notic": "DENUNCIA", "caracteriz": "HURTO A PERSONAS", "modalidad": "FACTOR DE OPORTUNIDAD", "modo": null, "motivo": null, "pais": "COLOMBIA", "dane_dep": 76, "departamen": "VALLE DEL CAUCA", "dane_mpio": 76001, "municipio": "CALI", "cod_comuna": 19.0, "comuna": "Comuna 19", "cod_barrio": 1912.0, "nom_barrio": "3 de Julio", "direccion": "76001 Calle 5B 26 33, 3 de Julio, Comuna 19, Cali, Valle del Cauca, COL,3 DE JULIO", "sitio": "SIN INFORMACION", "x": -76.540405273440001, "y": 3.4341740608200002, "anio": 2024, "mes": "enero", "dia": 19, "dia_semana": 6, "hora_hecho": "12:00", "barrio": "3 DE JULIO", "estrato": 4, "geom": "0101000020E610000000000000962253C00000004030790B40", "fecha_hech": "2024-01-19 00:00:00" }, "geometry": { "type": "Point", "coordinates": [ -76.540405273440001, 3.43417406082 ] } },
{ "type": "Feature", "properties": { "dinamica": "HURTO", "titulo": "DELITOS CONTRA EL PATRIMONIO ECONOMICO", "capitulo": "DEL HURTO", "articulo": "HURTO CALIFICADO. ART. 240 C.P.", "grado_deli": "NINGUNO", "tipo_notic": "DENUNCIA", "caracteriz": "HURTO A ESTABLECIMIENTOS", "modalidad": "FACTOR DE OPORTUNIDAD", "modo": null, "motivo": null, "pais": "COLOMBIA", "dane_dep": 76, "departamen": "VALLE DEL CAUCA", "dane_mpio": 76001, "municipio": "CALI", "cod_comuna": 19.0, "comuna": "Comuna 19", "cod_barrio": 1912.0, "nom_barrio": "3 de Julio", "direccion": "76001 La Milagrosa, Calle 6 29 71, El Cedro, Comuna 19, Cali, Valle del Cauca, COL,EL CEDRO", "sitio": "SIN INFORMACION", "x": -76.538948059079999, "y": 3.4311199188199999, "anio": 2024, "mes": "enero", "dia": 19, "dia_semana": 6, "hora_hecho": "15:00", "barrio": "EL CEDRO", "estrato": 4, "geom": "0101000020E6100000000000207E2253C000000000EF720B40", "fecha_hech": "2024-01-19 00:00:00" }, "geometry": { "type": "Point", "coordinates": [ -76.538948059079999, 3.43111991882 ] } },
{ "type": "Feature", "properties": { "dinamica": "HURTO", "titulo": "DELITOS CONTRA EL PATRIMONIO ECONOMICO", "capitulo": "DEL HURTO", "articulo": "HURTO CALIFICADO. ART. 240 C.P.", "grado_deli": "NINGUNO", "tipo_notic": "DENUNCIA", "caracteriz": "HURTO A PERSONAS", "modalidad": "ATRACO", "modo": "ARMA DE FUEGO", "motivo": null, "pais": "COLOMBIA", "dane_dep": 76, "departamen": "VALLE DEL CAUCA", "dane_mpio": 76001, "municipio": "CALI", "cod_comuna": 19.0, "comuna": "Comuna 19", "cod_barrio": 1905.0, "nom_barrio": "Eucaristico", "direccion": "76001 Avenida Roosevelt 35, Barrio Eucarístico, Comuna 19, Cali, Valle del Cauca, COL,BARRIO EUCARÍSTICO", "sitio": "SIN INFORMACION", "x": -76.539527893070002, "y": 3.4270350933099998, "anio": 2024, "mes": "enero", "dia": 20, "dia_semana": 7, "hora_hecho": "14:30", "barrio": "BARRIO EUCARÍSTICO", "estrato": 4, "geom": "0101000020E6100000000000A0872253C000000060916A0B40", "fecha_hech": "2024-01-20 00:00:00" }, "geometry": { "type": "Point", "coordinates": [ -76.539527893070002, 3.42703509331 ] } },
{ "type": "Feature", "properties": { "dinamica": "HURTO", "titulo": "DELITOS CONTRA EL PATRIMONIO ECONOMICO", "capitulo": "DEL HURTO", "articulo": "HURTO CALIFICADO. ART. 240 C.P.", "grado_deli": "NINGUNO", "tipo_notic": "DENUNCIA", "caracteriz": "HURTO A PERSONAS", "modalidad": "ATRACO", "modo": "SIN ARMA", "motivo": null, "pais": "COLOMBIA", "dane_dep": 76, "departamen": "VALLE DEL CAUCA", "dane_mpio": 76001, "municipio": "CALI", "cod_comuna": 19.0, "comuna": "Comuna 19", "cod_barrio": 1913.0, "nom_barrio": "El Cedro", "direccion": "76001 CALLE 6 CON CARRERA 26, 3 DE JULIO, COMUNA 19, CALI, VALLE DEL CAUCA", "sitio": "VIA PUBLICA", "x": -76.538780212399999, "y": 3.4343900680499999, "anio": 2024, "mes": "enero", "dia": 21, "dia_semana": 1, "hora_hecho": "03:30", "barrio": "EL CEDRO", "estrato": 4, "geom": "0101000020E6100000000000607B2253C000000080A1790B40", "fecha_hech": "2024-01-21 00:00:00" }, "geometry": { "type": "Point", "coordinates": [ -76.538780212399999, 3.43439006805 ] } },
{ "type": "Feature", "properties": { "dinamica": "HURTO", "titulo": "DELITOS CONTRA EL PATRIMONIO ECONOMICO", "capitulo": "DEL HURTO", "articulo": "HURTO CALIFICADO. ART. 240 C.P.", "grado_deli": "NINGUNO", "tipo_notic": "DENUNCIA", "caracteriz": "HURTO A PERSONAS", "modalidad": "ATRACO", "modo": "ARMA DE FUEGO", "motivo": null, "pais": "COLOMBIA", "dane_dep": 76, "departamen": "VALLE DEL CAUCA", "dane_mpio": 76001, "municipio": "CALI", "cod_comuna": 19.0, "comuna": "Comuna 19", "cod_barrio": 1913.0, "nom_barrio": "El Cedro", "direccion": "76001 Carrera 34 8, El Cedro, Comuna 19, Cali, Valle del Cauca, COL,EL CEDRO", "sitio": "SIN INFORMACION", "x": -76.537963867190001, "y": 3.4269099235499998, "anio": 2024, "mes": "enero", "dia": 22, "dia_semana": 2, "hora_hecho": "09:07", "barrio": "EL CEDRO", "estrato": 4, "geom": "0101000020E6100000000000006E2253C0000000C04F6A0B40", "fecha_hech": "2024-01-22 00:00:00" }, "geometry": { "type": "Point", "coordinates": [ -76.537963867190001, 3.42690992355 ] } },
{ "type": "Feature", "properties": { "dinamica": "HURTO", "titulo": "DELITOS CONTRA EL PATRIMONIO ECONOMICO", "capitulo": "DEL HURTO", "articulo": "HURTO CALIFICADO. ART. 240 C.P.", "grado_deli": "NINGUNO", "tipo_notic": "DENUNCIA", "caracteriz": "HURTO DE AUTOPARTES", "modalidad": "FACTOR DE OPORTUNIDAD", "modo": null, "motivo": null, "pais": "COLOMBIA", "dane_dep": 76, "departamen": "VALLE DEL CAUCA", "dane_mpio": 76001, "municipio": "CALI", "cod_comuna": 19.0, "comuna": "Comuna 19", "cod_barrio": 1912.0, "nom_barrio": "3 de Julio", "direccion": "76001 CARRERA 26 5B 65, 3 DE JULIO, COMUNA 19, CALI, VALLE DEL CAUCA", "sitio": "VIA PUBLICA", "x": -76.53993988037, "y": 3.4344820976300001, "anio": 2024, "mes": "enero", "dia": 22, "dia_semana": 2, "hora_hecho": "09:30", "barrio": "3 DE JULIO", "estrato": 4, "geom": "0101000020E6100000000000608E2253C0000000C0D1790B40", "fecha_hech": "2024-01-22 00:00:00" }, "geometry": { "type": "Point", "coordinates": [ -76.53993988037, 3.43448209763 ] } },
{ "type": "Feature", "properties": { "dinamica": "HURTO", "titulo": "DELITOS CONTRA EL PATRIMONIO ECONOMICO", "capitulo": "DEL HURTO", "articulo": "HURTO CALIFICADO. ART. 240 C.P.", "grado_deli": "NINGUNO", "tipo_notic": "DENUNCIA", "caracteriz": "HURTO DE MOTOCICLETAS", "modalidad": "HALADO", "modo": null, "motivo": null, "pais": "COLOMBIA", "dane_dep": 76, "departamen": "VALLE DEL CAUCA", "dane_mpio": 76001, "municipio": "CALI", "cod_comuna": 19.0, "comuna": "Comuna 19", "cod_barrio": 1914.0, "nom_barrio": "Champagnat", "direccion": "76001 CALLE 9 CON CARRERA 32A, CHAMPAGNAT, COMUNA 19, CALI, VALLE DEL CAUCA", "sitio": "DOMICILIO", "x": -76.537063598629999, "y": 3.4272201061200001, "anio": 2024, "mes": "enero", "dia": 24, "dia_semana": 4, "hora_hecho": "00:00", "barrio": "U DEP PANAMERICANA ANT HIPÓDROMO", "estrato": 4, "geom": "0101000020E6100000000000405F2253C000000060F26A0B40", "fecha_hech": "2024-01-24 00:00:00" }, "geometry": { "type": "Point", "coordinates": [ -76.537063598629999, 3.42722010612 ] } },
{ "type": "Feature", "properties": { "dinamica": "HURTO", "titulo": "DELITOS CONTRA EL PATRIMONIO ECONOMICO", "capitulo": "DEL HURTO", "articulo": "HURTO CALIFICADO. ART. 240 C.P.", "grado_deli": "NINGUNO", "tipo_notic": "DENUNCIA", "caracteriz": "HURTO A CELULARES", "modalidad": "ATRACO", "modo": "ARMA BLANCA", "motivo": "SIN DETERMINAR", "pais": "COLOMBIA", "dane_dep": 76, "departamen": "VALLE DEL CAUCA", "dane_mpio": 76001, "municipio": "CALI", "cod_comuna": 19.0, "comuna": "Comuna 19", "cod_barrio": 1905.0, "nom_barrio": "Eucaristico", "direccion": "76001 Carrera 36C, Barrio Eucarístico, Comuna 19, Cali, Valle del Cauca, COL,BARRIO EUCARÍSTICO", "sitio": "SIN INFORMACION", "x": -76.540565490719999, "y": 3.4255061149600001, "anio": 2024, "mes": "enero", "dia": 25, "dia_semana": 5, "hora_hecho": "12:50", "barrio": "BARRIO EUCARÍSTICO", "estrato": 4, "geom": "0101000020E6100000000000A0982253C0000000C06F670B40", "fecha_hech": "2024-01-25 00:00:00" }, "geometry": { "type": "Point", "coordinates": [ -76.540565490719999, 3.42550611496 ] } },
{ "type": "Feature", "properties": { "dinamica": "HURTO", "titulo": "DELITOS CONTRA EL PATRIMONIO ECONOMICO", "capitulo": "DEL HURTO", "articulo": "HURTO CALIFICADO. ART. 240 C.P.", "grado_deli": "NINGUNO", "tipo_notic": "DENUNCIA", "caracteriz": "HURTO A PERSONAS", "modalidad": "FACTOR DE OPORTUNIDAD", "modo": null, "motivo": null, "pais": "COLOMBIA", "dane_dep": 76, "departamen": "VALLE DEL CAUCA", "dane_mpio": 76001, "municipio": "CALI", "cod_comuna": 19.0, "comuna": "Comuna 19", "cod_barrio": 1912.0, "nom_barrio": "3 de Julio", "direccion": "76001 CALLE 6 26 86, 3 DE JULIO, COMUNA 19, CALI, VALLE DEL CAUCA", "sitio": "OTRO", "x": -76.538871765140001, "y": 3.4337689876600002, "anio": 2024, "mes": "enero", "dia": 26, "dia_semana": 6, "hora_hecho": "01:00", "barrio": "3 DE JULIO", "estrato": 4, "geom": "0101000020E6100000000000E07C2253C0000000E05B780B40", "fecha_hech": "2024-01-26 00:00:00" }, "geometry": { "type": "Point", "coordinates": [ -76.538871765140001, 3.43376898766 ] } },
{ "type": "Feature", "properties": { "dinamica": "HURTO", "titulo": "DELITOS CONTRA EL PATRIMONIO ECONOMICO", "capitulo": "DEL HURTO", "articulo": "HURTO CALIFICADO. ART. 240 C.P.", "grado_deli": "NINGUNO", "tipo_notic": "DENUNCIA", "caracteriz": "HURTO A PERSONAS", "modalidad": "ATRACO", "modo": "ARMA DE FUEGO", "motivo": null, "pais": "COLOMBIA", "dane_dep": 76, "departamen": "VALLE DEL CAUCA", "dane_mpio": 76001, "municipio": "CALI", "cod_comuna": 19.0, "comuna": "Comuna 19", "cod_barrio": 1905.0, "nom_barrio": "Eucaristico", "direccion": "76001 AVENIDA ROOSEVELT 36A 82", "sitio": "VIA PUBLICA", "x": -76.540069580080001, "y": 3.4258189201399998, "anio": 2024, "mes": "febrero", "dia": 3, "dia_semana": 7, "hora_hecho": "12:30", "barrio": "BARRIO EUCARÍSTICO", "estrato": 4, "geom": "0101000020E610000000000080902253C0000000C013680B40", "fecha_hech": "2024-02-03 00:00:00" }, "geometry": { "type": "Point", "coordinates": [ -76.540069580080001, 3.42581892014 ] } },
{ "type": "Feature", "properties": { "dinamica": "HURTO", "titulo": "DELITOS CONTRA EL PATRIMONIO ECONOMICO", "capitulo": "DEL HURTO", "articulo": "HURTO CALIFICADO. ART. 240 C.P.", "grado_deli": "NINGUNO", "tipo_notic": "DENUNCIA", "caracteriz": "HURTO A PERSONAS", "modalidad": "ATRACO", "modo": "ARMA BLANCA", "motivo": null, "pais": "COLOMBIA", "dane_dep": 76, "departamen": "VALLE DEL CAUCA", "dane_mpio": 76001, "municipio": "CALI", "cod_comuna": 19.0, "comuna": "Comuna 19", "cod_barrio": 1912.0, "nom_barrio": "3 de Julio", "direccion": "76001 CALLE 6 27 8", "sitio": "VIA PUBLICA", "x": -76.538948059079999, "y": 3.4331810474400002, "anio": 2024, "mes": "febrero", "dia": 3, "dia_semana": 7, "hora_hecho": "19:00", "barrio": "3 DE JULIO", "estrato": 4, "geom": "0101000020E6100000000000207E2253C0000000A027770B40", "fecha_hech": "2024-02-03 00:00:00" }, "geometry": { "type": "Point", "coordinates": [ -76.538948059079999, 3.43318104744 ] } },
{ "type": "Feature", "properties": { "dinamica": "HURTO", "titulo": "DELITOS CONTRA EL PATRIMONIO ECONOMICO", "capitulo": "DEL HURTO", "articulo": "HURTO CALIFICADO. ART. 240 C.P.", "grado_deli": "NINGUNO", "tipo_notic": "DENUNCIA", "caracteriz": "HURTO DE MOTOCICLETAS", "modalidad": "HALADO", "modo": null, "motivo": null, "pais": "COLOMBIA", "dane_dep": 76, "departamen": "VALLE DEL CAUCA", "dane_mpio": 76001, "municipio": "CALI", "cod_comuna": 19.0, "comuna": "Comuna 19", "cod_barrio": 1912.0, "nom_barrio": "3 de Julio", "direccion": "76001 AVENIDA ROOSEVELT 25 32, 3 DE JULIO, COMUNA 19, CALI, VALLE DEL CAUCA", "sitio": "VIA PUBLICA", "x": -76.538818359380002, "y": 3.4349410533900002, "anio": 2024, "mes": "febrero", "dia": 6, "dia_semana": 3, "hora_hecho": "00:00", "barrio": "3 DE JULIO", "estrato": 4, "geom": "0101000020E6100000000000007C2253C000000060C27A0B40", "fecha_hech": "2024-02-06 00:00:00" }, "geometry": { "type": "Point", "coordinates": [ -76.538818359380002, 3.43494105339 ] } },
{ "type": "Feature", "properties": { "dinamica": "HURTO", "titulo": "DELITOS CONTRA EL PATRIMONIO ECONOMICO", "capitulo": "DEL HURTO", "articulo": "HURTO CALIFICADO. ART. 240 C.P.", "grado_deli": "NINGUNO", "tipo_notic": "DENUNCIA", "caracteriz": "HURTO A PERSONAS", "modalidad": "ATRACO", "modo": "ARMA DE FUEGO", "motivo": null, "pais": "COLOMBIA", "dane_dep": 76, "departamen": "VALLE DEL CAUCA", "dane_mpio": 76001, "municipio": "CALI", "cod_comuna": 19.0, "comuna": "Comuna 19", "cod_barrio": 1912.0, "nom_barrio": "3 de Julio", "direccion": "76001 CARRERA 25 5 61, 3 DE JULIO, COMUNA 19, CALI, VALLE DEL CAUCA", "sitio": "VIA PUBLICA", "x": -76.539772033689999, "y": 3.43540811539, "anio": 2024, "mes": "febrero", "dia": 6, "dia_semana": 3, "hora_hecho": "02:13", "barrio": "3 DE JULIO", "estrato": 4, "geom": "0101000020E6100000000000A08B2253C000000040B77B0B40", "fecha_hech": "2024-02-06 00:00:00" }, "geometry": { "type": "Point", "coordinates": [ -76.539772033689999, 3.43540811539 ] } },
{ "type": "Feature", "properties": { "dinamica": "HURTO", "titulo": "DELITOS CONTRA EL PATRIMONIO ECONOMICO", "capitulo": "DEL HURTO", "articulo": "HURTO CALIFICADO. ART. 240 C.P.", "grado_deli": "NINGUNO", "tipo_notic": "DENUNCIA", "caracteriz": "HURTO A PERSONAS", "modalidad": "ATRACO", "modo": "ARMA DE FUEGO", "motivo": null, "pais": "COLOMBIA", "dane_dep": 76, "departamen": "VALLE DEL CAUCA", "dane_mpio": 76001, "municipio": "CALI", "cod_comuna": 19.0, "comuna": "Comuna 19", "cod_barrio": 1913.0, "nom_barrio": "El Cedro", "direccion": "76001 CARRERA 25 CON CALLE 6, 3 DE JULIO, COMUNA 19, CALI, VALLE DEL CAUCA", "sitio": "VIA PUBLICA", "x": -76.538749694819998, "y": 3.43522000313, "anio": 2024, "mes": "febrero", "dia": 6, "dia_semana": 3, "hora_hecho": "07:00", "barrio": "EL CEDRO", "estrato": 4, "geom": "0101000020E6100000000000E07A2253C0000000A0547B0B40", "fecha_hech": "2024-02-06 00:00:00" }, "geometry": { "type": "Point", "coordinates": [ -76.538749694819998, 3.43522000313 ] } },
{ "type": "Feature", "properties": { "dinamica": "HURTO", "titulo": "DELITOS CONTRA EL PATRIMONIO ECONOMICO", "capitulo": "DEL HURTO", "articulo": "HURTO CALIFICADO. ART. 240 C.P.", "grado_deli": "NINGUNO", "tipo_notic": "DENUNCIA", "caracteriz": "HURTO A PERSONAS", "modalidad": "ATRACO", "modo": "ARMA BLANCA", "motivo": null, "pais": "COLOMBIA", "dane_dep": 76, "departamen": "VALLE DEL CAUCA", "dane_mpio": 76001, "municipio": "CALI", "cod_comuna": 19.0, "comuna": "Comuna 19", "cod_barrio": 1905.0, "nom_barrio": "Eucaristico", "direccion": "76001 Avenida Roosevelt 36A 67, Barrio Eucarístico, Comuna 19, Cali, Valle del Cauca, COL,BARRIO EUCARÍSTICO", "sitio": "SIN INFORMACION", "x": -76.540153503420001, "y": 3.4254369735700001, "anio": 2024, "mes": "febrero", "dia": 8, "dia_semana": 5, "hora_hecho": "14:55", "barrio": "BARRIO EUCARÍSTICO", "estrato": 4, "geom": "0101000020E6100000000000E0912253C0000000804B670B40", "fecha_hech": "2024-02-08 00:00:00" }, "geometry": { "type": "Point", "coordinates": [ -76.540153503420001, 3.42543697357 ] } },
{ "type": "Feature", "properties": { "dinamica": "HURTO", "titulo": "DELITOS CONTRA EL PATRIMONIO ECONOMICO", "capitulo": "DEL HURTO", "articulo": "HURTO CALIFICADO. ART. 240 C.P.", "grado_deli": "NINGUNO", "tipo_notic": "DENUNCIA", "caracteriz": "HURTO A ESTABLECIMIENTOS", "modalidad": "VIOLACION DE CERRADURA", "modo": null, "motivo": null, "pais": "COLOMBIA", "dane_dep": 76, "departamen": "VALLE DEL CAUCA", "dane_mpio": 76001, "municipio": "CALI", "cod_comuna": 19.0, "comuna": "Comuna 19", "cod_barrio": 1905.0, "nom_barrio": "Eucaristico", "direccion": "76001 CARRERA 36 7 55, BARRIO EUCARÍSTICO, COMUNA 19, CALI, VALLE DEL CAUCA", "sitio": "OTRO", "x": -76.538841247560001, "y": 3.4260039329500001, "anio": 2024, "mes": "febrero", "dia": 10, "dia_semana": 7, "hora_hecho": "11:08", "barrio": "BARRIO EUCARÍSTICO", "estrato": 4, "geom": "0101000020E6100000000000607C2253C0000000C074680B40", "fecha_hech": "2024-02-10 00:00:00" }, "geometry": { "type": "Point", "coordinates": [ -76.538841247560001, 3.42600393295 ] } },
{ "type": "Feature", "properties": { "dinamica": "HURTO", "titulo": "DELITOS CONTRA EL PATRIMONIO ECONOMICO", "capitulo": "DEL HURTO", "articulo": "HURTO CALIFICADO. ART. 240 C.P.", "grado_deli": "NINGUNO", "tipo_notic": "DENUNCIA", "caracteriz": "HURTO DE MOTOCICLETAS", "modalidad": "HALADO", "modo": null, "motivo": null, "pais": "COLOMBIA", "dane_dep": 76, "departamen": "VALLE DEL CAUCA", "dane_mpio": 76001, "municipio": "CALI", "cod_comuna": 19.0, "comuna": "Comuna 19", "cod_barrio": 1905.0, "nom_barrio": "Eucaristico", "direccion": "76001 CALLE 7 34 28", "sitio": "LUGAR DE TRABAJO", "x": -76.538887023930002, "y": 3.4273869991299999, "anio": 2024, "mes": "febrero", "dia": 11, "dia_semana": 1, "hora_hecho": "00:00", "barrio": "BARRIO EUCARÍSTICO", "estrato": 4, "geom": "0101000020E6100000000000207D2253C0000000E0496B0B40", "fecha_hech": "2024-02-11 00:00:00" }, "geometry": { "type": "Point", "coordinates": [ -76.538887023930002, 3.42738699913 ] } },
{ "type": "Feature", "properties": { "dinamica": "HURTO", "titulo": "DELITOS CONTRA EL PATRIMONIO ECONOMICO", "capitulo": "DEL HURTO", "articulo": "HURTO CALIFICADO. ART. 240 C.P.", "grado_deli": "NINGUNO", "tipo_notic": "DENUNCIA", "caracteriz": "HURTO A PERSONAS", "modalidad": "ENGAÑO", "modo": null, "motivo": null, "pais": "COLOMBIA", "dane_dep": 76, "departamen": "VALLE DEL CAUCA", "dane_mpio": 76001, "municipio": "CALI", "cod_comuna": 19.0, "comuna": "Comuna 19", "cod_barrio": 1905.0, "nom_barrio": "Eucaristico", "direccion": "76001 Avenida Roosevelt 36C 8, Barrio Eucarístico, Comuna 19, Cali, Valle del Cauca, COL,BARRIO EUCARÍSTICO", "sitio": "SIN INFORMACION", "x": -76.54052734375, "y": 3.4252769947099999, "anio": 2024, "mes": "febrero", "dia": 11, "dia_semana": 1, "hora_hecho": "12:44", "barrio": "BARRIO EUCARÍSTICO", "estrato": 4, "geom": "0101000020E610000000000000982253C0000000A0F7660B40", "fecha_hech": "2024-02-11 00:00:00" }, "geometry": { "type": "Point", "coordinates": [ -76.54052734375, 3.42527699471 ] } },
{ "type": "Feature", "properties": { "dinamica": "HURTO", "titulo": "DELITOS CONTRA EL PATRIMONIO ECONOMICO", "capitulo": "DEL HURTO", "articulo": "HURTO CALIFICADO. ART. 240 C.P.", "grado_deli": "AGRAVADO", "tipo_notic": "DENUNCIA", "caracteriz": "HURTO DE MOTOCICLETAS", "modalidad": "HALADO", "modo": null, "motivo": null, "pais": "COLOMBIA", "dane_dep": 76, "departamen": "VALLE DEL CAUCA", "dane_mpio": 76001, "municipio": "CALI", "cod_comuna": 19.0, "comuna": "Comuna 19", "cod_barrio": 1905.0, "nom_barrio": "Eucaristico", "direccion": "76001 Calle 9 34 1, Barrio Eucarístico, Comuna 19, Cali, Valle del Cauca, COL,BARRIO EUCARÍSTICO", "sitio": "SIN INFORMACION", "x": -76.537704467769998, "y": 3.4258069992100002, "anio": 2024, "mes": "febrero", "dia": 13, "dia_semana": 3, "hora_hecho": "20:00", "barrio": "BARRIO EUCARÍSTICO", "estrato": 4, "geom": "0101000020E6100000000000C0692253C0000000800D680B40", "fecha_hech": "2024-02-13 00:00:00" }, "geometry": { "type": "Point", "coordinates": [ -76.537704467769998, 3.42580699921 ] } },
{ "type": "Feature", "properties": { "dinamica": "HURTO", "titulo": "DELITOS CONTRA EL PATRIMONIO ECONOMICO", "capitulo": "DEL HURTO", "articulo": "HURTO. ART. 239 C.P.", "grado_deli": "NINGUNO", "tipo_notic": "DENUNCIA", "caracteriz": "HURTO A CELULARES", "modalidad": "RAPONAZO", "modo": null, "motivo": "SIN DETERMINAR", "pais": "COLOMBIA", "dane_dep": 76, "departamen": "VALLE DEL CAUCA", "dane_mpio": 76001, "municipio": "CALI", "cod_comuna": 19.0, "comuna": "Comuna 19", "cod_barrio": 1905.0, "nom_barrio": "Eucaristico", "direccion": "76001 CARRERA 36 CON CALLE 6, BARRIO EUCARÍSTICO, COMUNA 19, CALI, VALLE DEL CAUCA", "sitio": "VIA PUBLICA", "x": -76.539756774899999, "y": 3.4268300533299998, "anio": 2024, "mes": "febrero", "dia": 14, "dia_semana": 4, "hora_hecho": "09:30", "barrio": "BARRIO EUCARÍSTICO", "estrato": 4, "geom": "0101000020E6100000000000608B2253C0000000E0256A0B40", "fecha_hech": "2024-02-14 00:00:00" }, "geometry": { "type": "Point", "coordinates": [ -76.539756774899999, 3.42683005333 ] } },
{ "type": "Feature", "properties": { "dinamica": "HURTO", "titulo": "DELITOS CONTRA EL PATRIMONIO ECONOMICO", "capitulo": "DEL HURTO", "articulo": "HURTO CALIFICADO. ART. 240 C.P.", "grado_deli": "NINGUNO", "tipo_notic": "DENUNCIA", "caracteriz": "HURTO DE VEHICULOS", "modalidad": "HALADO", "modo": null, "motivo": null, "pais": "COLOMBIA", "dane_dep": 76, "departamen": "VALLE DEL CAUCA", "dane_mpio": 76001, "municipio": "CALI", "cod_comuna": 19.0, "comuna": "Comuna 19", "cod_barrio": 1906.0, "nom_barrio": "San Fernando Nuevo", "direccion": "76001 CALLE 5B3 36B 27, SAN FERNANDO NUEVO, COMUNA 19, CALI, VALLE DEL CAUCA", "sitio": "VIA PUBLICA", "x": -76.541786193850001, "y": 3.4275870323199999, "anio": 2024, "mes": "febrero", "dia": 16, "dia_semana": 6, "hora_hecho": "00:30", "barrio": "SAN FERNANDO NUEVO", "estrato": 4, "geom": "0101000020E6100000000000A0AC2253C0000000C0B26B0B40", "fecha_hech": "2024-02-16 00:00:00" }, "geometry": { "type": "Point", "coordinates": [ -76.541786193850001, 3.42758703232 ] } },
{ "type": "Feature", "properties": { "dinamica": "HURTO", "titulo": "DELITOS CONTRA EL PATRIMONIO ECONOMICO", "capitulo": "DEL HURTO", "articulo": "HURTO CALIFICADO. ART. 240 C.P.", "grado_deli": "NINGUNO", "tipo_notic": "DENUNCIA", "caracteriz": "HURTO A PERSONAS", "modalidad": "RAPONAZO", "modo": null, "motivo": null, "pais": "COLOMBIA", "dane_dep": 76, "departamen": "VALLE DEL CAUCA", "dane_mpio": 76001, "municipio": "CALI", "cod_comuna": 19.0, "comuna": "Comuna 19", "cod_barrio": 1912.0, "nom_barrio": "3 de Julio", "direccion": "76001 CL 6 SUR CON KR 26-80 CALLE  6 CARRERA  26 80", "sitio": "SIN INFORMACION", "x": -76.538864135739999, "y": 3.4338200092300002, "anio": 2024, "mes": "febrero", "dia": 22, "dia_semana": 5, "hora_hecho": "15:00", "barrio": null, "estrato": 4, "geom": "0101000020E6100000000000C07C2253C0000000A076780B40", "fecha_hech": "2024-02-22 00:00:00" }, "geometry": { "type": "Point", "coordinates": [ -76.538864135739999, 3.43382000923 ] } },
{ "type": "Feature", "properties": { "dinamica": "HURTO", "titulo": "DELITOS CONTRA EL PATRIMONIO ECONOMICO", "capitulo": "DEL HURTO", "articulo": "HURTO CALIFICADO. ART. 240 C.P.", "grado_deli": "NINGUNO", "tipo_notic": "DENUNCIA", "caracteriz": "HURTO A CELULARES", "modalidad": "ATRACO", "modo": "ARMA DE FUEGO", "motivo": "IBA HABLANDO", "pais": "COLOMBIA", "dane_dep": 76, "departamen": "VALLE DEL CAUCA", "dane_mpio": 76001, "municipio": "CALI", "cod_comuna": 19.0, "comuna": "Comuna 19", "cod_barrio": 1912.0, "nom_barrio": "3 de Julio", "direccion": "76001 AVENIDA ALFONSO BONILLA ARAGÓN 92", "sitio": "VIA PUBLICA", "x": -76.540214538569998, "y": 3.4355518817899999, "anio": 2024, "mes": "febrero", "dia": 22, "dia_semana": 5, "hora_hecho": "19:00", "barrio": "3 DE JULIO", "estrato": 4, "geom": "0101000020E6100000000000E0922253C0000000A0027C0B40", "fecha_hech": "2024-02-22 00:00:00" }, "geometry": { "type": "Point", "coordinates": [ -76.540214538569998, 3.43555188179 ] } },
{ "type": "Feature", "properties": { "dinamica": "HURTO", "titulo": "DELITOS CONTRA EL PATRIMONIO ECONOMICO", "capitulo": "DEL HURTO", "articulo": "HURTO CALIFICADO. ART. 240 C.P.", "grado_deli": "NINGUNO", "tipo_notic": "DENUNCIA", "caracteriz": "HURTO A CELULARES", "modalidad": "ENGAÑO", "modo": null, "motivo": null, "pais": "COLOMBIA", "dane_dep": 76, "departamen": "VALLE DEL CAUCA", "dane_mpio": 76001, "municipio": "CALI", "cod_comuna": 19.0, "comuna": "Comuna 19", "cod_barrio": 1913.0, "nom_barrio": "El Cedro", "direccion": "76001 CARRERA 32 7 16, EL CEDRO, COMUNA 19, CALI, VALLE DEL CAUCA", "sitio": "VIA PUBLICA", "x": -76.538345336909998, "y": 3.4282760620100001, "anio": 2024, "mes": "febrero", "dia": 23, "dia_semana": 6, "hora_hecho": "11:30", "barrio": "EL CEDRO", "estrato": 4, "geom": "0101000020E610000000000040742253C0000000001C6D0B40", "fecha_hech": "2024-02-23 00:00:00" }, "geometry": { "type": "Point", "coordinates": [ -76.538345336909998, 3.42827606201 ] } },
{ "type": "Feature", "properties": { "dinamica": "HURTO", "titulo": "DELITOS CONTRA EL PATRIMONIO ECONOMICO", "capitulo": "DEL HURTO", "articulo": "HURTO. ART. 239 C.P.", "grado_deli": "NINGUNO", "tipo_notic": "DENUNCIA", "caracteriz": "HURTO A PERSONAS", "modalidad": "RAPONAZO", "modo": null, "motivo": null, "pais": "COLOMBIA", "dane_dep": 76, "departamen": "VALLE DEL CAUCA", "dane_mpio": 76001, "municipio": "CALI", "cod_comuna": 19.0, "comuna": "Comuna 19", "cod_barrio": 1913.0, "nom_barrio": "El Cedro", "direccion": "76001 AVENIDA ROOSEVELT 25 71", "sitio": "VIA PUBLICA", "x": -76.538711547849999, "y": 3.43465805054, "anio": 2024, "mes": "febrero", "dia": 24, "dia_semana": 7, "hora_hecho": "12:30", "barrio": "EL CEDRO", "estrato": 4, "geom": "0101000020E6100000000000407A2253C0000000002E7A0B40", "fecha_hech": "2024-02-24 00:00:00" }, "geometry": { "type": "Point", "coordinates": [ -76.538711547849999, 3.43465805054 ] } },
{ "type": "Feature", "properties": { "dinamica": "HURTO", "titulo": "DELITOS CONTRA EL PATRIMONIO ECONOMICO", "capitulo": "DEL HURTO", "articulo": "HURTO CALIFICADO. ART. 240 C.P.", "grado_deli": "NINGUNO", "tipo_notic": "DENUNCIA", "caracteriz": "HURTO DE VEHICULOS", "modalidad": "HALADO", "modo": null, "motivo": null, "pais": "COLOMBIA", "dane_dep": 76, "departamen": "VALLE DEL CAUCA", "dane_mpio": 76001, "municipio": "CALI", "cod_comuna": 19.0, "comuna": "Comuna 19", "cod_barrio": 1905.0, "nom_barrio": "Eucaristico", "direccion": "76001 CARRERA 36 7, BARRIO EUCARÍSTICO, COMUNA 19, CALI, VALLE DEL CAUCA", "sitio": "VIA PUBLICA", "x": -76.538787841800001, "y": 3.4259150028200001, "anio": 2024, "mes": "febrero", "dia": 25, "dia_semana": 1, "hora_hecho": "00:00", "barrio": "BARRIO EUCARÍSTICO", "estrato": 4, "geom": "0101000020E6100000000000807B2253C00000002046680B40", "fecha_hech": "2024-02-25 00:00:00" }, "geometry": { "type": "Point", "coordinates": [ -76.538787841800001, 3.42591500282 ] } },
{ "type": "Feature", "properties": { "dinamica": "HURTO", "titulo": "DELITOS CONTRA EL PATRIMONIO ECONOMICO", "capitulo": "DEL HURTO", "articulo": "HURTO CALIFICADO. ART. 240 C.P.", "grado_deli": "AGRAVADO", "tipo_notic": "DENUNCIA", "caracteriz": "HURTO DE MOTOCICLETAS", "modalidad": "HALADO", "modo": null, "motivo": null, "pais": "COLOMBIA", "dane_dep": 76, "departamen": "VALLE DEL CAUCA", "dane_mpio": 76001, "municipio": "CALI", "cod_comuna": 19.0, "comuna": "Comuna 19", "cod_barrio": 1905.0, "nom_barrio": "Eucaristico", "direccion": "76001 CARRERA 36 CON CALLE 6, SAN FERNANDO NUEVO, CALI, VALLE DEL CAUCA", "sitio": "VIA PUBLICA", "x": -76.539764404300001, "y": 3.4268550872799999, "anio": 2024, "mes": "marzo", "dia": 1, "dia_semana": 6, "hora_hecho": "08:30", "barrio": "SAN FERNANDO NUEVO", "estrato": 4, "geom": "0101000020E6100000000000808B2253C000000000336A0B40", "fecha_hech": "2024-03-01 00:00:00" }, "geometry": { "type": "Point", "coordinates": [ -76.539764404300001, 3.42685508728 ] } },
{ "type": "Feature", "properties": { "dinamica": "HURTO", "titulo": "DELITOS CONTRA EL PATRIMONIO ECONOMICO", "capitulo": "DEL HURTO", "articulo": "HURTO. ART. 239 C.P.", "grado_deli": "AGRAVADO", "tipo_notic": "QUERELLA", "caracteriz": "HURTO A CELULARES", "modalidad": "FACTOR DE OPORTUNIDAD", "modo": null, "motivo": null, "pais": "COLOMBIA", "dane_dep": 76, "departamen": "VALLE DEL CAUCA", "dane_mpio": 76001, "municipio": "CALI", "cod_comuna": 19.0, "comuna": "Comuna 19", "cod_barrio": 1913.0, "nom_barrio": "El Cedro", "direccion": "76001 Avenida Roosevelt 27 65, El Cedro, Comuna 19, Cali, Valle del Cauca, COL,EL CEDRO", "sitio": "SIN INFORMACION", "x": -76.538833618159998, "y": 3.4328119754799999, "anio": 2024, "mes": "marzo", "dia": 1, "dia_semana": 6, "hora_hecho": "13:00", "barrio": "EL CEDRO", "estrato": 4, "geom": "0101000020E6100000000000407C2253C00000002066760B40", "fecha_hech": "2024-03-01 00:00:00" }, "geometry": { "type": "Point", "coordinates": [ -76.538833618159998, 3.43281197548 ] } },
{ "type": "Feature", "properties": { "dinamica": "HURTO", "titulo": "DELITOS CONTRA EL PATRIMONIO ECONOMICO", "capitulo": "DEL HURTO", "articulo": "HURTO. ART. 239 C.P.", "grado_deli": "AGRAVADO", "tipo_notic": "DENUNCIA", "caracteriz": "HURTO A PERSONAS", "modalidad": "FACTOR DE OPORTUNIDAD", "modo": null, "motivo": null, "pais": "COLOMBIA", "dane_dep": 76, "departamen": "VALLE DEL CAUCA", "dane_mpio": 76001, "municipio": "CALI", "cod_comuna": 19.0, "comuna": "Comuna 19", "cod_barrio": 1905.0, "nom_barrio": "Eucaristico", "direccion": "76001 Carrera 36 5, San Fernando Nuevo, Cali, Valle del Cauca, COL,BARRIO EUCARÍSTICO", "sitio": "SIN INFORMACION", "x": -76.539680480960001, "y": 3.4268538951899998, "anio": 2024, "mes": "marzo", "dia": 2, "dia_semana": 7, "hora_hecho": "00:53", "barrio": "BARRIO EUCARÍSTICO", "estrato": 4, "geom": "0101000020E6100000000000208A2253C000000060326A0B40", "fecha_hech": "2024-03-02 00:00:00" }, "geometry": { "type": "Point", "coordinates": [ -76.539680480960001, 3.42685389519 ] } },
{ "type": "Feature", "properties": { "dinamica": "HURTO", "titulo": "DELITOS CONTRA EL PATRIMONIO ECONOMICO", "capitulo": "DEL HURTO", "articulo": "HURTO CALIFICADO. ART. 240 C.P.", "grado_deli": "AGRAVADO", "tipo_notic": "DENUNCIA", "caracteriz": "HURTO A PERSONAS", "modalidad": "ATRACO", "modo": "ARMA DE FUEGO", "motivo": null, "pais": "COLOMBIA", "dane_dep": 76, "departamen": "VALLE DEL CAUCA", "dane_mpio": 76001, "municipio": "CALI", "cod_comuna": 19.0, "comuna": "Comuna 19", "cod_barrio": 1912.0, "nom_barrio": "3 de Julio", "direccion": "76001 CALLE 5C 26 80, 3 DE JULIO, COMUNA 19, CALI, VALLE DEL CAUCA", "sitio": "VIA PUBLICA", "x": -76.539733886720001, "y": 3.4338290691400002, "anio": 2024, "mes": "marzo", "dia": 7, "dia_semana": 5, "hora_hecho": "02:50", "barrio": "3 DE JULIO", "estrato": 4, "geom": "0101000020E6100000000000008B2253C0000000607B780B40", "fecha_hech": "2024-03-07 00:00:00" }, "geometry": { "type": "Point", "coordinates": [ -76.539733886720001, 3.43382906914 ] } },
{ "type": "Feature", "properties": { "dinamica": "HURTO", "titulo": "DELITOS CONTRA EL PATRIMONIO ECONOMICO", "capitulo": "DEL HURTO", "articulo": "HURTO CALIFICADO. ART. 240 C.P.", "grado_deli": "AGRAVADO", "tipo_notic": "DENUNCIA", "caracteriz": "HURTO A ESTABLECIMIENTOS", "modalidad": "VENTOSA", "modo": null, "motivo": null, "pais": "COLOMBIA", "dane_dep": 76, "departamen": "VALLE DEL CAUCA", "dane_mpio": 76001, "municipio": "CALI", "cod_comuna": 19.0, "comuna": "Comuna 19", "cod_barrio": 1905.0, "nom_barrio": "Eucaristico", "direccion": "76001 Avenida Roosevelt 36A 49, Barrio Eucarístico, Comuna 19, Cali, Valle del Cauca, COL,BARRIO EUCARÍSTICO", "sitio": "SIN INFORMACION", "x": -76.540092468259999, "y": 3.42557001114, "anio": 2024, "mes": "marzo", "dia": 8, "dia_semana": 6, "hora_hecho": "08:15", "barrio": "BARRIO EUCARÍSTICO", "estrato": 4, "geom": "0101000020E6100000000000E0902253C00000004091670B40", "fecha_hech": "2024-03-08 00:00:00" }, "geometry": { "type": "Point", "coordinates": [ -76.540092468259999, 3.42557001114 ] } },
{ "type": "Feature", "properties": { "dinamica": "HURTO", "titulo": "DELITOS CONTRA EL PATRIMONIO ECONOMICO", "capitulo": "DEL HURTO", "articulo": "HURTO CALIFICADO. ART. 240 C.P.", "grado_deli": "NINGUNO", "tipo_notic": "DENUNCIA", "caracteriz": "HURTO A PERSONAS", "modalidad": "ATRACO", "modo": "ARMA DE FUEGO", "motivo": null, "pais": "COLOMBIA", "dane_dep": 76, "departamen": "VALLE DEL CAUCA", "dane_mpio": 76001, "municipio": "CALI", "cod_comuna": 19.0, "comuna": "Comuna 19", "cod_barrio": 1912.0, "nom_barrio": "3 de Julio", "direccion": "76001 CARRERA 29 CON CALLE 6, 3 DE JULIO, COMUNA 19, CALI, VALLE DEL CAUCA", "sitio": "VIA PUBLICA", "x": -76.53896331787, "y": 3.43179011345, "anio": 2024, "mes": "marzo", "dia": 9, "dia_semana": 7, "hora_hecho": "17:00", "barrio": "3 DE JULIO", "estrato": 4, "geom": "0101000020E6100000000000607E2253C0000000604E740B40", "fecha_hech": "2024-03-09 00:00:00" }, "geometry": { "type": "Point", "coordinates": [ -76.53896331787, 3.43179011345 ] } },
{ "type": "Feature", "properties": { "dinamica": "HURTO", "titulo": "DELITOS CONTRA EL PATRIMONIO ECONOMICO", "capitulo": "DEL HURTO", "articulo": "HURTO. ART. 239 C.P.", "grado_deli": "AGRAVADO", "tipo_notic": "DENUNCIA", "caracteriz": "HURTO A ESTABLECIMIENTOS", "modalidad": "FACTOR DE OPORTUNIDAD", "modo": null, "motivo": null, "pais": "COLOMBIA", "dane_dep": 76, "departamen": "VALLE DEL CAUCA", "dane_mpio": 76001, "municipio": "CALI", "cod_comuna": 19.0, "comuna": "Comuna 19", "cod_barrio": 1913.0, "nom_barrio": "El Cedro", "direccion": "76001 Carrera 34 10, El Cedro, Cali, Valle del Cauca, COL,EL CEDRO", "sitio": "SIN INFORMACION", "x": -76.53810119629, "y": 3.4271929264100001, "anio": 2024, "mes": "marzo", "dia": 13, "dia_semana": 4, "hora_hecho": "18:30", "barrio": "EL CEDRO", "estrato": 4, "geom": "0101000020E610000000000040702253C000000020E46A0B40", "fecha_hech": "2024-03-13 00:00:00" }, "geometry": { "type": "Point", "coordinates": [ -76.53810119629, 3.42719292641 ] } },
{ "type": "Feature", "properties": { "dinamica": "HURTO", "titulo": "DELITOS CONTRA EL PATRIMONIO ECONOMICO", "capitulo": "DEL HURTO", "articulo": "HURTO CALIFICADO. ART. 240 C.P.", "grado_deli": "NINGUNO", "tipo_notic": "DENUNCIA", "caracteriz": "HURTO DE AUTOPARTES", "modalidad": "FACTOR DE OPORTUNIDAD", "modo": null, "motivo": null, "pais": "COLOMBIA", "dane_dep": 76, "departamen": "VALLE DEL CAUCA", "dane_mpio": 76001, "municipio": "CALI", "cod_comuna": 19.0, "comuna": "Comuna 19", "cod_barrio": 1912.0, "nom_barrio": "3 de Julio", "direccion": "76001 Calle 5B 25 91, 3 de Julio, Comuna 19, Cali, Valle del Cauca, COL,3 DE JULIO", "sitio": "SIN INFORMACION", "x": -76.540367126459998, "y": 3.4348430633499998, "anio": 2024, "mes": "marzo", "dia": 14, "dia_semana": 5, "hora_hecho": "05:33", "barrio": "3 DE JULIO", "estrato": 4, "geom": "0101000020E610000000000060952253C0000000008F7A0B40", "fecha_hech": "2024-03-14 00:00:00" }, "geometry": { "type": "Point", "coordinates": [ -76.540367126459998, 3.43484306335 ] } },
{ "type": "Feature", "properties": { "dinamica": "HURTO", "titulo": "DELITOS CONTRA EL PATRIMONIO ECONOMICO", "capitulo": "DEL HURTO", "articulo": "HURTO. ART. 239 C.P.", "grado_deli": "NINGUNO", "tipo_notic": "DENUNCIA", "caracteriz": "HURTO A CELULARES", "modalidad": "COSQUILLEO", "modo": null, "motivo": null, "pais": "COLOMBIA", "dane_dep": 76, "departamen": "VALLE DEL CAUCA", "dane_mpio": 76001, "municipio": "CALI", "cod_comuna": 19.0, "comuna": "Comuna 19", "cod_barrio": 1913.0, "nom_barrio": "El Cedro", "direccion": "76001 CALLE 6 27 13, EL CEDRO, COMUNA 19, CALI, VALLE DEL CAUCA", "sitio": "TRANSPORTE MASIVO", "x": -76.538795471189999, "y": 3.43314909935, "anio": 2024, "mes": "marzo", "dia": 14, "dia_semana": 5, "hora_hecho": "08:00", "barrio": "EL CEDRO", "estrato": 4, "geom": "0101000020E6100000000000A07B2253C0000000E016770B40", "fecha_hech": "2024-03-14 00:00:00" }, "geometry": { "type": "Point", "coordinates": [ -76.538795471189999, 3.43314909935 ] } },
{ "type": "Feature", "properties": { "dinamica": "HURTO", "titulo": "DELITOS CONTRA EL PATRIMONIO ECONOMICO", "capitulo": "DEL HURTO", "articulo": "HURTO. ART. 239 C.P.", "grado_deli": "NINGUNO", "tipo_notic": "DENUNCIA", "caracteriz": "HURTO DE AUTOPARTES", "modalidad": "FACTOR DE OPORTUNIDAD", "modo": null, "motivo": null, "pais": "COLOMBIA", "dane_dep": 76, "departamen": "VALLE DEL CAUCA", "dane_mpio": 76001, "municipio": "CALI", "cod_comuna": 19.0, "comuna": "Comuna 19", "cod_barrio": 1906.0, "nom_barrio": "San Fernando Nuevo", "direccion": "76001 CARRERA 36 5B3 45", "sitio": "VIA PUBLICA", "x": -76.540588378910002, "y": 3.4280030727400002, "anio": 2024, "mes": "marzo", "dia": 18, "dia_semana": 2, "hora_hecho": "05:00", "barrio": "SAN FERNANDO NUEVO", "estrato": 4, "geom": "0101000020E610000000000000992253C0000000E08C6C0B40", "fecha_hech": "2024-03-18 00:00:00" }, "geometry": { "type": "Point", "coordinates": [ -76.540588378910002, 3.42800307274 ] } },
{ "type": "Feature", "properties": { "dinamica": "HURTO", "titulo": "DELITOS CONTRA EL PATRIMONIO ECONOMICO", "capitulo": "DEL HURTO", "articulo": "HURTO CALIFICADO. ART. 240 C.P.", "grado_deli": "TENTATIVA", "tipo_notic": "DENUNCIA", "caracteriz": "HURTO A ESTABLECIMIENTOS", "modalidad": "VENTOSA", "modo": null, "motivo": null, "pais": "COLOMBIA", "dane_dep": 76, "departamen": "VALLE DEL CAUCA", "dane_mpio": 76001, "municipio": "CALI", "cod_comuna": 19.0, "comuna": "Comuna 19", "cod_barrio": 1905.0, "nom_barrio": "Eucaristico", "direccion": "76001 CARRERA 34 8 34, SANTIAGO DE CALI, CALI, VALLE DEL CAUCA, COL,BARRIO EUCARÍSTICO", "sitio": "ESTABLECIMIENTO DE COMERCIO", "x": -76.537910461430002, "y": 3.4263188839000001, "anio": 2024, "mes": "marzo", "dia": 18, "dia_semana": 2, "hora_hecho": "09:30", "barrio": "BARRIO EUCARÍSTICO", "estrato": 4, "geom": "0101000020E6100000000000206D2253C0000000E019690B40", "fecha_hech": "2024-03-18 00:00:00" }, "geometry": { "type": "Point", "coordinates": [ -76.537910461430002, 3.4263188839 ] } },
{ "type": "Feature", "properties": { "dinamica": "HURTO", "titulo": "DELITOS CONTRA EL PATRIMONIO ECONOMICO", "capitulo": "DEL HURTO", "articulo": "HURTO CALIFICADO. ART. 240 C.P.", "grado_deli": "NINGUNO", "tipo_notic": "DENUNCIA", "caracteriz": "HURTO DE AUTOPARTES", "modalidad": "FACTOR DE OPORTUNIDAD", "modo": null, "motivo": null, "pais": "COLOMBIA", "dane_dep": 76, "departamen": "VALLE DEL CAUCA", "dane_mpio": 76001, "municipio": "CALI", "cod_comuna": 19.0, "comuna": "Comuna 19", "cod_barrio": 1912.0, "nom_barrio": "3 de Julio", "direccion": "76001 CARRERA 28 5B 2", "sitio": "VIA PUBLICA", "x": -76.540435791020002, "y": 3.4326028823899999, "anio": 2024, "mes": "marzo", "dia": 18, "dia_semana": 2, "hora_hecho": "17:00", "barrio": "3 DE JULIO", "estrato": 4, "geom": "0101000020E610000000000080962253C000000080F8750B40", "fecha_hech": "2024-03-18 00:00:00" }, "geometry": { "type": "Point", "coordinates": [ -76.540435791020002, 3.43260288239 ] } },
{ "type": "Feature", "properties": { "dinamica": "HURTO", "titulo": "DELITOS CONTRA EL PATRIMONIO ECONOMICO", "capitulo": "DEL HURTO", "articulo": "HURTO CALIFICADO. ART. 240 C.P.", "grado_deli": "NINGUNO", "tipo_notic": "DENUNCIA", "caracteriz": "HURTO A PERSONAS", "modalidad": "ATRACO", "modo": "ARMA DE FUEGO", "motivo": null, "pais": "COLOMBIA", "dane_dep": 76, "departamen": "VALLE DEL CAUCA", "dane_mpio": 76001, "municipio": "CALI", "cod_comuna": 19.0, "comuna": "Comuna 19", "cod_barrio": 1912.0, "nom_barrio": "3 de Julio", "direccion": "76001 Carrera 27, 3 de Julio, Cali, Valle del Cauca, COL,3 DE JULIO", "sitio": "SIN INFORMACION", "x": -76.54019165039, "y": 3.4333209991500002, "anio": 2024, "mes": "marzo", "dia": 21, "dia_semana": 5, "hora_hecho": "00:30", "barrio": "3 DE JULIO", "estrato": 4, "geom": "0101000020E610000000000080922253C00000000071770B40", "fecha_hech": "2024-03-21 00:00:00" }, "geometry": { "type": "Point", "coordinates": [ -76.54019165039, 3.43332099915 ] } },
{ "type": "Feature", "properties": { "dinamica": "HURTO", "titulo": "DELITOS CONTRA EL PATRIMONIO ECONOMICO", "capitulo": "DEL HURTO", "articulo": "HURTO. ART. 239 C.P.", "grado_deli": "AGRAVADO", "tipo_notic": "DENUNCIA", "caracteriz": "HURTO DE AUTOPARTES", "modalidad": "FACTOR DE OPORTUNIDAD", "modo": null, "motivo": null, "pais": "COLOMBIA", "dane_dep": 76, "departamen": "VALLE DEL CAUCA", "dane_mpio": 76001, "municipio": "CALI", "cod_comuna": 19.0, "comuna": "Comuna 19", "cod_barrio": 1906.0, "nom_barrio": "San Fernando Nuevo", "direccion": "76001 CALLE 5B4 34 146", "sitio": "ZONA DE PARQUEO", "x": -76.540214538569998, "y": 3.428180933, "anio": 2024, "mes": "marzo", "dia": 21, "dia_semana": 5, "hora_hecho": "21:00", "barrio": "SAN FERNANDO NUEVO", "estrato": 4, "geom": "0101000020E6100000000000E0922253C000000020EA6C0B40", "fecha_hech": "2024-03-21 00:00:00" }, "geometry": { "type": "Point", "coordinates": [ -76.540214538569998, 3.428180933 ] } },
{ "type": "Feature", "properties": { "dinamica": "HURTO", "titulo": "DELITOS CONTRA EL PATRIMONIO ECONOMICO", "capitulo": "DEL HURTO", "articulo": "HURTO CALIFICADO. ART. 240 C.P.", "grado_deli": "AGRAVADO", "tipo_notic": "DENUNCIA", "caracteriz": "HURTO DE VEHICULOS", "modalidad": "HALADO", "modo": null, "motivo": null, "pais": "COLOMBIA", "dane_dep": 76, "departamen": "VALLE DEL CAUCA", "dane_mpio": 76001, "municipio": "CALI", "cod_comuna": 19.0, "comuna": "Comuna 19", "cod_barrio": 1905.0, "nom_barrio": "Eucaristico", "direccion": "76001 CALLE 9 CON CARRERA 34, BARRIO EUCARÍSTICO, COMUNA 19, CALI, VALLE DEL CAUCA", "sitio": "ZONA DE PARQUEO", "x": -76.537590026860002, "y": 3.4261798858599999, "anio": 2024, "mes": "marzo", "dia": 22, "dia_semana": 6, "hora_hecho": "00:00", "barrio": "EL CEDRO", "estrato": 4, "geom": "0101000020E6100000000000E0672253C000000000D1680B40", "fecha_hech": "2024-03-22 00:00:00" }, "geometry": { "type": "Point", "coordinates": [ -76.537590026860002, 3.42617988586 ] } },
{ "type": "Feature", "properties": { "dinamica": "HURTO", "titulo": "DELITOS CONTRA EL PATRIMONIO ECONOMICO", "capitulo": "DEL HURTO", "articulo": "HURTO. ART. 239 C.P.", "grado_deli": "NINGUNO", "tipo_notic": "DENUNCIA", "caracteriz": "HURTO A ESTABLECIMIENTOS", "modalidad": "FACTOR DE OPORTUNIDAD", "modo": null, "motivo": null, "pais": "COLOMBIA", "dane_dep": 76, "departamen": "VALLE DEL CAUCA", "dane_mpio": 76001, "municipio": "CALI", "cod_comuna": 19.0, "comuna": "Comuna 19", "cod_barrio": 1913.0, "nom_barrio": "El Cedro", "direccion": "76001 CALLE 7 30-03, EL CEDRO, CALI, VALLE DEL CAUCA", "sitio": "VIA PUBLICA", "x": -76.53810119629, "y": 3.4298679828599998, "anio": 2024, "mes": "marzo", "dia": 22, "dia_semana": 6, "hora_hecho": "09:52", "barrio": "EL CEDRO", "estrato": 4, "geom": "0101000020E610000000000040702253C0000000A05E700B40", "fecha_hech": "2024-03-22 00:00:00" }, "geometry": { "type": "Point", "coordinates": [ -76.53810119629, 3.42986798286 ] } },
{ "type": "Feature", "properties": { "dinamica": "HURTO", "titulo": "DELITOS CONTRA EL PATRIMONIO ECONOMICO", "capitulo": "DEL HURTO", "articulo": "HURTO CALIFICADO. ART. 240 C.P.", "grado_deli": "NINGUNO", "tipo_notic": "DENUNCIA", "caracteriz": "HURTO DE MOTOCICLETAS", "modalidad": "HALADO", "modo": null, "motivo": null, "pais": "COLOMBIA", "dane_dep": 76, "departamen": "VALLE DEL CAUCA", "dane_mpio": 76001, "municipio": "CALI", "cod_comuna": 19.0, "comuna": "Comuna 19", "cod_barrio": 1913.0, "nom_barrio": "El Cedro", "direccion": "76001 BANCOLOMBIA AVENIDA ROOSEVELT", "sitio": "VIA PUBLICA", "x": -76.538703918460001, "y": 3.43463206291, "anio": 2024, "mes": "marzo", "dia": 23, "dia_semana": 7, "hora_hecho": "00:00", "barrio": "EL CEDRO", "estrato": 4, "geom": "0101000020E6100000000000207A2253C000000060207A0B40", "fecha_hech": "2024-03-23 00:00:00" }, "geometry": { "type": "Point", "coordinates": [ -76.538703918460001, 3.43463206291 ] } },
{ "type": "Feature", "properties": { "dinamica": "HURTO", "titulo": "DELITOS CONTRA EL PATRIMONIO ECONOMICO", "capitulo": "DEL HURTO", "articulo": "HURTO CALIFICADO. ART. 240 C.P.", "grado_deli": "NINGUNO", "tipo_notic": "DENUNCIA", "caracteriz": "HURTO DE AUTOPARTES", "modalidad": "FACTOR DE OPORTUNIDAD", "modo": null, "motivo": null, "pais": "COLOMBIA", "dane_dep": 76, "departamen": "VALLE DEL CAUCA", "dane_mpio": 76001, "municipio": "CALI", "cod_comuna": 19.0, "comuna": "Comuna 19", "cod_barrio": 1905.0, "nom_barrio": "Eucaristico", "direccion": "76001 CALLE 9 CON CARRERA 36, BARRIO EUCARISTICO, CALI, VALLE DEL CAUCA", "sitio": "VIA PUBLICA", "x": -76.537895202640001, "y": 3.4255349636100001, "anio": 2024, "mes": "marzo", "dia": 25, "dia_semana": 2, "hora_hecho": "10:00", "barrio": "BARRIO EUCARÍSTICO", "estrato": 4, "geom": "0101000020E6100000000000E06C2253C0000000E07E670B40", "fecha_hech": "2024-03-25 00:00:00" }, "geometry": { "type": "Point", "coordinates": [ -76.537895202640001, 3.42553496361 ] } },
{ "type": "Feature", "properties": { "dinamica": "HURTO", "titulo": "DELITOS CONTRA EL PATRIMONIO ECONOMICO", "capitulo": "DEL HURTO", "articulo": "HURTO CALIFICADO. ART. 240 C.P.", "grado_deli": "NINGUNO", "tipo_notic": "DENUNCIA", "caracteriz": "HURTO A PERSONAS", "modalidad": "ATRACO", "modo": "ARMA DE FUEGO", "motivo": null, "pais": "COLOMBIA", "dane_dep": 76, "departamen": "VALLE DEL CAUCA", "dane_mpio": 76001, "municipio": "CALI", "cod_comuna": 19.0, "comuna": "Comuna 19", "cod_barrio": 1914.0, "nom_barrio": "Champagnat", "direccion": "76001 CALLE 9 34-10, BARRIO EUCARISTICO, CALI, VALLE DEL CAUCA", "sitio": "ESTABLECIMIENTO DE COMERCIO", "x": -76.537635803219999, "y": 3.4256689548499999, "anio": 2024, "mes": "marzo", "dia": 25, "dia_semana": 2, "hora_hecho": "16:30", "barrio": "BARRIO EUCARÍSTICO", "estrato": 4, "geom": "0101000020E6100000000000A0682253C000000020C5670B40", "fecha_hech": "2024-03-25 00:00:00" }, "geometry": { "type": "Point", "coordinates": [ -76.537635803219999, 3.42566895485 ] } },
{ "type": "Feature", "properties": { "dinamica": "HURTO", "titulo": "DELITOS CONTRA EL PATRIMONIO ECONOMICO", "capitulo": "DEL HURTO", "articulo": "HURTO. ART. 239 C.P.", "grado_deli": "NINGUNO", "tipo_notic": "DENUNCIA", "caracteriz": "HURTO A PERSONAS", "modalidad": "RAPONAZO", "modo": null, "motivo": null, "pais": "COLOMBIA", "dane_dep": 76, "departamen": "VALLE DEL CAUCA", "dane_mpio": 76001, "municipio": "CALI", "cod_comuna": 19.0, "comuna": "Comuna 19", "cod_barrio": 1912.0, "nom_barrio": "3 de Julio", "direccion": "76001 CARRERA 26 5C 98", "sitio": "VIA PUBLICA", "x": -76.538833618159998, "y": 3.4343440532699998, "anio": 2024, "mes": "marzo", "dia": 27, "dia_semana": 4, "hora_hecho": "15:00", "barrio": "3 DE JULIO", "estrato": 4, "geom": "0101000020E6100000000000407C2253C00000006089790B40", "fecha_hech": "2024-03-27 00:00:00" }, "geometry": { "type": "Point", "coordinates": [ -76.538833618159998, 3.43434405327 ] } },
{ "type": "Feature", "properties": { "dinamica": "HURTO", "titulo": "DELITOS CONTRA EL PATRIMONIO ECONOMICO", "capitulo": "DEL HURTO", "articulo": "HURTO CALIFICADO. ART. 240 C.P.", "grado_deli": "NINGUNO", "tipo_notic": "DENUNCIA", "caracteriz": "HURTO A ESTABLECIMIENTOS", "modalidad": "ATRACO", "modo": "ARMA DE FUEGO", "motivo": null, "pais": "COLOMBIA", "dane_dep": 76, "departamen": "VALLE DEL CAUCA", "dane_mpio": 76001, "municipio": "CALI", "cod_comuna": 19.0, "comuna": "Comuna 19", "cod_barrio": 1912.0, "nom_barrio": "3 de Julio", "direccion": "76001 CARRERA 27 44-05, 3 DE JULIO, CALI, VALLE DEL CAUCA", "sitio": "ESTABLECIMIENTO DE COMERCIO", "x": -76.539642333979998, "y": 3.4333651065800002, "anio": 2024, "mes": "marzo", "dia": 27, "dia_semana": 4, "hora_hecho": "16:04", "barrio": "3 DE JULIO", "estrato": 4, "geom": "0101000020E610000000000080892253C00000002088770B40", "fecha_hech": "2024-03-27 00:00:00" }, "geometry": { "type": "Point", "coordinates": [ -76.539642333979998, 3.43336510658 ] } },
{ "type": "Feature", "properties": { "dinamica": "HURTO", "titulo": "DELITOS CONTRA EL PATRIMONIO ECONOMICO", "capitulo": "DEL HURTO", "articulo": "HURTO CALIFICADO. ART. 240 C.P.", "grado_deli": "NINGUNO", "tipo_notic": "DENUNCIA", "caracteriz": "HURTO A PERSONAS", "modalidad": "ATRACO", "modo": "ARMA DE FUEGO", "motivo": null, "pais": "COLOMBIA", "dane_dep": 76, "departamen": "VALLE DEL CAUCA", "dane_mpio": 76001, "municipio": "CALI", "cod_comuna": 19.0, "comuna": "Comuna 19", "cod_barrio": 1913.0, "nom_barrio": "El Cedro", "direccion": "76001 CALLE 9 CON CARRERA 32, EL CEDRO, CALI, VALLE DEL CAUCA", "sitio": "VIA PUBLICA", "x": -76.536918640140001, "y": 3.4278728961899998, "anio": 2024, "mes": "abril", "dia": 1, "dia_semana": 2, "hora_hecho": "01:00", "barrio": "EL CEDRO", "estrato": 4, "geom": "0101000020E6100000000000E05C2253C0000000A0486C0B40", "fecha_hech": "2024-04-01 00:00:00" }, "geometry": { "type": "Point", "coordinates": [ -76.536918640140001, 3.42787289619 ] } },
{ "type": "Feature", "properties": { "dinamica": "HURTO", "titulo": "DELITOS CONTRA EL PATRIMONIO ECONOMICO", "capitulo": "DEL HURTO", "articulo": "HURTO CALIFICADO. ART. 240 C.P.", "grado_deli": "NINGUNO", "tipo_notic": "DENUNCIA", "caracteriz": "HURTO A PERSONAS", "modalidad": "VIOLACION DE CERRADURA", "modo": null, "motivo": null, "pais": "COLOMBIA", "dane_dep": 76, "departamen": "VALLE DEL CAUCA", "dane_mpio": 76001, "municipio": "CALI", "cod_comuna": 19.0, "comuna": "Comuna 19", "cod_barrio": 1912.0, "nom_barrio": "3 de Julio", "direccion": "76001 CALLE 6 CON CARRERA 27, 3 DE JULIO, CALI, VALLE DEL CAUCA", "sitio": "VIA PUBLICA", "x": -76.538856506350001, "y": 3.43329405785, "anio": 2024, "mes": "abril", "dia": 1, "dia_semana": 2, "hora_hecho": "18:00", "barrio": "3 DE JULIO", "estrato": 4, "geom": "0101000020E6100000000000A07C2253C0000000E062770B40", "fecha_hech": "2024-04-01 00:00:00" }, "geometry": { "type": "Point", "coordinates": [ -76.538856506350001, 3.43329405785 ] } },
{ "type": "Feature", "properties": { "dinamica": "HURTO", "titulo": "DELITOS CONTRA EL PATRIMONIO ECONOMICO", "capitulo": "DEL HURTO", "articulo": "HURTO CALIFICADO. ART. 240 C.P.", "grado_deli": "NINGUNO", "tipo_notic": "DENUNCIA", "caracteriz": "HURTO DE MOTOCICLETAS", "modalidad": "ENGAÑO", "modo": null, "motivo": null, "pais": "COLOMBIA", "dane_dep": 76, "departamen": "VALLE DEL CAUCA", "dane_mpio": 76001, "municipio": "CALI", "cod_comuna": 19.0, "comuna": "Comuna 19", "cod_barrio": 1905.0, "nom_barrio": "Eucaristico", "direccion": "76001 CALLE 6 CON CARRERA 36, SAN FERNANDO NUEVO, CALI, VALLE DEL CAUCA", "sitio": "VIA PUBLICA", "x": -76.539764404300001, "y": 3.4268550872799999, "anio": 2024, "mes": "abril", "dia": 2, "dia_semana": 3, "hora_hecho": "00:00", "barrio": "SAN FERNANDO NUEVO", "estrato": 4, "geom": "0101000020E6100000000000808B2253C000000000336A0B40", "fecha_hech": "2024-04-02 00:00:00" }, "geometry": { "type": "Point", "coordinates": [ -76.539764404300001, 3.42685508728 ] } },
{ "type": "Feature", "properties": { "dinamica": "HURTO", "titulo": "DELITOS CONTRA EL PATRIMONIO ECONOMICO", "capitulo": "DEL HURTO", "articulo": "HURTO CALIFICADO. ART. 240 C.P.", "grado_deli": "NINGUNO", "tipo_notic": "DENUNCIA", "caracteriz": "HURTO A PERSONAS", "modalidad": "ATRACO", "modo": "ARMA DE FUEGO", "motivo": null, "pais": "COLOMBIA", "dane_dep": 76, "departamen": "VALLE DEL CAUCA", "dane_mpio": 76001, "municipio": "CALI", "cod_comuna": 19.0, "comuna": "Comuna 19", "cod_barrio": 1913.0, "nom_barrio": "El Cedro", "direccion": "76001 CALLE 7 CON CARRERA 31, EL CEDRO, CALI, VALLE DEL CAUCA", "sitio": "VIA PUBLICA", "x": -76.538261413569998, "y": 3.4290809631300001, "anio": 2024, "mes": "abril", "dia": 2, "dia_semana": 3, "hora_hecho": "00:00", "barrio": "EL CEDRO", "estrato": 4, "geom": "0101000020E6100000000000E0722253C000000000C26E0B40", "fecha_hech": "2024-04-02 00:00:00" }, "geometry": { "type": "Point", "coordinates": [ -76.538261413569998, 3.42908096313 ] } },
{ "type": "Feature", "properties": { "dinamica": "HURTO", "titulo": "DELITOS CONTRA EL PATRIMONIO ECONOMICO", "capitulo": "DEL HURTO", "articulo": "HURTO CALIFICADO. ART. 240 C.P.", "grado_deli": "NINGUNO", "tipo_notic": "DENUNCIA", "caracteriz": "HURTO DE AUTOPARTES", "modalidad": "FACTOR DE OPORTUNIDAD", "modo": null, "motivo": null, "pais": "COLOMBIA", "dane_dep": 76, "departamen": "VALLE DEL CAUCA", "dane_mpio": 76001, "municipio": "CALI", "cod_comuna": 19.0, "comuna": "Comuna 19", "cod_barrio": 1905.0, "nom_barrio": "Eucaristico", "direccion": "76001 CARRERA 36 86, SAN FERNANDO NUEVO, CALI, VALLE DEL CAUCA", "sitio": "VIA PUBLICA", "x": -76.539749145510001, "y": 3.42675900459, "anio": 2024, "mes": "abril", "dia": 2, "dia_semana": 3, "hora_hecho": "20:00", "barrio": "BARRIO EUCARÍSTICO", "estrato": 4, "geom": "0101000020E6100000000000408B2253C0000000A0006A0B40", "fecha_hech": "2024-04-02 00:00:00" }, "geometry": { "type": "Point", "coordinates": [ -76.539749145510001, 3.42675900459 ] } },
{ "type": "Feature", "properties": { "dinamica": "HURTO", "titulo": "DELITOS CONTRA EL PATRIMONIO ECONOMICO", "capitulo": "DEL HURTO", "articulo": "HURTO. ART. 239 C.P.", "grado_deli": "AGRAVADO", "tipo_notic": "DENUNCIA", "caracteriz": "HURTO A PERSONAS", "modalidad": "ENGAÑO", "modo": null, "motivo": null, "pais": "COLOMBIA", "dane_dep": 76, "departamen": "VALLE DEL CAUCA", "dane_mpio": 76001, "municipio": "CALI", "cod_comuna": 19.0, "comuna": "Comuna 19", "cod_barrio": 1905.0, "nom_barrio": "Eucaristico", "direccion": "76001 CARRERA 34 7 78", "sitio": "VIA PUBLICA", "x": -76.538269042970001, "y": 3.4269669055900001, "anio": 2024, "mes": "abril", "dia": 3, "dia_semana": 4, "hora_hecho": "05:05", "barrio": "BARRIO EUCARÍSTICO", "estrato": 4, "geom": "0101000020E610000000000000732253C0000000A06D6A0B40", "fecha_hech": "2024-04-03 00:00:00" }, "geometry": { "type": "Point", "coordinates": [ -76.538269042970001, 3.42696690559 ] } },
{ "type": "Feature", "properties": { "dinamica": "HURTO", "titulo": "DELITOS CONTRA EL PATRIMONIO ECONOMICO", "capitulo": "DEL HURTO", "articulo": "HURTO. ART. 239 C.P.", "grado_deli": "AGRAVADO", "tipo_notic": "DENUNCIA", "caracteriz": "HURTO A PERSONAS", "modalidad": "COSQUILLEO", "modo": null, "motivo": null, "pais": "COLOMBIA", "dane_dep": 76, "departamen": "VALLE DEL CAUCA", "dane_mpio": 76001, "municipio": "CALI", "cod_comuna": 19.0, "comuna": "Comuna 19", "cod_barrio": 1912.0, "nom_barrio": "3 de Julio", "direccion": "76001 CALLE 5 36, SAN FERNANDO VIEJO, CALI, VALLE DEL CAUCA", "sitio": "VIA PUBLICA", "x": -76.540298461909998, "y": 3.4355189800299999, "anio": 2024, "mes": "abril", "dia": 4, "dia_semana": 5, "hora_hecho": "09:00", "barrio": "3 DE JULIO", "estrato": 4, "geom": "0101000020E610000000000040942253C000000060F17B0B40", "fecha_hech": "2024-04-04 00:00:00" }, "geometry": { "type": "Point", "coordinates": [ -76.540298461909998, 3.43551898003 ] } },
{ "type": "Feature", "properties": { "dinamica": "HURTO", "titulo": "DELITOS CONTRA EL PATRIMONIO ECONOMICO", "capitulo": "DEL HURTO", "articulo": "HURTO CALIFICADO. ART. 240 C.P.", "grado_deli": "NINGUNO", "tipo_notic": "DENUNCIA", "caracteriz": "HURTO A PERSONAS", "modalidad": "VIOLACION DE CERRADURA", "modo": null, "motivo": null, "pais": "COLOMBIA", "dane_dep": 76, "departamen": "VALLE DEL CAUCA", "dane_mpio": 76001, "municipio": "CALI", "cod_comuna": 19.0, "comuna": "Comuna 19", "cod_barrio": 1913.0, "nom_barrio": "El Cedro", "direccion": "76001 Calle 7 31 60, El Cedro, Cali, Valle del Cauca, COL,EL CEDRO", "sitio": "SIN INFORMACION", "x": -76.538619995120001, "y": 3.4285600185399998, "anio": 2024, "mes": "abril", "dia": 4, "dia_semana": 5, "hora_hecho": "19:00", "barrio": "EL CEDRO", "estrato": 4, "geom": "0101000020E6100000000000C0782253C0000000E0B06D0B40", "fecha_hech": "2024-04-04 00:00:00" }, "geometry": { "type": "Point", "coordinates": [ -76.538619995120001, 3.42856001854 ] } },
{ "type": "Feature", "properties": { "dinamica": "HURTO", "titulo": "DELITOS CONTRA EL PATRIMONIO ECONOMICO", "capitulo": "DEL HURTO", "articulo": "HURTO. ART. 239 C.P.", "grado_deli": "NINGUNO", "tipo_notic": "DENUNCIA", "caracteriz": "HURTO A CELULARES", "modalidad": "RAPONAZO", "modo": null, "motivo": "SIN DETERMINAR", "pais": "COLOMBIA", "dane_dep": 76, "departamen": "VALLE DEL CAUCA", "dane_mpio": 76001, "municipio": "CALI", "cod_comuna": 19.0, "comuna": "Comuna 19", "cod_barrio": 1913.0, "nom_barrio": "El Cedro", "direccion": "76001 BANCOLOMBIA AVENIDA ROOSEVELT", "sitio": "VIA PUBLICA", "x": -76.538703918460001, "y": 3.43463206291, "anio": 2024, "mes": "abril", "dia": 4, "dia_semana": 5, "hora_hecho": "19:49", "barrio": "EL CEDRO", "estrato": 4, "geom": "0101000020E6100000000000207A2253C000000060207A0B40", "fecha_hech": "2024-04-04 00:00:00" }, "geometry": { "type": "Point", "coordinates": [ -76.538703918460001, 3.43463206291 ] } },
{ "type": "Feature", "properties": { "dinamica": "HURTO", "titulo": "DELITOS CONTRA EL PATRIMONIO ECONOMICO", "capitulo": "DEL HURTO", "articulo": "HURTO CALIFICADO. ART. 240 C.P.", "grado_deli": "AGRAVADO", "tipo_notic": "DENUNCIA", "caracteriz": "HURTO A PERSONAS", "modalidad": "ATRACO", "modo": "SUSTANCIA TÓXICA", "motivo": null, "pais": "COLOMBIA", "dane_dep": 76, "departamen": "VALLE DEL CAUCA", "dane_mpio": 76001, "municipio": "CALI", "cod_comuna": 19.0, "comuna": "Comuna 19", "cod_barrio": 1906.0, "nom_barrio": "San Fernando Nuevo", "direccion": "76001 Carrera 37 5b 4, Santiago De Cali, Cali, Valle Del Cauca, COL,SAN FERNANDO NUEVO", "sitio": "SIN INFORMACION", "x": -76.541458129879999, "y": 3.4263229370100001, "anio": 2024, "mes": "abril", "dia": 4, "dia_semana": 5, "hora_hecho": "20:20", "barrio": "SAN FERNANDO NUEVO", "estrato": 4, "geom": "0101000020E610000000000040A72253C0000000001C690B40", "fecha_hech": "2024-04-04 00:00:00" }, "geometry": { "type": "Point", "coordinates": [ -76.541458129879999, 3.42632293701 ] } },
{ "type": "Feature", "properties": { "dinamica": "HURTO", "titulo": "DELITOS CONTRA EL PATRIMONIO ECONOMICO", "capitulo": "DEL HURTO", "articulo": "HURTO. ART. 239 C.P.", "grado_deli": "AGRAVADO", "tipo_notic": "DENUNCIA", "caracteriz": "HURTO A PERSONAS", "modalidad": "RAPONAZO", "modo": null, "motivo": null, "pais": "COLOMBIA", "dane_dep": 76, "departamen": "VALLE DEL CAUCA", "dane_mpio": 76001, "municipio": "CALI", "cod_comuna": 19.0, "comuna": "Comuna 19", "cod_barrio": 1906.0, "nom_barrio": "San Fernando Nuevo", "direccion": "76001 CALLE 5B4 CON CARRERA 36B, SAN FERNANDO NUEVO, CALI, VALLE DEL CAUCA", "sitio": "VIA PUBLICA", "x": -76.541053771969999, "y": 3.4270560741399998, "anio": 2024, "mes": "abril", "dia": 4, "dia_semana": 5, "hora_hecho": "23:00", "barrio": "SAN FERNANDO NUEVO", "estrato": 4, "geom": "0101000020E6100000000000A0A02253C0000000609C6A0B40", "fecha_hech": "2024-04-04 00:00:00" }, "geometry": { "type": "Point", "coordinates": [ -76.541053771969999, 3.42705607414 ] } },
{ "type": "Feature", "properties": { "dinamica": "HURTO", "titulo": "DELITOS CONTRA EL PATRIMONIO ECONOMICO", "capitulo": "DEL HURTO", "articulo": "HURTO. ART. 239 C.P.", "grado_deli": "AGRAVADO", "tipo_notic": "ACTOS URGENTES", "caracteriz": "HURTO A ESTABLECIMIENTOS", "modalidad": "ENGAÑO", "modo": null, "motivo": null, "pais": "COLOMBIA", "dane_dep": 76, "departamen": "VALLE DEL CAUCA", "dane_mpio": 76001, "municipio": "CALI", "cod_comuna": 19.0, "comuna": "Comuna 19", "cod_barrio": 1912.0, "nom_barrio": "3 de Julio", "direccion": "76001 CALLE 5 38D, SAN FERNANDO VIEJO, CALI, VALLE DEL CAUCA", "sitio": "ESTABLECIMIENTO DE COMERCIO", "x": -76.540298461909998, "y": 3.4355220794700001, "anio": 2024, "mes": "abril", "dia": 5, "dia_semana": 6, "hora_hecho": "16:00", "barrio": "3 DE JULIO", "estrato": 4, "geom": "0101000020E610000000000040942253C000000000F37B0B40", "fecha_hech": "2024-04-05 00:00:00" }, "geometry": { "type": "Point", "coordinates": [ -76.540298461909998, 3.43552207947 ] } },
{ "type": "Feature", "properties": { "dinamica": "HURTO", "titulo": "DELITOS CONTRA EL PATRIMONIO ECONOMICO", "capitulo": "DEL HURTO", "articulo": "HURTO. ART. 239 C.P.", "grado_deli": "NINGUNO", "tipo_notic": "QUERELLA", "caracteriz": "HURTO A PERSONAS", "modalidad": "COSQUILLEO", "modo": null, "motivo": null, "pais": "COLOMBIA", "dane_dep": 76, "departamen": "VALLE DEL CAUCA", "dane_mpio": 76001, "municipio": "CALI", "cod_comuna": 19.0, "comuna": "Comuna 19", "cod_barrio": 1912.0, "nom_barrio": "3 de Julio", "direccion": "76001 BARRIO/LOCALIDAD/COMUNA:SAN FERNANDO VIEJO/COMUNA 19,CALI/VALLE DEL CAUCA,SAN FERNANDO VIEJO", "sitio": "SIN INFORMACION", "x": -76.53904724121, "y": 3.4368829727199999, "anio": 2024, "mes": "abril", "dia": 6, "dia_semana": 7, "hora_hecho": "18:36", "barrio": "SAN FERNANDO VIEJO", "estrato": 4, "geom": "0101000020E6100000000000C07F2253C000000080BC7E0B40", "fecha_hech": "2024-04-06 00:00:00" }, "geometry": { "type": "Point", "coordinates": [ -76.53904724121, 3.43688297272 ] } },
{ "type": "Feature", "properties": { "dinamica": "HURTO", "titulo": "DELITOS CONTRA EL PATRIMONIO ECONOMICO", "capitulo": "DEL HURTO", "articulo": "HURTO. ART. 239 C.P.", "grado_deli": "AGRAVADO", "tipo_notic": "ACTOS URGENTES", "caracteriz": "HURTO A CELULARES", "modalidad": "COSQUILLEO", "modo": null, "motivo": null, "pais": "COLOMBIA", "dane_dep": 76, "departamen": "VALLE DEL CAUCA", "dane_mpio": 76001, "municipio": "CALI", "cod_comuna": 19.0, "comuna": "Comuna 19", "cod_barrio": 1912.0, "nom_barrio": "3 de Julio", "direccion": "76001 CALLE 5 24, SAN FERNANDO VIEJO, CALI, VALLE DEL CAUCA", "sitio": "TRANSPORTE MASIVO", "x": -76.540313720699999, "y": 3.4355020523099999, "anio": 2024, "mes": "abril", "dia": 11, "dia_semana": 5, "hora_hecho": "18:05", "barrio": "3 DE JULIO", "estrato": 4, "geom": "0101000020E610000000000080942253C000000080E87B0B40", "fecha_hech": "2024-04-11 00:00:00" }, "geometry": { "type": "Point", "coordinates": [ -76.540313720699999, 3.43550205231 ] } },
{ "type": "Feature", "properties": { "dinamica": "HURTO", "titulo": "DELITOS CONTRA EL PATRIMONIO ECONOMICO", "capitulo": "DEL HURTO", "articulo": "HURTO CALIFICADO. ART. 240 C.P.", "grado_deli": "AGRAVADO", "tipo_notic": "ACTOS URGENTES", "caracteriz": "HURTO A ESTABLECIMIENTOS", "modalidad": "VIOLACION DE CERRADURA", "modo": null, "motivo": null, "pais": "COLOMBIA", "dane_dep": 76, "departamen": "VALLE DEL CAUCA", "dane_mpio": 76001, "municipio": "CALI", "cod_comuna": 19.0, "comuna": "Comuna 19", "cod_barrio": 1913.0, "nom_barrio": "El Cedro", "direccion": "76001 CARRERA 30A 6 62, EL CEDRO, CALI, VALLE DEL CAUCA", "sitio": "LUGAR DE TRABAJO", "x": -76.538307189939999, "y": 3.4297840595200002, "anio": 2024, "mes": "abril", "dia": 11, "dia_semana": 5, "hora_hecho": "19:00", "barrio": "EL CEDRO", "estrato": 4, "geom": "0101000020E6100000000000A0732253C0000000A032700B40", "fecha_hech": "2024-04-11 00:00:00" }, "geometry": { "type": "Point", "coordinates": [ -76.538307189939999, 3.42978405952 ] } },
{ "type": "Feature", "properties": { "dinamica": "HURTO", "titulo": "DELITOS CONTRA EL PATRIMONIO ECONOMICO", "capitulo": "DEL HURTO", "articulo": "HURTO. ART. 239 C.P.", "grado_deli": "NINGUNO", "tipo_notic": "DENUNCIA", "caracteriz": "HURTO A PERSONAS", "modalidad": "RAPONAZO", "modo": null, "motivo": null, "pais": "COLOMBIA", "dane_dep": 76, "departamen": "VALLE DEL CAUCA", "dane_mpio": 76001, "municipio": "CALI", "cod_comuna": 19.0, "comuna": "Comuna 19", "cod_barrio": 1905.0, "nom_barrio": "Eucaristico", "direccion": "76001 CALLE 7 75, BARRIO EUCARISTICO, CALI, VALLE DEL CAUCA", "sitio": "VIA PUBLICA", "x": -76.538581848139998, "y": 3.42756390572, "anio": 2024, "mes": "abril", "dia": 11, "dia_semana": 5, "hora_hecho": "20:00", "barrio": "BARRIO EUCARÍSTICO", "estrato": 4, "geom": "0101000020E610000000000020782253C0000000A0A66B0B40", "fecha_hech": "2024-04-11 00:00:00" }, "geometry": { "type": "Point", "coordinates": [ -76.538581848139998, 3.42756390572 ] } },
{ "type": "Feature", "properties": { "dinamica": "HURTO", "titulo": "DELITOS CONTRA EL PATRIMONIO ECONOMICO", "capitulo": "DEL HURTO", "articulo": "HURTO. ART. 239 C.P.", "grado_deli": "TENTATIVA", "tipo_notic": "ACTOS URGENTES", "caracteriz": "HURTO A ESTABLECIMIENTOS", "modalidad": "FACTOR DE OPORTUNIDAD", "modo": null, "motivo": null, "pais": "COLOMBIA", "dane_dep": 76, "departamen": "VALLE DEL CAUCA", "dane_mpio": 76001, "municipio": "CALI", "cod_comuna": 19.0, "comuna": "Comuna 19", "cod_barrio": 1912.0, "nom_barrio": "3 de Julio", "direccion": "76001 CALLE 5C CON CARRERA 27, 3 DE JULIO, CALI, VALLE DEL CAUCA", "sitio": "DOMICILIO", "x": -76.539695739750002, "y": 3.4333090782200002, "anio": 2024, "mes": "abril", "dia": 12, "dia_semana": 6, "hora_hecho": "09:35", "barrio": "3 DE JULIO", "estrato": 4, "geom": "0101000020E6100000000000608A2253C0000000C06A770B40", "fecha_hech": "2024-04-12 00:00:00" }, "geometry": { "type": "Point", "coordinates": [ -76.539695739750002, 3.43330907822 ] } },
{ "type": "Feature", "properties": { "dinamica": "HURTO", "titulo": "DELITOS CONTRA EL PATRIMONIO ECONOMICO", "capitulo": "DEL HURTO", "articulo": "HURTO CALIFICADO. ART. 240 C.P.", "grado_deli": "NINGUNO", "tipo_notic": "DENUNCIA", "caracteriz": "HURTO DE MOTOCICLETAS", "modalidad": "HALADO", "modo": null, "motivo": null, "pais": "COLOMBIA", "dane_dep": 76, "departamen": "VALLE DEL CAUCA", "dane_mpio": 76001, "municipio": "CALI", "cod_comuna": 19.0, "comuna": "Comuna 19", "cod_barrio": 1906.0, "nom_barrio": "San Fernando Nuevo", "direccion": "76001 CARRERA 34 CON CALLE 6, SAN FERNANDO NUEVO, CALI, VALLE DEL CAUCA", "sitio": "VIA PUBLICA", "x": -76.539192199710001, "y": 3.4281959533699999, "anio": 2024, "mes": "abril", "dia": 12, "dia_semana": 6, "hora_hecho": "22:10", "barrio": "SAN FERNANDO NUEVO", "estrato": 4, "geom": "0101000020E610000000000020822253C000000000F26C0B40", "fecha_hech": "2024-04-12 00:00:00" }, "geometry": { "type": "Point", "coordinates": [ -76.539192199710001, 3.42819595337 ] } },
{ "type": "Feature", "properties": { "dinamica": "HURTO", "titulo": "DELITOS CONTRA EL PATRIMONIO ECONOMICO", "capitulo": "DEL HURTO", "articulo": "HURTO CALIFICADO. ART. 240 C.P.", "grado_deli": "NINGUNO", "tipo_notic": "DENUNCIA", "caracteriz": "HURTO A PERSONAS", "modalidad": "ENGAÑO", "modo": null, "motivo": null, "pais": "COLOMBIA", "dane_dep": 76, "departamen": "VALLE DEL CAUCA", "dane_mpio": 76001, "municipio": "CALI", "cod_comuna": 19.0, "comuna": "Comuna 19", "cod_barrio": 1912.0, "nom_barrio": "3 de Julio", "direccion": "76001 CALLE 5 38, SAN FERNANDO VIEJO, CALI, VALLE DEL CAUCA", "sitio": "LUGAR DE RECREACION / PARQUE", "x": -76.540298461909998, "y": 3.4355220794700001, "anio": 2024, "mes": "abril", "dia": 13, "dia_semana": 7, "hora_hecho": "23:30", "barrio": "3 DE JULIO", "estrato": 4, "geom": "0101000020E610000000000040942253C000000000F37B0B40", "fecha_hech": "2024-04-13 00:00:00" }, "geometry": { "type": "Point", "coordinates": [ -76.540298461909998, 3.43552207947 ] } },
{ "type": "Feature", "properties": { "dinamica": "HURTO", "titulo": "DELITOS CONTRA EL PATRIMONIO ECONOMICO", "capitulo": "DEL HURTO", "articulo": "HURTO CALIFICADO. ART. 240 C.P.", "grado_deli": "NINGUNO", "tipo_notic": "DENUNCIA", "caracteriz": "HURTO DE VEHICULOS", "modalidad": "HALADO", "modo": null, "motivo": null, "pais": "COLOMBIA", "dane_dep": 76, "departamen": "VALLE DEL CAUCA", "dane_mpio": 76001, "municipio": "CALI", "cod_comuna": 19.0, "comuna": "Comuna 19", "cod_barrio": 1912.0, "nom_barrio": "3 de Julio", "direccion": "76001 CALLE 6 CON CARRERA 24A, 3 DE JULIO, CALI, VALLE DEL CAUCA", "sitio": "DOMICILIO", "x": -76.538711547849999, "y": 3.43611502647, "anio": 2024, "mes": "abril", "dia": 16, "dia_semana": 3, "hora_hecho": "10:20", "barrio": "3 DE JULIO", "estrato": 4, "geom": "0101000020E6100000000000407A2253C0000000E0297D0B40", "fecha_hech": "2024-04-16 00:00:00" }, "geometry": { "type": "Point", "coordinates": [ -76.538711547849999, 3.43611502647 ] } },
{ "type": "Feature", "properties": { "dinamica": "HURTO", "titulo": "DELITOS CONTRA EL PATRIMONIO ECONOMICO", "capitulo": "DEL HURTO", "articulo": "HURTO CALIFICADO. ART. 240 C.P.", "grado_deli": "NINGUNO", "tipo_notic": "DENUNCIA", "caracteriz": "HURTO A PERSONAS", "modalidad": "ATRACO", "modo": "ARMA DE FUEGO", "motivo": null, "pais": "COLOMBIA", "dane_dep": 76, "departamen": "VALLE DEL CAUCA", "dane_mpio": 76001, "municipio": "CALI", "cod_comuna": 19.0, "comuna": "Comuna 19", "cod_barrio": 1913.0, "nom_barrio": "El Cedro", "direccion": "76001 BANCOLOMBIA AVENIDA ROOSEVELT", "sitio": "VIA PUBLICA", "x": -76.538703918460001, "y": 3.43463206291, "anio": 2024, "mes": "abril", "dia": 16, "dia_semana": 3, "hora_hecho": "10:30", "barrio": "EL CEDRO", "estrato": 4, "geom": "0101000020E6100000000000207A2253C000000060207A0B40", "fecha_hech": "2024-04-16 00:00:00" }, "geometry": { "type": "Point", "coordinates": [ -76.538703918460001, 3.43463206291 ] } },
{ "type": "Feature", "properties": { "dinamica": "HURTO", "titulo": "DELITOS CONTRA EL PATRIMONIO ECONOMICO", "capitulo": "DEL HURTO", "articulo": "HURTO CALIFICADO. ART. 240 C.P.", "grado_deli": "NINGUNO", "tipo_notic": "DENUNCIA", "caracteriz": "HURTO DE VEHICULOS", "modalidad": "HALADO", "modo": null, "motivo": null, "pais": "COLOMBIA", "dane_dep": 76, "departamen": "VALLE DEL CAUCA", "dane_mpio": 76001, "municipio": "CALI", "cod_comuna": 19.0, "comuna": "Comuna 19", "cod_barrio": 1905.0, "nom_barrio": "Eucaristico", "direccion": "76001 CARRERA 36 68, SAN FERNANDO NUEVO, CALI, VALLE DEL CAUCA", "sitio": "VIA PUBLICA", "x": -76.539749145510001, "y": 3.42675900459, "anio": 2024, "mes": "abril", "dia": 16, "dia_semana": 3, "hora_hecho": "16:30", "barrio": "BARRIO EUCARÍSTICO", "estrato": 4, "geom": "0101000020E6100000000000408B2253C0000000A0006A0B40", "fecha_hech": "2024-04-16 00:00:00" }, "geometry": { "type": "Point", "coordinates": [ -76.539749145510001, 3.42675900459 ] } },
{ "type": "Feature", "properties": { "dinamica": "HURTO", "titulo": "DELITOS CONTRA EL PATRIMONIO ECONOMICO", "capitulo": "DEL HURTO", "articulo": "HURTO CALIFICADO. ART. 240 C.P.", "grado_deli": "NINGUNO", "tipo_notic": "DENUNCIA", "caracteriz": "HURTO DE MOTOCICLETAS", "modalidad": "HALADO", "modo": null, "motivo": null, "pais": "COLOMBIA", "dane_dep": 76, "departamen": "VALLE DEL CAUCA", "dane_mpio": 76001, "municipio": "CALI", "cod_comuna": 19.0, "comuna": "Comuna 19", "cod_barrio": 1905.0, "nom_barrio": "Eucaristico", "direccion": "76001 CARRERA 34 7-00, BARRIO EUCARISTICO, CALI, VALLE DEL CAUCA", "sitio": "DOMICILIO", "x": -76.538696289059999, "y": 3.4274399280500001, "anio": 2024, "mes": "abril", "dia": 16, "dia_semana": 3, "hora_hecho": "19:00", "barrio": "BARRIO EUCARÍSTICO", "estrato": 4, "geom": "0101000020E6100000000000007A2253C0000000A0656B0B40", "fecha_hech": "2024-04-16 00:00:00" }, "geometry": { "type": "Point", "coordinates": [ -76.538696289059999, 3.42743992805 ] } },
{ "type": "Feature", "properties": { "dinamica": "HURTO", "titulo": "DELITOS CONTRA EL PATRIMONIO ECONOMICO", "capitulo": "DEL HURTO", "articulo": "HURTO. ART. 239 C.P.", "grado_deli": "NINGUNO", "tipo_notic": "DENUNCIA", "caracteriz": "HURTO A ESTABLECIMIENTOS", "modalidad": "FACTOR DE OPORTUNIDAD", "modo": null, "motivo": null, "pais": "COLOMBIA", "dane_dep": 76, "departamen": "VALLE DEL CAUCA", "dane_mpio": 76001, "municipio": "CALI", "cod_comuna": 19.0, "comuna": "Comuna 19", "cod_barrio": 1913.0, "nom_barrio": "El Cedro", "direccion": "76001 Carrera 34 10, El Cedro, Cali, Valle del Cauca, COL,EL CEDRO", "sitio": "SIN INFORMACION", "x": -76.53810119629, "y": 3.4271929264100001, "anio": 2024, "mes": "abril", "dia": 17, "dia_semana": 4, "hora_hecho": "16:17", "barrio": "EL CEDRO", "estrato": 4, "geom": "0101000020E610000000000040702253C000000020E46A0B40", "fecha_hech": "2024-04-17 00:00:00" }, "geometry": { "type": "Point", "coordinates": [ -76.53810119629, 3.42719292641 ] } },
{ "type": "Feature", "properties": { "dinamica": "HURTO", "titulo": "DELITOS CONTRA EL PATRIMONIO ECONOMICO", "capitulo": "DEL HURTO", "articulo": "HURTO CALIFICADO. ART. 240 C.P.", "grado_deli": "AGRAVADO", "tipo_notic": "DENUNCIA", "caracteriz": "HURTO A PERSONAS", "modalidad": "ATRACO", "modo": "SIN ARMA", "motivo": null, "pais": "COLOMBIA", "dane_dep": 76, "departamen": "VALLE DEL CAUCA", "dane_mpio": 76001, "municipio": "CALI", "cod_comuna": 19.0, "comuna": "Comuna 19", "cod_barrio": 1912.0, "nom_barrio": "3 de Julio", "direccion": "76001 CARRERA 27, 3 DE JULIO, CALI, VALLE DEL CAUCA, COL,3 DE JULIO", "sitio": "VIA PUBLICA", "x": -76.54019165039, "y": 3.4333209991500002, "anio": 2024, "mes": "abril", "dia": 17, "dia_semana": 4, "hora_hecho": "20:08", "barrio": "3 DE JULIO", "estrato": 4, "geom": "0101000020E610000000000080922253C00000000071770B40", "fecha_hech": "2024-04-17 00:00:00" }, "geometry": { "type": "Point", "coordinates": [ -76.54019165039, 3.43332099915 ] } },
{ "type": "Feature", "properties": { "dinamica": "HURTO", "titulo": "DELITOS CONTRA EL PATRIMONIO ECONOMICO", "capitulo": "DEL HURTO", "articulo": "HURTO. ART. 239 C.P.", "grado_deli": "AGRAVADO", "tipo_notic": "DENUNCIA", "caracteriz": "HURTO A PERSONAS", "modalidad": "COSQUILLEO", "modo": null, "motivo": null, "pais": "COLOMBIA", "dane_dep": 76, "departamen": "VALLE DEL CAUCA", "dane_mpio": 76001, "municipio": "CALI", "cod_comuna": 19.0, "comuna": "Comuna 19", "cod_barrio": 1912.0, "nom_barrio": "3 de Julio", "direccion": "76001 Biblioteca Departamental Jorge Garces Borrero, Calle 5, 3 de Julio, Cali, Valle del Cauca, COL,3 DE JULIO", "sitio": "SIN INFORMACION", "x": -76.53945159912, "y": 3.4363219738000002, "anio": 2024, "mes": "abril", "dia": 18, "dia_semana": 5, "hora_hecho": "14:10", "barrio": "3 DE JULIO", "estrato": 4, "geom": "0101000020E610000000000060862253C000000060967D0B40", "fecha_hech": "2024-04-18 00:00:00" }, "geometry": { "type": "Point", "coordinates": [ -76.53945159912, 3.4363219738 ] } },
{ "type": "Feature", "properties": { "dinamica": "HURTO", "titulo": "DELITOS CONTRA EL PATRIMONIO ECONOMICO", "capitulo": "DEL HURTO", "articulo": "HURTO. ART. 239 C.P.", "grado_deli": "NINGUNO", "tipo_notic": "DENUNCIA", "caracteriz": "HURTO A PERSONAS", "modalidad": "FACTOR DE OPORTUNIDAD", "modo": null, "motivo": null, "pais": "COLOMBIA", "dane_dep": 76, "departamen": "VALLE DEL CAUCA", "dane_mpio": 76001, "municipio": "CALI", "cod_comuna": 19.0, "comuna": "Comuna 19", "cod_barrio": 1913.0, "nom_barrio": "El Cedro", "direccion": "76001 CALLE 6 DIAGONAL 31 98", "sitio": "VIA PUBLICA", "x": -76.539085388179998, "y": 3.4284119606000001, "anio": 2024, "mes": "abril", "dia": 18, "dia_semana": 5, "hora_hecho": "19:00", "barrio": "3 DE JULIO", "estrato": 4, "geom": "0101000020E610000000000060802253C000000040636D0B40", "fecha_hech": "2024-04-18 00:00:00" }, "geometry": { "type": "Point", "coordinates": [ -76.539085388179998, 3.4284119606 ] } },
{ "type": "Feature", "properties": { "dinamica": "HURTO", "titulo": "DELITOS CONTRA EL PATRIMONIO ECONOMICO", "capitulo": "DEL HURTO", "articulo": "HURTO CALIFICADO. ART. 240 C.P.", "grado_deli": "NINGUNO", "tipo_notic": "DENUNCIA", "caracteriz": "HURTO DE VEHICULOS", "modalidad": "HALADO", "modo": null, "motivo": null, "pais": "COLOMBIA", "dane_dep": 76, "departamen": "VALLE DEL CAUCA", "dane_mpio": 76001, "municipio": "CALI", "cod_comuna": 19.0, "comuna": "Comuna 19", "cod_barrio": 1906.0, "nom_barrio": "San Fernando Nuevo", "direccion": "76001 CARRERA 37 5B3-85, SAN FERNANDO NUEVO, CALI, VALLE DEL CAUCA", "sitio": "DOMICILIO", "x": -76.541748046880002, "y": 3.4267039299, "anio": 2024, "mes": "abril", "dia": 18, "dia_semana": 5, "hora_hecho": "19:40", "barrio": "SAN FERNANDO NUEVO", "estrato": 4, "geom": "0101000020E610000000000000AC2253C0000000C0E3690B40", "fecha_hech": "2024-04-18 00:00:00" }, "geometry": { "type": "Point", "coordinates": [ -76.541748046880002, 3.4267039299 ] } },
{ "type": "Feature", "properties": { "dinamica": "HURTO", "titulo": "DELITOS CONTRA EL PATRIMONIO ECONOMICO", "capitulo": "DEL HURTO", "articulo": "HURTO CALIFICADO. ART. 240 C.P.", "grado_deli": "NINGUNO", "tipo_notic": "DENUNCIA", "caracteriz": "HURTO A PERSONAS", "modalidad": "ATRACO", "modo": "SIN ARMA", "motivo": null, "pais": "COLOMBIA", "dane_dep": 76, "departamen": "VALLE DEL CAUCA", "dane_mpio": 76001, "municipio": "CALI", "cod_comuna": 19.0, "comuna": "Comuna 19", "cod_barrio": 1913.0, "nom_barrio": "El Cedro", "direccion": "76001 CALLE 7 CON CARRERA 24A, EL CEDRO, CALI, VALLE DEL CAUCA", "sitio": "ESTABLECIMIENTO DE COMERCIO", "x": -76.537353515619998, "y": 3.4360570907599999, "anio": 2024, "mes": "abril", "dia": 22, "dia_semana": 2, "hora_hecho": "03:00", "barrio": "EL CEDRO", "estrato": 4, "geom": "0101000020E610000000000000642253C0000000800B7D0B40", "fecha_hech": "2024-04-22 00:00:00" }, "geometry": { "type": "Point", "coordinates": [ -76.537353515619998, 3.43605709076 ] } },
{ "type": "Feature", "properties": { "dinamica": "HURTO", "titulo": "DELITOS CONTRA EL PATRIMONIO ECONOMICO", "capitulo": "DEL HURTO", "articulo": "HURTO CALIFICADO. ART. 240 C.P.", "grado_deli": "NINGUNO", "tipo_notic": "DENUNCIA", "caracteriz": "HURTO A PERSONAS", "modalidad": "VIOLACION DE CERRADURA", "modo": null, "motivo": null, "pais": "COLOMBIA", "dane_dep": 76, "departamen": "VALLE DEL CAUCA", "dane_mpio": 76001, "municipio": "CALI", "cod_comuna": 19.0, "comuna": "Comuna 19", "cod_barrio": 1913.0, "nom_barrio": "El Cedro", "direccion": "76001 Estación De Servício Roosvelt, Calle 6 28-51, 3 de Julio, Cali, Valle del Cauca, COL,EL CEDRO", "sitio": "SIN INFORMACION", "x": -76.538795471189999, "y": 3.4321451187099998, "anio": 2024, "mes": "abril", "dia": 24, "dia_semana": 4, "hora_hecho": "00:00", "barrio": "EL CEDRO", "estrato": 4, "geom": "0101000020E6100000000000A07B2253C00000008008750B40", "fecha_hech": "2024-04-24 00:00:00" }, "geometry": { "type": "Point", "coordinates": [ -76.538795471189999, 3.43214511871 ] } },
{ "type": "Feature", "properties": { "dinamica": "HURTO", "titulo": "DELITOS CONTRA EL PATRIMONIO ECONOMICO", "capitulo": "DEL HURTO", "articulo": "HURTO CALIFICADO. ART. 240 C.P.", "grado_deli": "NINGUNO", "tipo_notic": "DENUNCIA", "caracteriz": "HURTO A CELULARES", "modalidad": "ATRACO", "modo": "ARMA DE FUEGO", "motivo": "SIN DETERMINAR", "pais": "COLOMBIA", "dane_dep": 76, "departamen": "VALLE DEL CAUCA", "dane_mpio": 76001, "municipio": "CALI", "cod_comuna": 19.0, "comuna": "Comuna 19", "cod_barrio": 1905.0, "nom_barrio": "Eucaristico", "direccion": "76001 CALLE 7 37, BARRIO EUCARISTICO, CALI, VALLE DEL CAUCA", "sitio": "VIA PUBLICA", "x": -76.53858947754, "y": 3.4275569915799999, "anio": 2024, "mes": "abril", "dia": 25, "dia_semana": 5, "hora_hecho": "10:30", "barrio": "BARRIO EUCARÍSTICO", "estrato": 4, "geom": "0101000020E610000000000040782253C000000000A36B0B40", "fecha_hech": "2024-04-25 00:00:00" }, "geometry": { "type": "Point", "coordinates": [ -76.53858947754, 3.42755699158 ] } },
{ "type": "Feature", "properties": { "dinamica": "HURTO", "titulo": "DELITOS CONTRA EL PATRIMONIO ECONOMICO", "capitulo": "DEL HURTO", "articulo": "HURTO CALIFICADO. ART. 240 C.P.", "grado_deli": "NINGUNO", "tipo_notic": "DENUNCIA", "caracteriz": "HURTO DE BICICLETAS", "modalidad": "HALADO", "modo": null, "motivo": null, "pais": "COLOMBIA", "dane_dep": 76, "departamen": "VALLE DEL CAUCA", "dane_mpio": 76001, "municipio": "CALI", "cod_comuna": 19.0, "comuna": "Comuna 19", "cod_barrio": 1912.0, "nom_barrio": "3 de Julio", "direccion": "76001 Calle 5 24a 91, Santiago De Cali, Cali, Valle Del Cauca, COL,3 DE JULIO", "sitio": "SIN INFORMACION", "x": -76.539932250980002, "y": 3.4355518817899999, "anio": 2024, "mes": "abril", "dia": 26, "dia_semana": 6, "hora_hecho": "18:00", "barrio": "3 DE JULIO", "estrato": 4, "geom": "0101000020E6100000000000408E2253C0000000A0027C0B40", "fecha_hech": "2024-04-26 00:00:00" }, "geometry": { "type": "Point", "coordinates": [ -76.539932250980002, 3.43555188179 ] } },
{ "type": "Feature", "properties": { "dinamica": "HURTO", "titulo": "DELITOS CONTRA EL PATRIMONIO ECONOMICO", "capitulo": "DEL HURTO", "articulo": "HURTO CALIFICADO. ART. 240 C.P.", "grado_deli": "NINGUNO", "tipo_notic": "DENUNCIA", "caracteriz": "HURTO DE MOTOCICLETAS", "modalidad": "HALADO", "modo": null, "motivo": null, "pais": "COLOMBIA", "dane_dep": 76, "departamen": "VALLE DEL CAUCA", "dane_mpio": 76001, "municipio": "CALI", "cod_comuna": 19.0, "comuna": "Comuna 19", "cod_barrio": 1906.0, "nom_barrio": "San Fernando Nuevo", "direccion": "76001 CARRERA 36 5B3-56, SAN FERNANDO NUEVO, CALI, VALLE DEL CAUCA", "sitio": "VIA PUBLICA", "x": -76.540618896479998, "y": 3.4280591011000001, "anio": 2024, "mes": "abril", "dia": 26, "dia_semana": 6, "hora_hecho": "21:00", "barrio": "SAN FERNANDO NUEVO", "estrato": 4, "geom": "0101000020E610000000000080992253C000000040AA6C0B40", "fecha_hech": "2024-04-26 00:00:00" }, "geometry": { "type": "Point", "coordinates": [ -76.540618896479998, 3.4280591011 ] } },
{ "type": "Feature", "properties": { "dinamica": "HURTO", "titulo": "DELITOS CONTRA EL PATRIMONIO ECONOMICO", "capitulo": "DEL HURTO", "articulo": "HURTO CALIFICADO. ART. 240 C.P.", "grado_deli": "AGRAVADO", "tipo_notic": "DENUNCIA", "caracteriz": "HURTO DE MOTOCICLETAS", "modalidad": "HALADO", "modo": null, "motivo": null, "pais": "COLOMBIA", "dane_dep": 76, "departamen": "VALLE DEL CAUCA", "dane_mpio": 76001, "municipio": "CALI", "cod_comuna": 19.0, "comuna": "Comuna 19", "cod_barrio": 1912.0, "nom_barrio": "3 de Julio", "direccion": "76001 CARRERA 27 130-105, 3 DE JULIO, CALI, VALLE DEL CAUCA", "sitio": "VIA PUBLICA", "x": -76.539642333979998, "y": 3.4333651065800002, "anio": 2024, "mes": "abril", "dia": 29, "dia_semana": 2, "hora_hecho": "20:00", "barrio": "3 DE JULIO", "estrato": 4, "geom": "0101000020E610000000000080892253C00000002088770B40", "fecha_hech": "2024-04-29 00:00:00" }, "geometry": { "type": "Point", "coordinates": [ -76.539642333979998, 3.43336510658 ] } },
{ "type": "Feature", "properties": { "dinamica": "HURTO", "titulo": "DELITOS CONTRA EL PATRIMONIO ECONOMICO", "capitulo": "DEL HURTO", "articulo": "HURTO. ART. 239 C.P.", "grado_deli": "NINGUNO", "tipo_notic": "DENUNCIA", "caracteriz": "HURTO A PERSONAS", "modalidad": "FACTOR DE OPORTUNIDAD", "modo": null, "motivo": null, "pais": "COLOMBIA", "dane_dep": 76, "departamen": "VALLE DEL CAUCA", "dane_mpio": 76001, "municipio": "CALI", "cod_comuna": 19.0, "comuna": "Comuna 19", "cod_barrio": 1913.0, "nom_barrio": "El Cedro", "direccion": "76001 CALLE 6 30-01, 3 DE JULIO, CALI, VALLE DEL CAUCA", "sitio": "VIA PUBLICA", "x": -76.538925170900001, "y": 3.4303328990900002, "anio": 2024, "mes": "mayo", "dia": 2, "dia_semana": 5, "hora_hecho": "12:57", "barrio": "EL CEDRO", "estrato": 4, "geom": "0101000020E6100000000000C07D2253C00000006052710B40", "fecha_hech": "2024-05-02 00:00:00" }, "geometry": { "type": "Point", "coordinates": [ -76.538925170900001, 3.43033289909 ] } },
{ "type": "Feature", "properties": { "dinamica": "HURTO", "titulo": "DELITOS CONTRA EL PATRIMONIO ECONOMICO", "capitulo": "DEL HURTO", "articulo": "HURTO CALIFICADO. ART. 240 C.P.", "grado_deli": "NINGUNO", "tipo_notic": "DENUNCIA", "caracteriz": "HURTO A PERSONAS", "modalidad": "VIOLACION DE CERRADURA", "modo": null, "motivo": null, "pais": "COLOMBIA", "dane_dep": 76, "departamen": "VALLE DEL CAUCA", "dane_mpio": 76001, "municipio": "CALI", "cod_comuna": 19.0, "comuna": "Comuna 19", "cod_barrio": 1913.0, "nom_barrio": "El Cedro", "direccion": "76001 Calle 7 34, Barrio Eucaristico, Cali, Valle del Cauca, COL,BARRIO EUCARÍSTICO", "sitio": "SIN INFORMACION", "x": -76.538482666020002, "y": 3.42751002312, "anio": 2024, "mes": "mayo", "dia": 5, "dia_semana": 1, "hora_hecho": "10:42", "barrio": "BARRIO EUCARÍSTICO", "estrato": 4, "geom": "0101000020E610000000000080762253C0000000608A6B0B40", "fecha_hech": "2024-05-05 00:00:00" }, "geometry": { "type": "Point", "coordinates": [ -76.538482666020002, 3.42751002312 ] } },
{ "type": "Feature", "properties": { "dinamica": "HURTO", "titulo": "DELITOS CONTRA EL PATRIMONIO ECONOMICO", "capitulo": "DEL HURTO", "articulo": "HURTO CALIFICADO. ART. 240 C.P.", "grado_deli": "NINGUNO", "tipo_notic": "DENUNCIA", "caracteriz": "HURTO DE AUTOPARTES", "modalidad": "FACTOR DE OPORTUNIDAD", "modo": null, "motivo": null, "pais": "COLOMBIA", "dane_dep": 76, "departamen": "VALLE DEL CAUCA", "dane_mpio": 76001, "municipio": "CALI", "cod_comuna": 19.0, "comuna": "Comuna 19", "cod_barrio": 1912.0, "nom_barrio": "3 de Julio", "direccion": "76001 CARRERA 25, 3 DE JULIO, CALI, VALLE DEL CAUCA", "sitio": "VIA PUBLICA", "x": -76.5400390625, "y": 3.4355111122099999, "anio": 2024, "mes": "mayo", "dia": 7, "dia_semana": 3, "hora_hecho": "14:30", "barrio": "3 DE JULIO", "estrato": 4, "geom": "0101000020E610000000000000902253C000000040ED7B0B40", "fecha_hech": "2024-05-07 00:00:00" }, "geometry": { "type": "Point", "coordinates": [ -76.5400390625, 3.43551111221 ] } },
{ "type": "Feature", "properties": { "dinamica": "HURTO", "titulo": "DELITOS CONTRA EL PATRIMONIO ECONOMICO", "capitulo": "DEL HURTO", "articulo": "HURTO. ART. 239 C.P.", "grado_deli": "NINGUNO", "tipo_notic": "DENUNCIA", "caracteriz": "HURTO A PERSONAS", "modalidad": "COSQUILLEO", "modo": null, "motivo": null, "pais": "COLOMBIA", "dane_dep": 76, "departamen": "VALLE DEL CAUCA", "dane_mpio": 76001, "municipio": "CALI", "cod_comuna": 19.0, "comuna": "Comuna 19", "cod_barrio": 1912.0, "nom_barrio": "3 de Julio", "direccion": "76001 BARRIO/LOCALIDAD/COMUNA:3 DE JULIO/COMUNA 19,CALI/VALLE DEL CAUCA,3 DE JULIO", "sitio": "SIN INFORMACION", "x": -76.540092468259999, "y": 3.4331030845599999, "anio": 2024, "mes": "mayo", "dia": 10, "dia_semana": 6, "hora_hecho": "04:22", "barrio": "3 DE JULIO", "estrato": 4, "geom": "0101000020E6100000000000E0902253C0000000C0FE760B40", "fecha_hech": "2024-05-10 00:00:00" }, "geometry": { "type": "Point", "coordinates": [ -76.540092468259999, 3.43310308456 ] } },
{ "type": "Feature", "properties": { "dinamica": "HURTO", "titulo": "DELITOS CONTRA EL PATRIMONIO ECONOMICO", "capitulo": "DEL HURTO", "articulo": "HURTO CALIFICADO. ART. 240 C.P.", "grado_deli": "AGRAVADO", "tipo_notic": "DENUNCIA", "caracteriz": "HURTO A PERSONAS", "modalidad": "ATRACO", "modo": "SIN ARMA", "motivo": null, "pais": "COLOMBIA", "dane_dep": 76, "departamen": "VALLE DEL CAUCA", "dane_mpio": 76001, "municipio": "CALI", "cod_comuna": 19.0, "comuna": "Comuna 19", "cod_barrio": 1905.0, "nom_barrio": "Eucaristico", "direccion": "76001 Calle 6 con Carrera 37, Barrio Eucaristico, Cali, Valle del Cauca, COL,BARRIO EUCARÍSTICO", "sitio": "SIN INFORMACION", "x": -76.540336608890001, "y": 3.4252059459700002, "anio": 2024, "mes": "mayo", "dia": 10, "dia_semana": 6, "hora_hecho": "06:50", "barrio": "BARRIO EUCARÍSTICO", "estrato": 4, "geom": "0101000020E6100000000000E0942253C000000060D2660B40", "fecha_hech": "2024-05-10 00:00:00" }, "geometry": { "type": "Point", "coordinates": [ -76.540336608890001, 3.42520594597 ] } },
{ "type": "Feature", "properties": { "dinamica": "HURTO", "titulo": "DELITOS CONTRA EL PATRIMONIO ECONOMICO", "capitulo": "DEL HURTO", "articulo": "HURTO CALIFICADO. ART. 240 C.P.", "grado_deli": "NINGUNO", "tipo_notic": "DENUNCIA", "caracteriz": "HURTO DE MOTOCICLETAS", "modalidad": "HALADO", "modo": null, "motivo": null, "pais": "COLOMBIA", "dane_dep": 76, "departamen": "VALLE DEL CAUCA", "dane_mpio": 76001, "municipio": "CALI", "cod_comuna": 19.0, "comuna": "Comuna 19", "cod_barrio": 1905.0, "nom_barrio": "Eucaristico", "direccion": "76001 AVENIDA ROOSEVELT 36A 98", "sitio": "VIA PUBLICA", "x": -76.540000915530001, "y": 3.4259760379799999, "anio": 2024, "mes": "mayo", "dia": 10, "dia_semana": 6, "hora_hecho": "19:40", "barrio": "BARRIO EUCARÍSTICO", "estrato": 4, "geom": "0101000020E6100000000000608F2253C00000002066680B40", "fecha_hech": "2024-05-10 00:00:00" }, "geometry": { "type": "Point", "coordinates": [ -76.540000915530001, 3.42597603798 ] } },
{ "type": "Feature", "properties": { "dinamica": "HURTO", "titulo": "DELITOS CONTRA EL PATRIMONIO ECONOMICO", "capitulo": "DEL HURTO", "articulo": "HURTO. ART. 239 C.P.", "grado_deli": "AGRAVADO", "tipo_notic": "DENUNCIA", "caracteriz": "HURTO A ESTABLECIMIENTOS", "modalidad": "FACTOR DE OPORTUNIDAD", "modo": null, "motivo": null, "pais": "COLOMBIA", "dane_dep": 76, "departamen": "VALLE DEL CAUCA", "dane_mpio": 76001, "municipio": "CALI", "cod_comuna": 19.0, "comuna": "Comuna 19", "cod_barrio": 1913.0, "nom_barrio": "El Cedro", "direccion": "76001 CALLE 7 25 1", "sitio": "VIA PUBLICA", "x": -76.537391662600001, "y": 3.43512201309, "anio": 2024, "mes": "mayo", "dia": 12, "dia_semana": 1, "hora_hecho": "16:31", "barrio": "EL CEDRO", "estrato": 4, "geom": "0101000020E6100000000000A0642253C000000040217B0B40", "fecha_hech": "2024-05-12 00:00:00" }, "geometry": { "type": "Point", "coordinates": [ -76.537391662600001, 3.43512201309 ] } },
{ "type": "Feature", "properties": { "dinamica": "HURTO", "titulo": "DELITOS CONTRA EL PATRIMONIO ECONOMICO", "capitulo": "DEL HURTO", "articulo": "HURTO CALIFICADO. ART. 240 C.P.", "grado_deli": "NINGUNO", "tipo_notic": "DENUNCIA", "caracteriz": "HURTO A PERSONAS", "modalidad": "ATRACO", "modo": "ARMA BLANCA", "motivo": null, "pais": "COLOMBIA", "dane_dep": 76, "departamen": "VALLE DEL CAUCA", "dane_mpio": 76001, "municipio": "CALI", "cod_comuna": 19.0, "comuna": "Comuna 19", "cod_barrio": 1912.0, "nom_barrio": "3 de Julio", "direccion": "76001 DIAGONAL 31, 3 DE JULIO, CALI, VALLE DEL CAUCA", "sitio": "VIA PUBLICA", "x": -76.53938293457, "y": 3.4292678833000001, "anio": 2024, "mes": "mayo", "dia": 13, "dia_semana": 2, "hora_hecho": "05:30", "barrio": "3 DE JULIO", "estrato": 4, "geom": "0101000020E610000000000040852253C000000000246F0B40", "fecha_hech": "2024-05-13 00:00:00" }, "geometry": { "type": "Point", "coordinates": [ -76.53938293457, 3.4292678833 ] } },
{ "type": "Feature", "properties": { "dinamica": "HURTO", "titulo": "DELITOS CONTRA EL PATRIMONIO ECONOMICO", "capitulo": "DEL HURTO", "articulo": "HURTO. ART. 239 C.P.", "grado_deli": "NINGUNO", "tipo_notic": "DENUNCIA", "caracteriz": "HURTO A PERSONAS", "modalidad": "FACTOR DE OPORTUNIDAD", "modo": null, "motivo": null, "pais": "COLOMBIA", "dane_dep": 76, "departamen": "VALLE DEL CAUCA", "dane_mpio": 76001, "municipio": "CALI", "cod_comuna": 19.0, "comuna": "Comuna 19", "cod_barrio": 1913.0, "nom_barrio": "El Cedro", "direccion": "76001 CARRERA 34 10, EL CEDRO, CALI, VALLE DEL CAUCA", "sitio": "VIA PUBLICA", "x": -76.53810119629, "y": 3.4271929264100001, "anio": 2024, "mes": "mayo", "dia": 14, "dia_semana": 3, "hora_hecho": "15:00", "barrio": "EL CEDRO", "estrato": 4, "geom": "0101000020E610000000000040702253C000000020E46A0B40", "fecha_hech": "2024-05-14 00:00:00" }, "geometry": { "type": "Point", "coordinates": [ -76.53810119629, 3.42719292641 ] } },
{ "type": "Feature", "properties": { "dinamica": "HURTO", "titulo": "DELITOS CONTRA EL PATRIMONIO ECONOMICO", "capitulo": "DEL HURTO", "articulo": "HURTO. ART. 239 C.P.", "grado_deli": "NINGUNO", "tipo_notic": "DENUNCIA", "caracteriz": "HURTO A CELULARES", "modalidad": "ENGAÑO", "modo": null, "motivo": null, "pais": "COLOMBIA", "dane_dep": 76, "departamen": "VALLE DEL CAUCA", "dane_mpio": 76001, "municipio": "CALI", "cod_comuna": 19.0, "comuna": "Comuna 19", "cod_barrio": 1912.0, "nom_barrio": "3 de Julio", "direccion": "76001 CARRERA 26 2-131, 3 DE JULIO, CALI, VALLE DEL CAUCA", "sitio": "DOMICILIO", "x": -76.538879394529999, "y": 3.43430805206, "anio": 2024, "mes": "mayo", "dia": 16, "dia_semana": 5, "hora_hecho": "13:30", "barrio": "3 DE JULIO", "estrato": 4, "geom": "0101000020E6100000000000007D2253C00000008076790B40", "fecha_hech": "2024-05-16 00:00:00" }, "geometry": { "type": "Point", "coordinates": [ -76.538879394529999, 3.43430805206 ] } },
{ "type": "Feature", "properties": { "dinamica": "HURTO", "titulo": "DELITOS CONTRA EL PATRIMONIO ECONOMICO", "capitulo": "DEL HURTO", "articulo": "HURTO CALIFICADO. ART. 240 C.P.", "grado_deli": "NINGUNO", "tipo_notic": "DENUNCIA", "caracteriz": "HURTO A PERSONAS", "modalidad": "FACTOR DE OPORTUNIDAD", "modo": null, "motivo": null, "pais": "COLOMBIA", "dane_dep": 76, "departamen": "VALLE DEL CAUCA", "dane_mpio": 76001, "municipio": "CALI", "cod_comuna": 19.0, "comuna": "Comuna 19", "cod_barrio": 1913.0, "nom_barrio": "El Cedro", "direccion": "76001 CALLE 7 44, BARRIO EUCARISTICO, CALI, VALLE DEL CAUCA", "sitio": "VIA PUBLICA", "x": -76.538482666020002, "y": 3.4275109767899998, "anio": 2024, "mes": "mayo", "dia": 17, "dia_semana": 6, "hora_hecho": "08:00", "barrio": "BARRIO EUCARÍSTICO", "estrato": 4, "geom": "0101000020E610000000000080762253C0000000E08A6B0B40", "fecha_hech": "2024-05-17 00:00:00" }, "geometry": { "type": "Point", "coordinates": [ -76.538482666020002, 3.42751097679 ] } },
{ "type": "Feature", "properties": { "dinamica": "HURTO", "titulo": "DELITOS CONTRA EL PATRIMONIO ECONOMICO", "capitulo": "DEL HURTO", "articulo": "HURTO CALIFICADO. ART. 240 C.P.", "grado_deli": "AGRAVADO", "tipo_notic": "DENUNCIA", "caracteriz": "HURTO DE MOTOCICLETAS", "modalidad": "HALADO", "modo": null, "motivo": null, "pais": "COLOMBIA", "dane_dep": 76, "departamen": "VALLE DEL CAUCA", "dane_mpio": 76001, "municipio": "CALI", "cod_comuna": 19.0, "comuna": "Comuna 19", "cod_barrio": 1912.0, "nom_barrio": "3 de Julio", "direccion": "76001 CALLE 5B, SAN FERNANDO VIEJO, CALI, VALLE DEL CAUCA", "sitio": "VIA PUBLICA", "x": -76.540420532230002, "y": 3.4353749751999998, "anio": 2024, "mes": "mayo", "dia": 18, "dia_semana": 7, "hora_hecho": "13:16", "barrio": "3 DE JULIO", "estrato": 4, "geom": "0101000020E610000000000040962253C0000000E0A57B0B40", "fecha_hech": "2024-05-18 00:00:00" }, "geometry": { "type": "Point", "coordinates": [ -76.540420532230002, 3.4353749752 ] } },
{ "type": "Feature", "properties": { "dinamica": "HURTO", "titulo": "DELITOS CONTRA EL PATRIMONIO ECONOMICO", "capitulo": "DEL HURTO", "articulo": "HURTO CALIFICADO. ART. 240 C.P.", "grado_deli": "NINGUNO", "tipo_notic": "DENUNCIA", "caracteriz": "HURTO A PERSONAS", "modalidad": "ATRACO", "modo": "ARMA DE FUEGO", "motivo": null, "pais": "COLOMBIA", "dane_dep": 76, "departamen": "VALLE DEL CAUCA", "dane_mpio": 76001, "municipio": "CALI", "cod_comuna": 19.0, "comuna": "Comuna 19", "cod_barrio": 1905.0, "nom_barrio": "Eucaristico", "direccion": "76001 CARRERA 34 8-6, BARRIO EUCARISTICO, CALI, VALLE DEL CAUCA", "sitio": "VIA PUBLICA", "x": -76.538063049320002, "y": 3.42679691315, "anio": 2024, "mes": "mayo", "dia": 20, "dia_semana": 2, "hora_hecho": "17:00", "barrio": "BARRIO EUCARÍSTICO", "estrato": 4, "geom": "0101000020E6100000000000A06F2253C000000080146A0B40", "fecha_hech": "2024-05-20 00:00:00" }, "geometry": { "type": "Point", "coordinates": [ -76.538063049320002, 3.42679691315 ] } },
{ "type": "Feature", "properties": { "dinamica": "HURTO", "titulo": "DELITOS CONTRA EL PATRIMONIO ECONOMICO", "capitulo": "DEL HURTO", "articulo": "HURTO CALIFICADO. ART. 240 C.P.", "grado_deli": "NINGUNO", "tipo_notic": "DENUNCIA", "caracteriz": "HURTO A PERSONAS", "modalidad": "ATRACO", "modo": "ARMA DE FUEGO", "motivo": null, "pais": "COLOMBIA", "dane_dep": 76, "departamen": "VALLE DEL CAUCA", "dane_mpio": 76001, "municipio": "CALI", "cod_comuna": 19.0, "comuna": "Comuna 19", "cod_barrio": 1913.0, "nom_barrio": "El Cedro", "direccion": "76001 CALLE 7 CON CARRERA 34, BARRIO EUCARISTICO, CALI, VALLE DEL CAUCA", "sitio": "VIA PUBLICA", "x": -76.5385055542, "y": 3.4275970458999998, "anio": 2024, "mes": "mayo", "dia": 21, "dia_semana": 3, "hora_hecho": "19:30", "barrio": "EL CEDRO", "estrato": 4, "geom": "0101000020E6100000000000E0762253C000000000B86B0B40", "fecha_hech": "2024-05-21 00:00:00" }, "geometry": { "type": "Point", "coordinates": [ -76.5385055542, 3.4275970459 ] } },
{ "type": "Feature", "properties": { "dinamica": "HURTO", "titulo": "DELITOS CONTRA EL PATRIMONIO ECONOMICO", "capitulo": "DEL HURTO", "articulo": "HURTO CALIFICADO. ART. 240 C.P.", "grado_deli": "AGRAVADO", "tipo_notic": "DENUNCIA", "caracteriz": "HURTO A PERSONAS", "modalidad": "VIOLACION DE CERRADURA", "modo": null, "motivo": null, "pais": "COLOMBIA", "dane_dep": 76, "departamen": "VALLE DEL CAUCA", "dane_mpio": 76001, "municipio": "CALI", "cod_comuna": 19.0, "comuna": "Comuna 19", "cod_barrio": 1905.0, "nom_barrio": "Eucaristico", "direccion": "76001 KR 36 OCCIDENTE CL 7-60 SUR", "sitio": "VIA PUBLICA", "x": -76.538841247560001, "y": 3.4256570339199999, "anio": 2024, "mes": "mayo", "dia": 24, "dia_semana": 6, "hora_hecho": "20:00", "barrio": null, "estrato": 4, "geom": "0101000020E6100000000000607C2253C0000000E0BE670B40", "fecha_hech": "2024-05-24 00:00:00" }, "geometry": { "type": "Point", "coordinates": [ -76.538841247560001, 3.42565703392 ] } },
{ "type": "Feature", "properties": { "dinamica": "HURTO", "titulo": "DELITOS CONTRA EL PATRIMONIO ECONOMICO", "capitulo": "DEL HURTO", "articulo": "HURTO. ART. 239 C.P.", "grado_deli": "NINGUNO", "tipo_notic": "DENUNCIA", "caracteriz": "HURTO A PERSONAS", "modalidad": "ATRACO", "modo": "SIN ARMA", "motivo": null, "pais": "COLOMBIA", "dane_dep": 76, "departamen": "VALLE DEL CAUCA", "dane_mpio": 76001, "municipio": "CALI", "cod_comuna": 19.0, "comuna": "Comuna 19", "cod_barrio": 1913.0, "nom_barrio": "El Cedro", "direccion": "76001 CARRERA 34 10, EL CEDRO, CALI, VALLE DEL CAUCA", "sitio": "VIA PUBLICA", "x": -76.53810119629, "y": 3.4271929264100001, "anio": 2024, "mes": "mayo", "dia": 28, "dia_semana": 3, "hora_hecho": "12:00", "barrio": "EL CEDRO", "estrato": 4, "geom": "0101000020E610000000000040702253C000000020E46A0B40", "fecha_hech": "2024-05-28 00:00:00" }, "geometry": { "type": "Point", "coordinates": [ -76.53810119629, 3.42719292641 ] } },
{ "type": "Feature", "properties": { "dinamica": "HURTO", "titulo": "DELITOS CONTRA EL PATRIMONIO ECONOMICO", "capitulo": "DEL HURTO", "articulo": "HURTO CALIFICADO. ART. 240 C.P.", "grado_deli": "NINGUNO", "tipo_notic": "DENUNCIA", "caracteriz": "HURTO DE MOTOCICLETAS", "modalidad": "HALADO", "modo": null, "motivo": null, "pais": "COLOMBIA", "dane_dep": 76, "departamen": "VALLE DEL CAUCA", "dane_mpio": 76001, "municipio": "CALI", "cod_comuna": 19.0, "comuna": "Comuna 19", "cod_barrio": 1913.0, "nom_barrio": "El Cedro", "direccion": "76001 CALLE 7 8, BARRIO EUCARISTICO, CALI, VALLE DEL CAUCA", "sitio": "VIA PUBLICA", "x": -76.538482666020002, "y": 3.42750501633, "anio": 2024, "mes": "mayo", "dia": 30, "dia_semana": 5, "hora_hecho": "00:00", "barrio": "BARRIO EUCARÍSTICO", "estrato": 4, "geom": "0101000020E610000000000080762253C0000000C0876B0B40", "fecha_hech": "2024-05-30 00:00:00" }, "geometry": { "type": "Point", "coordinates": [ -76.538482666020002, 3.42750501633 ] } },
{ "type": "Feature", "properties": { "dinamica": "HURTO", "titulo": "DELITOS CONTRA EL PATRIMONIO ECONOMICO", "capitulo": "DEL HURTO", "articulo": "HURTO. ART. 239 C.P.", "grado_deli": "NINGUNO", "tipo_notic": "ACTOS URGENTES", "caracteriz": "HURTO A ESTABLECIMIENTOS", "modalidad": "MECHERO/HORMIGUEO", "modo": null, "motivo": null, "pais": "COLOMBIA", "dane_dep": 76, "departamen": "VALLE DEL CAUCA", "dane_mpio": 76001, "municipio": "CALI", "cod_comuna": 19.0, "comuna": "Comuna 19", "cod_barrio": 1912.0, "nom_barrio": "3 de Julio", "direccion": "76001 CALLE 5 38D, SAN FERNANDO VIEJO, CALI, VALLE DEL CAUCA", "sitio": "ESTABLECIMIENTO DE COMERCIO", "x": -76.540298461909998, "y": 3.4355220794700001, "anio": 2024, "mes": "mayo", "dia": 30, "dia_semana": 5, "hora_hecho": "18:35", "barrio": "3 DE JULIO", "estrato": 4, "geom": "0101000020E610000000000040942253C000000000F37B0B40", "fecha_hech": "2024-05-30 00:00:00" }, "geometry": { "type": "Point", "coordinates": [ -76.540298461909998, 3.43552207947 ] } },
{ "type": "Feature", "properties": { "dinamica": "HURTO", "titulo": "DELITOS CONTRA EL PATRIMONIO ECONOMICO", "capitulo": "DEL HURTO", "articulo": "HURTO CALIFICADO. ART. 240 C.P.", "grado_deli": "NINGUNO", "tipo_notic": "DENUNCIA", "caracteriz": "HURTO DE MOTOCICLETAS", "modalidad": "ATRACO", "modo": "ARMA DE FUEGO", "motivo": null, "pais": "COLOMBIA", "dane_dep": 76, "departamen": "VALLE DEL CAUCA", "dane_mpio": 76001, "municipio": "CALI", "cod_comuna": 19.0, "comuna": "Comuna 19", "cod_barrio": 1905.0, "nom_barrio": "Eucaristico", "direccion": "76001 CARRERA 36 5B, SAN FERNANDO NUEVO, CALI, VALLE DEL CAUCA", "sitio": "VIA PUBLICA", "x": -76.539680480960001, "y": 3.4268538951899998, "anio": 2024, "mes": "mayo", "dia": 31, "dia_semana": 6, "hora_hecho": "00:00", "barrio": "BARRIO EUCARÍSTICO", "estrato": 4, "geom": "0101000020E6100000000000208A2253C000000060326A0B40", "fecha_hech": "2024-05-31 00:00:00" }, "geometry": { "type": "Point", "coordinates": [ -76.539680480960001, 3.42685389519 ] } },
{ "type": "Feature", "properties": { "dinamica": "HURTO", "titulo": "DELITOS CONTRA EL PATRIMONIO ECONOMICO", "capitulo": "DEL HURTO", "articulo": "HURTO CALIFICADO. ART. 240 C.P.", "grado_deli": "NINGUNO", "tipo_notic": "DENUNCIA", "caracteriz": "HURTO A PERSONAS", "modalidad": "VIOLACION DE CERRADURA", "modo": null, "motivo": null, "pais": "COLOMBIA", "dane_dep": 76, "departamen": "VALLE DEL CAUCA", "dane_mpio": 76001, "municipio": "CALI", "cod_comuna": 19.0, "comuna": "Comuna 19", "cod_barrio": 1913.0, "nom_barrio": "El Cedro", "direccion": "76001 Calle 6 24 69, Santiago De Cali, Cali, Valle Del Cauca, COL,EL CEDRO", "sitio": "SIN INFORMACION", "x": -76.538368225100001, "y": 3.43680095673, "anio": 2024, "mes": "mayo", "dia": 31, "dia_semana": 6, "hora_hecho": "03:50", "barrio": "EL CEDRO", "estrato": 4, "geom": "0101000020E6100000000000A0742253C000000080917E0B40", "fecha_hech": "2024-05-31 00:00:00" }, "geometry": { "type": "Point", "coordinates": [ -76.538368225100001, 3.43680095673 ] } },
{ "type": "Feature", "properties": { "dinamica": "HURTO", "titulo": "DELITOS CONTRA EL PATRIMONIO ECONOMICO", "capitulo": "DEL HURTO", "articulo": "HURTO CALIFICADO. ART. 240 C.P.", "grado_deli": "AGRAVADO", "tipo_notic": "DENUNCIA", "caracteriz": "HURTO A PERSONAS", "modalidad": "ATRACO", "modo": "ARMA DE FUEGO", "motivo": null, "pais": "COLOMBIA", "dane_dep": 76, "departamen": "VALLE DEL CAUCA", "dane_mpio": 76001, "municipio": "CALI", "cod_comuna": 19.0, "comuna": "Comuna 19", "cod_barrio": 1905.0, "nom_barrio": "Eucaristico", "direccion": "76001 CALLE 6 CON CARRERA 35, SAN FERNANDO NUEVO, CALI, VALLE DEL CAUCA", "sitio": "VIA PUBLICA", "x": -76.539443969730002, "y": 3.4272470474199999, "anio": 2024, "mes": "mayo", "dia": 31, "dia_semana": 6, "hora_hecho": "19:59", "barrio": "BARRIO EUCARÍSTICO", "estrato": 4, "geom": "0101000020E610000000000040862253C000000080006B0B40", "fecha_hech": "2024-05-31 00:00:00" }, "geometry": { "type": "Point", "coordinates": [ -76.539443969730002, 3.42724704742 ] } },
{ "type": "Feature", "properties": { "dinamica": "HURTO", "titulo": "DELITOS CONTRA EL PATRIMONIO ECONOMICO", "capitulo": "DEL HURTO", "articulo": "HURTO CALIFICADO. ART. 240 C.P.", "grado_deli": "AGRAVADO", "tipo_notic": "DENUNCIA", "caracteriz": "HURTO A PERSONAS", "modalidad": "RAPONAZO", "modo": null, "motivo": null, "pais": "COLOMBIA", "dane_dep": 76, "departamen": "VALLE DEL CAUCA", "dane_mpio": 76001, "municipio": "CALI", "cod_comuna": 19.0, "comuna": "Comuna 19", "cod_barrio": 1912.0, "nom_barrio": "3 de Julio", "direccion": "76001 CALLE 5 24A 91, SANTIAGO DE CALI, CALI, VALLE DEL CAUCA", "sitio": "VIA PUBLICA", "x": -76.539932250980002, "y": 3.4355518817899999, "anio": 2024, "mes": "junio", "dia": 1, "dia_semana": 7, "hora_hecho": "03:00", "barrio": "3 DE JULIO", "estrato": 4, "geom": "0101000020E6100000000000408E2253C0000000A0027C0B40", "fecha_hech": "2024-06-01 00:00:00" }, "geometry": { "type": "Point", "coordinates": [ -76.539932250980002, 3.43555188179 ] } },
{ "type": "Feature", "properties": { "dinamica": "HURTO", "titulo": "DELITOS CONTRA EL PATRIMONIO ECONOMICO", "capitulo": "DEL HURTO", "articulo": "HURTO CALIFICADO. ART. 240 C.P.", "grado_deli": "AGRAVADO", "tipo_notic": "DENUNCIA", "caracteriz": "HURTO A PERSONAS", "modalidad": "ATRACO", "modo": "ARMA DE FUEGO", "motivo": null, "pais": "COLOMBIA", "dane_dep": 76, "departamen": "VALLE DEL CAUCA", "dane_mpio": 76001, "municipio": "CALI", "cod_comuna": 19.0, "comuna": "Comuna 19", "cod_barrio": 1905.0, "nom_barrio": "Eucaristico", "direccion": "76001 AVENIDA ROOSEVELT 35 2", "sitio": "VIA PUBLICA", "x": -76.539672851559999, "y": 3.4268090724900002, "anio": 2024, "mes": "junio", "dia": 5, "dia_semana": 4, "hora_hecho": "15:30", "barrio": "BARRIO EUCARÍSTICO", "estrato": 4, "geom": "0101000020E6100000000000008A2253C0000000E01A6A0B40", "fecha_hech": "2024-06-05 00:00:00" }, "geometry": { "type": "Point", "coordinates": [ -76.539672851559999, 3.42680907249 ] } },
{ "type": "Feature", "properties": { "dinamica": "HURTO", "titulo": "DELITOS CONTRA EL PATRIMONIO ECONOMICO", "capitulo": "DEL HURTO", "articulo": "HURTO CALIFICADO. ART. 240 C.P.", "grado_deli": "NINGUNO", "tipo_notic": "DENUNCIA", "caracteriz": "HURTO A ESTABLECIMIENTOS", "modalidad": "VIOLACION DE CERRADURA", "modo": null, "motivo": null, "pais": "COLOMBIA", "dane_dep": 76, "departamen": "VALLE DEL CAUCA", "dane_mpio": 76001, "municipio": "CALI", "cod_comuna": 19.0, "comuna": "Comuna 19", "cod_barrio": 1913.0, "nom_barrio": "El Cedro", "direccion": "76001 CALLE 6A 26 46, SANTIAGO DE CALI, CALI, VALLE DEL CAUCA", "sitio": "LUGAR DE TRABAJO", "x": -76.538314819340002, "y": 3.4338688850399999, "anio": 2024, "mes": "junio", "dia": 6, "dia_semana": 5, "hora_hecho": "08:30", "barrio": "EL CEDRO", "estrato": 4, "geom": "0101000020E6100000000000C0732253C00000004090780B40", "fecha_hech": "2024-06-06 00:00:00" }, "geometry": { "type": "Point", "coordinates": [ -76.538314819340002, 3.43386888504 ] } },
{ "type": "Feature", "properties": { "dinamica": "HURTO", "titulo": "DELITOS CONTRA EL PATRIMONIO ECONOMICO", "capitulo": "DEL HURTO", "articulo": "HURTO CALIFICADO. ART. 240 C.P.", "grado_deli": "NINGUNO", "tipo_notic": "DENUNCIA", "caracteriz": "HURTO A PERSONAS", "modalidad": "ATRACO", "modo": "SUSTANCIA TÓXICA", "motivo": null, "pais": "COLOMBIA", "dane_dep": 76, "departamen": "VALLE DEL CAUCA", "dane_mpio": 76001, "municipio": "CALI", "cod_comuna": 19.0, "comuna": "Comuna 19", "cod_barrio": 1912.0, "nom_barrio": "3 de Julio", "direccion": "76001 CARRERA 27 5B 47", "sitio": "VIA PUBLICA", "x": -76.54012298584, "y": 3.4333279132799999, "anio": 2024, "mes": "junio", "dia": 6, "dia_semana": 5, "hora_hecho": "10:48", "barrio": "3 DE JULIO", "estrato": 4, "geom": "0101000020E610000000000060912253C0000000A074770B40", "fecha_hech": "2024-06-06 00:00:00" }, "geometry": { "type": "Point", "coordinates": [ -76.54012298584, 3.43332791328 ] } },
{ "type": "Feature", "properties": { "dinamica": "HURTO", "titulo": "DELITOS CONTRA EL PATRIMONIO ECONOMICO", "capitulo": "DEL HURTO", "articulo": "HURTO CALIFICADO. ART. 240 C.P.", "grado_deli": "NINGUNO", "tipo_notic": "DENUNCIA", "caracteriz": "HURTO DE AUTOPARTES", "modalidad": "FACTOR DE OPORTUNIDAD", "modo": null, "motivo": null, "pais": "COLOMBIA", "dane_dep": 76, "departamen": "VALLE DEL CAUCA", "dane_mpio": 76001, "municipio": "CALI", "cod_comuna": 19.0, "comuna": "Comuna 19", "cod_barrio": 1913.0, "nom_barrio": "El Cedro", "direccion": "76001 CARRERA 34 10, EL CEDRO, CALI, VALLE DEL CAUCA", "sitio": "VIA PUBLICA", "x": -76.53810119629, "y": 3.4271929264100001, "anio": 2024, "mes": "junio", "dia": 6, "dia_semana": 5, "hora_hecho": "18:00", "barrio": "EL CEDRO", "estrato": 4, "geom": "0101000020E610000000000040702253C000000020E46A0B40", "fecha_hech": "2024-06-06 00:00:00" }, "geometry": { "type": "Point", "coordinates": [ -76.53810119629, 3.42719292641 ] } },
{ "type": "Feature", "properties": { "dinamica": "HURTO", "titulo": "DELITOS CONTRA EL PATRIMONIO ECONOMICO", "capitulo": "DEL HURTO", "articulo": "HURTO CALIFICADO. ART. 240 C.P.", "grado_deli": "NINGUNO", "tipo_notic": "DENUNCIA", "caracteriz": "HURTO A PERSONAS", "modalidad": "ATRACO", "modo": "SIN ARMA", "motivo": null, "pais": "COLOMBIA", "dane_dep": 76, "departamen": "VALLE DEL CAUCA", "dane_mpio": 76001, "municipio": "CALI", "cod_comuna": 19.0, "comuna": "Comuna 19", "cod_barrio": 1913.0, "nom_barrio": "El Cedro", "direccion": "76001 CALLE 6 CON CARRERA 28, 3 DE JULIO, CALI, VALLE DEL CAUCA", "sitio": "VIA PUBLICA", "x": -76.538864135739999, "y": 3.4325289726300001, "anio": 2024, "mes": "junio", "dia": 6, "dia_semana": 5, "hora_hecho": "21:30", "barrio": "EL CEDRO", "estrato": 4, "geom": "0101000020E6100000000000C07C2253C0000000C0D1750B40", "fecha_hech": "2024-06-06 00:00:00" }, "geometry": { "type": "Point", "coordinates": [ -76.538864135739999, 3.43252897263 ] } },
{ "type": "Feature", "properties": { "dinamica": "HURTO", "titulo": "DELITOS CONTRA EL PATRIMONIO ECONOMICO", "capitulo": "DEL HURTO", "articulo": "HURTO. ART. 239 C.P.", "grado_deli": "NINGUNO", "tipo_notic": "DENUNCIA", "caracteriz": "HURTO A PERSONAS", "modalidad": "RAPONAZO", "modo": null, "motivo": null, "pais": "COLOMBIA", "dane_dep": 76, "departamen": "VALLE DEL CAUCA", "dane_mpio": 76001, "municipio": "CALI", "cod_comuna": 19.0, "comuna": "Comuna 19", "cod_barrio": 1913.0, "nom_barrio": "El Cedro", "direccion": "76001 CALLE 8 35, BARRIO EUCARISTICO, CALI, VALLE DEL CAUCA", "sitio": "VIA PUBLICA", "x": -76.538009643549998, "y": 3.42696905136, "anio": 2024, "mes": "junio", "dia": 7, "dia_semana": 6, "hora_hecho": "23:15", "barrio": "EL CEDRO", "estrato": 4, "geom": "0101000020E6100000000000C06E2253C0000000C06E6A0B40", "fecha_hech": "2024-06-07 00:00:00" }, "geometry": { "type": "Point", "coordinates": [ -76.538009643549998, 3.42696905136 ] } },
{ "type": "Feature", "properties": { "dinamica": "HURTO", "titulo": "DELITOS CONTRA EL PATRIMONIO ECONOMICO", "capitulo": "DEL HURTO", "articulo": "HURTO CALIFICADO. ART. 240 C.P.", "grado_deli": "NINGUNO", "tipo_notic": "DENUNCIA", "caracteriz": "HURTO A PERSONAS", "modalidad": "ATRACO", "modo": "ARMA DE FUEGO", "motivo": null, "pais": "COLOMBIA", "dane_dep": 76, "departamen": "VALLE DEL CAUCA", "dane_mpio": 76001, "municipio": "CALI", "cod_comuna": 19.0, "comuna": "Comuna 19", "cod_barrio": 1913.0, "nom_barrio": "El Cedro", "direccion": "76001 CARRERA 24 5 146", "sitio": "VIA PUBLICA", "x": -76.537796020510001, "y": 3.4369959831200001, "anio": 2024, "mes": "junio", "dia": 9, "dia_semana": 1, "hora_hecho": "03:00", "barrio": "EL CEDRO", "estrato": 4, "geom": "0101000020E6100000000000406B2253C0000000C0F77E0B40", "fecha_hech": "2024-06-09 00:00:00" }, "geometry": { "type": "Point", "coordinates": [ -76.537796020510001, 3.43699598312 ] } },
{ "type": "Feature", "properties": { "dinamica": "HURTO", "titulo": "DELITOS CONTRA EL PATRIMONIO ECONOMICO", "capitulo": "DEL HURTO", "articulo": "HURTO CALIFICADO. ART. 240 C.P.", "grado_deli": "NINGUNO", "tipo_notic": "DENUNCIA", "caracteriz": "HURTO DE VEHICULOS", "modalidad": "HALADO", "modo": null, "motivo": null, "pais": "COLOMBIA", "dane_dep": 76, "departamen": "VALLE DEL CAUCA", "dane_mpio": 76001, "municipio": "CALI", "cod_comuna": 19.0, "comuna": "Comuna 19", "cod_barrio": 1905.0, "nom_barrio": "Eucaristico", "direccion": "76001 CALLE 9 34-03, BARRIO EUCARISTICO, CALI, VALLE DEL CAUCA", "sitio": "VIA PUBLICA", "x": -76.537925720209998, "y": 3.4256188869500002, "anio": 2024, "mes": "junio", "dia": 11, "dia_semana": 3, "hora_hecho": "10:30", "barrio": "BARRIO EUCARÍSTICO", "estrato": 4, "geom": "0101000020E6100000000000606D2253C0000000E0AA670B40", "fecha_hech": "2024-06-11 00:00:00" }, "geometry": { "type": "Point", "coordinates": [ -76.537925720209998, 3.42561888695 ] } },
{ "type": "Feature", "properties": { "dinamica": "HURTO", "titulo": "DELITOS CONTRA EL PATRIMONIO ECONOMICO", "capitulo": "DEL HURTO", "articulo": "HURTO CALIFICADO. ART. 240 C.P.", "grado_deli": "NINGUNO", "tipo_notic": "DENUNCIA", "caracteriz": "HURTO A PERSONAS", "modalidad": "ATRACO", "modo": "ARMA DE FUEGO", "motivo": null, "pais": "COLOMBIA", "dane_dep": 76, "departamen": "VALLE DEL CAUCA", "dane_mpio": 76001, "municipio": "CALI", "cod_comuna": 19.0, "comuna": "Comuna 19", "cod_barrio": 1912.0, "nom_barrio": "3 de Julio", "direccion": "76001 CALLE 6 27 39", "sitio": "VIA PUBLICA", "x": -76.538871765140001, "y": 3.4329760074600002, "anio": 2024, "mes": "junio", "dia": 11, "dia_semana": 3, "hora_hecho": "12:13", "barrio": "EL CEDRO", "estrato": 4, "geom": "0101000020E6100000000000E07C2253C000000020BC760B40", "fecha_hech": "2024-06-11 00:00:00" }, "geometry": { "type": "Point", "coordinates": [ -76.538871765140001, 3.43297600746 ] } },
{ "type": "Feature", "properties": { "dinamica": "HURTO", "titulo": "DELITOS CONTRA EL PATRIMONIO ECONOMICO", "capitulo": "DEL HURTO", "articulo": "HURTO CALIFICADO. ART. 240 C.P.", "grado_deli": "AGRAVADO", "tipo_notic": "DENUNCIA", "caracteriz": "HURTO A PERSONAS", "modalidad": "ATRACO", "modo": "SIN ARMA", "motivo": null, "pais": "COLOMBIA", "dane_dep": 76, "departamen": "VALLE DEL CAUCA", "dane_mpio": 76001, "municipio": "CALI", "cod_comuna": 19.0, "comuna": "Comuna 19", "cod_barrio": 1912.0, "nom_barrio": "3 de Julio", "direccion": "76001 Calle 6 28 04, Santiago De Cali, Cali, Valle Del Cauca, COL,3 DE JULIO", "sitio": "SIN INFORMACION", "x": -76.53939819336, "y": 3.4320979118300001, "anio": 2024, "mes": "junio", "dia": 12, "dia_semana": 4, "hora_hecho": "01:25", "barrio": "3 DE JULIO", "estrato": 4, "geom": "0101000020E610000000000080852253C0000000C0EF740B40", "fecha_hech": "2024-06-12 00:00:00" }, "geometry": { "type": "Point", "coordinates": [ -76.53939819336, 3.43209791183 ] } },
{ "type": "Feature", "properties": { "dinamica": "HURTO", "titulo": "DELITOS CONTRA EL PATRIMONIO ECONOMICO", "capitulo": "DEL HURTO", "articulo": "HURTO. ART. 239 C.P.", "grado_deli": "NINGUNO", "tipo_notic": "QUERELLA", "caracteriz": "HURTO A PERSONAS", "modalidad": "FACTOR DE OPORTUNIDAD", "modo": null, "motivo": null, "pais": "COLOMBIA", "dane_dep": 76, "departamen": "VALLE DEL CAUCA", "dane_mpio": 76001, "municipio": "CALI", "cod_comuna": 19.0, "comuna": "Comuna 19", "cod_barrio": 1906.0, "nom_barrio": "San Fernando Nuevo", "direccion": "76001", "sitio": "SIN INFORMACION", "x": -76.539840698239999, "y": 3.4281458854700002, "anio": 2024, "mes": "junio", "dia": 13, "dia_semana": 5, "hora_hecho": "05:37", "barrio": null, "estrato": 4, "geom": "0101000020E6100000000000C08C2253C0000000C0D76C0B40", "fecha_hech": "2024-06-13 00:00:00" }, "geometry": { "type": "Point", "coordinates": [ -76.539840698239999, 3.42814588547 ] } },
{ "type": "Feature", "properties": { "dinamica": "HURTO", "titulo": "DELITOS CONTRA EL PATRIMONIO ECONOMICO", "capitulo": "DEL HURTO", "articulo": "HURTO. ART. 239 C.P.", "grado_deli": "NINGUNO", "tipo_notic": "QUERELLA", "caracteriz": "HURTO A PERSONAS", "modalidad": "FACTOR DE OPORTUNIDAD", "modo": null, "motivo": null, "pais": "COLOMBIA", "dane_dep": 76, "departamen": "VALLE DEL CAUCA", "dane_mpio": 76001, "municipio": "CALI", "cod_comuna": 19.0, "comuna": "Comuna 19", "cod_barrio": 1912.0, "nom_barrio": "3 de Julio", "direccion": "76001 Carrera 29 5b 49, Santiago De Cali, Cali, Valle Del Cauca, COL,3 DE JULIO", "sitio": "SIN INFORMACION", "x": -76.539665222170001, "y": 3.4323179721799999, "anio": 2024, "mes": "junio", "dia": 13, "dia_semana": 5, "hora_hecho": "11:30", "barrio": "3 DE JULIO", "estrato": 4, "geom": "0101000020E6100000000000E0892253C00000002063750B40", "fecha_hech": "2024-06-13 00:00:00" }, "geometry": { "type": "Point", "coordinates": [ -76.539665222170001, 3.43231797218 ] } },
{ "type": "Feature", "properties": { "dinamica": "HURTO", "titulo": "DELITOS CONTRA EL PATRIMONIO ECONOMICO", "capitulo": "DEL HURTO", "articulo": "HURTO. ART. 239 C.P.", "grado_deli": "AGRAVADO", "tipo_notic": "DENUNCIA", "caracteriz": "HURTO A PERSONAS", "modalidad": "COSQUILLEO", "modo": null, "motivo": null, "pais": "COLOMBIA", "dane_dep": 76, "departamen": "VALLE DEL CAUCA", "dane_mpio": 76001, "municipio": "CALI", "cod_comuna": 19.0, "comuna": "Comuna 19", "cod_barrio": 1912.0, "nom_barrio": "3 de Julio", "direccion": "76001 CALLE 5 52, SAN FERNANDO VIEJO, CALI, VALLE DEL CAUCA", "sitio": "ESTABLECIMIENTO PUBLICO", "x": -76.540283203119998, "y": 3.4355409145400002, "anio": 2024, "mes": "junio", "dia": 15, "dia_semana": 7, "hora_hecho": "15:00", "barrio": "3 DE JULIO", "estrato": 4, "geom": "0101000020E610000000000000942253C0000000E0FC7B0B40", "fecha_hech": "2024-06-15 00:00:00" }, "geometry": { "type": "Point", "coordinates": [ -76.540283203119998, 3.43554091454 ] } },
{ "type": "Feature", "properties": { "dinamica": "HURTO", "titulo": "DELITOS CONTRA EL PATRIMONIO ECONOMICO", "capitulo": "DEL HURTO", "articulo": "HURTO CALIFICADO. ART. 240 C.P.", "grado_deli": "NINGUNO", "tipo_notic": "DENUNCIA", "caracteriz": "HURTO DE AUTOPARTES", "modalidad": "RAPONAZO", "modo": null, "motivo": null, "pais": "COLOMBIA", "dane_dep": 76, "departamen": "VALLE DEL CAUCA", "dane_mpio": 76001, "municipio": "CALI", "cod_comuna": 19.0, "comuna": "Comuna 19", "cod_barrio": 1913.0, "nom_barrio": "El Cedro", "direccion": "76001 CALLE 6 CON CARRERA 34, 3 DE JULIO, CALI, VALLE DEL CAUCA", "sitio": "VIA PUBLICA", "x": -76.539039611820002, "y": 3.4283289909399999, "anio": 2024, "mes": "junio", "dia": 15, "dia_semana": 7, "hora_hecho": "16:30", "barrio": "EL CEDRO", "estrato": 4, "geom": "0101000020E6100000000000A07F2253C0000000C0376D0B40", "fecha_hech": "2024-06-15 00:00:00" }, "geometry": { "type": "Point", "coordinates": [ -76.539039611820002, 3.42832899094 ] } },
{ "type": "Feature", "properties": { "dinamica": "HURTO", "titulo": "DELITOS CONTRA EL PATRIMONIO ECONOMICO", "capitulo": "DEL HURTO", "articulo": "HURTO CALIFICADO. ART. 240 C.P.", "grado_deli": "NINGUNO", "tipo_notic": "DENUNCIA", "caracteriz": "HURTO A CELULARES", "modalidad": "RAPONAZO", "modo": null, "motivo": "SIN DETERMINAR", "pais": "COLOMBIA", "dane_dep": 76, "departamen": "VALLE DEL CAUCA", "dane_mpio": 76001, "municipio": "CALI", "cod_comuna": 19.0, "comuna": "Comuna 19", "cod_barrio": 1912.0, "nom_barrio": "3 de Julio", "direccion": "76001 AVENIDA ALFONSO BONILLA ARAGÓN 48", "sitio": "VIA PUBLICA", "x": -76.53945159912, "y": 3.43661689758, "anio": 2024, "mes": "junio", "dia": 15, "dia_semana": 7, "hora_hecho": "21:00", "barrio": "3 DE JULIO", "estrato": 4, "geom": "0101000020E610000000000060862253C000000000317E0B40", "fecha_hech": "2024-06-15 00:00:00" }, "geometry": { "type": "Point", "coordinates": [ -76.53945159912, 3.43661689758 ] } },
{ "type": "Feature", "properties": { "dinamica": "HURTO", "titulo": "DELITOS CONTRA EL PATRIMONIO ECONOMICO", "capitulo": "DEL HURTO", "articulo": "HURTO CALIFICADO. ART. 240 C.P.", "grado_deli": "NINGUNO", "tipo_notic": "ACTOS URGENTES", "caracteriz": "HURTO A CELULARES", "modalidad": "ATRACO", "modo": "ARMA DE FUEGO", "motivo": "SIN DETERMINAR", "pais": "COLOMBIA", "dane_dep": 76, "departamen": "VALLE DEL CAUCA", "dane_mpio": 76001, "municipio": "CALI", "cod_comuna": 19.0, "comuna": "Comuna 19", "cod_barrio": 1905.0, "nom_barrio": "Eucaristico", "direccion": "76001 CARRERA 36 CON CALLE 7, BARRIO EUCARISTICO, CALI, VALLE DEL CAUCA", "sitio": "VIA PUBLICA", "x": -76.539108276370001, "y": 3.4261050224299998, "anio": 2024, "mes": "junio", "dia": 20, "dia_semana": 5, "hora_hecho": "21:30", "barrio": "BARRIO EUCARÍSTICO", "estrato": 4, "geom": "0101000020E6100000000000C0802253C0000000C0A9680B40", "fecha_hech": "2024-06-20 00:00:00" }, "geometry": { "type": "Point", "coordinates": [ -76.539108276370001, 3.42610502243 ] } },
{ "type": "Feature", "properties": { "dinamica": "HURTO", "titulo": "DELITOS CONTRA EL PATRIMONIO ECONOMICO", "capitulo": "DEL HURTO", "articulo": "HURTO. ART. 239 C.P.", "grado_deli": "AGRAVADO", "tipo_notic": "DENUNCIA", "caracteriz": "HURTO A ESTABLECIMIENTOS", "modalidad": "FACTOR DE OPORTUNIDAD", "modo": null, "motivo": null, "pais": "COLOMBIA", "dane_dep": 76, "departamen": "VALLE DEL CAUCA", "dane_mpio": 76001, "municipio": "CALI", "cod_comuna": 19.0, "comuna": "Comuna 19", "cod_barrio": 1913.0, "nom_barrio": "El Cedro", "direccion": "76001 CALLE 6 CON CARRERA 28, 3 DE JULIO, CALI, VALLE DEL CAUCA", "sitio": "VIA PUBLICA", "x": -76.538864135739999, "y": 3.4325289726300001, "anio": 2024, "mes": "junio", "dia": 24, "dia_semana": 2, "hora_hecho": "14:30", "barrio": "EL CEDRO", "estrato": 4, "geom": "0101000020E6100000000000C07C2253C0000000C0D1750B40", "fecha_hech": "2024-06-24 00:00:00" }, "geometry": { "type": "Point", "coordinates": [ -76.538864135739999, 3.43252897263 ] } },
{ "type": "Feature", "properties": { "dinamica": "HURTO", "titulo": "DELITOS CONTRA EL PATRIMONIO ECONOMICO", "capitulo": "DEL HURTO", "articulo": "HURTO CALIFICADO. ART. 240 C.P.", "grado_deli": "NINGUNO", "tipo_notic": "DENUNCIA", "caracteriz": "HURTO DE VEHICULOS", "modalidad": "HALADO", "modo": null, "motivo": null, "pais": "COLOMBIA", "dane_dep": 76, "departamen": "VALLE DEL CAUCA", "dane_mpio": 76001, "municipio": "CALI", "cod_comuna": 19.0, "comuna": "Comuna 19", "cod_barrio": 1912.0, "nom_barrio": "3 de Julio", "direccion": "76001 CARRERA 26 5C 06, SANTIAGO DE CALI, CALI, VALLE DEL CAUCA", "sitio": "DOMICILIO", "x": -76.539352416989999, "y": 3.43431711197, "anio": 2024, "mes": "junio", "dia": 26, "dia_semana": 4, "hora_hecho": "18:00", "barrio": "3 DE JULIO", "estrato": 4, "geom": "0101000020E6100000000000C0842253C0000000407B790B40", "fecha_hech": "2024-06-26 00:00:00" }, "geometry": { "type": "Point", "coordinates": [ -76.539352416989999, 3.43431711197 ] } },
{ "type": "Feature", "properties": { "dinamica": "HURTO", "titulo": "DELITOS CONTRA EL PATRIMONIO ECONOMICO", "capitulo": "DEL HURTO", "articulo": "HURTO CALIFICADO. ART. 240 C.P.", "grado_deli": "NINGUNO", "tipo_notic": "DENUNCIA", "caracteriz": "HURTO DE VEHICULOS", "modalidad": "HALADO", "modo": null, "motivo": null, "pais": "COLOMBIA", "dane_dep": 76, "departamen": "VALLE DEL CAUCA", "dane_mpio": 76001, "municipio": "CALI", "cod_comuna": 19.0, "comuna": "Comuna 19", "cod_barrio": 1905.0, "nom_barrio": "Eucaristico", "direccion": "76001 CARRERA 36 8 99", "sitio": "VIA PUBLICA", "x": -76.537902832029999, "y": 3.4255468845400001, "anio": 2024, "mes": "junio", "dia": 28, "dia_semana": 6, "hora_hecho": "18:45", "barrio": "BARRIO EUCARÍSTICO", "estrato": 4, "geom": "0101000020E6100000000000006D2253C00000002085670B40", "fecha_hech": "2024-06-28 00:00:00" }, "geometry": { "type": "Point", "coordinates": [ -76.537902832029999, 3.42554688454 ] } },
{ "type": "Feature", "properties": { "dinamica": "HURTO", "titulo": "DELITOS CONTRA EL PATRIMONIO ECONOMICO", "capitulo": "DEL HURTO", "articulo": "HURTO. ART. 239 C.P.", "grado_deli": "NINGUNO", "tipo_notic": "DENUNCIA", "caracteriz": "HURTO A CELULARES", "modalidad": "ATRACO", "modo": "SIN ARMA", "motivo": "SIN DETERMINAR", "pais": "COLOMBIA", "dane_dep": 76, "departamen": "VALLE DEL CAUCA", "dane_mpio": 76001, "municipio": "CALI", "cod_comuna": 19.0, "comuna": "Comuna 19", "cod_barrio": 1913.0, "nom_barrio": "El Cedro", "direccion": "76001 CALLE 7 CON CARRERA 26, EL CEDRO, CALI, VALLE DEL CAUCA", "sitio": "ESTABLECIMIENTO PUBLICO", "x": -76.53744506836, "y": 3.4342970848099998, "anio": 2024, "mes": "junio", "dia": 30, "dia_semana": 1, "hora_hecho": "10:00", "barrio": "EL CEDRO", "estrato": 4, "geom": "0101000020E610000000000080652253C0000000C070790B40", "fecha_hech": "2024-06-30 00:00:00" }, "geometry": { "type": "Point", "coordinates": [ -76.53744506836, 3.43429708481 ] } },
{ "type": "Feature", "properties": { "dinamica": "HURTO", "titulo": "DELITOS CONTRA EL PATRIMONIO ECONOMICO", "capitulo": "DEL HURTO", "articulo": "HURTO CALIFICADO. ART. 240 C.P.", "grado_deli": "NINGUNO", "tipo_notic": "DENUNCIA", "caracteriz": "HURTO A PERSONAS", "modalidad": "ATRACO", "modo": "ARMA BLANCA", "motivo": null, "pais": "COLOMBIA", "dane_dep": 76, "departamen": "VALLE DEL CAUCA", "dane_mpio": 76001, "municipio": "CALI", "cod_comuna": 19.0, "comuna": "Comuna 19", "cod_barrio": 1913.0, "nom_barrio": "El Cedro", "direccion": "76001 Carrera 34 23ª, Barrio Eucaristico, Cali, Valle del Cauca, COL,BARRIO EUCARÍSTICO", "sitio": "SIN INFORMACION", "x": -76.538299560550001, "y": 3.4272499084499999, "anio": 2024, "mes": "julio", "dia": 2, "dia_semana": 3, "hora_hecho": "03:37", "barrio": "BARRIO EUCARÍSTICO", "estrato": 4, "geom": "0101000020E610000000000080732253C000000000026B0B40", "fecha_hech": "2024-07-02 00:00:00" }, "geometry": { "type": "Point", "coordinates": [ -76.538299560550001, 3.42724990845 ] } },
{ "type": "Feature", "properties": { "dinamica": "HURTO", "titulo": "DELITOS CONTRA EL PATRIMONIO ECONOMICO", "capitulo": "DEL HURTO", "articulo": "HURTO CALIFICADO. ART. 240 C.P.", "grado_deli": "AGRAVADO", "tipo_notic": "DENUNCIA", "caracteriz": "HURTO A PERSONAS", "modalidad": "ATRACO", "modo": "ARMA DE FUEGO", "motivo": null, "pais": "COLOMBIA", "dane_dep": 76, "departamen": "VALLE DEL CAUCA", "dane_mpio": 76001, "municipio": "CALI", "cod_comuna": 19.0, "comuna": "Comuna 19", "cod_barrio": 1912.0, "nom_barrio": "3 de Julio", "direccion": "76001 CALLE 5 80, SAN FERNANDO VIEJO, CALI, VALLE DEL CAUCA", "sitio": "VIA PUBLICA", "x": -76.540245056149999, "y": 3.4355800151799998, "anio": 2024, "mes": "julio", "dia": 2, "dia_semana": 3, "hora_hecho": "04:21", "barrio": "3 DE JULIO", "estrato": 4, "geom": "0101000020E610000000000060932253C000000060117C0B40", "fecha_hech": "2024-07-02 00:00:00" }, "geometry": { "type": "Point", "coordinates": [ -76.540245056149999, 3.43558001518 ] } },
{ "type": "Feature", "properties": { "dinamica": "HURTO", "titulo": "DELITOS CONTRA EL PATRIMONIO ECONOMICO", "capitulo": "DEL HURTO", "articulo": "HURTO. ART. 239 C.P.", "grado_deli": "NINGUNO", "tipo_notic": "DENUNCIA", "caracteriz": "HURTO A ESTABLECIMIENTOS", "modalidad": "FACTOR DE OPORTUNIDAD", "modo": null, "motivo": null, "pais": "COLOMBIA", "dane_dep": 76, "departamen": "VALLE DEL CAUCA", "dane_mpio": 76001, "municipio": "CALI", "cod_comuna": 19.0, "comuna": "Comuna 19", "cod_barrio": 1913.0, "nom_barrio": "El Cedro", "direccion": "76001 CARRERA 34 10, EL CEDRO, CALI, VALLE DEL CAUCA", "sitio": "OTRO", "x": -76.53810119629, "y": 3.4271929264100001, "anio": 2024, "mes": "julio", "dia": 5, "dia_semana": 6, "hora_hecho": "01:28", "barrio": "EL CEDRO", "estrato": 4, "geom": "0101000020E610000000000040702253C000000020E46A0B40", "fecha_hech": "2024-07-05 00:00:00" }, "geometry": { "type": "Point", "coordinates": [ -76.53810119629, 3.42719292641 ] } },
{ "type": "Feature", "properties": { "dinamica": "HURTO", "titulo": "DELITOS CONTRA EL PATRIMONIO ECONOMICO", "capitulo": "DEL HURTO", "articulo": "HURTO CALIFICADO. ART. 240 C.P.", "grado_deli": "NINGUNO", "tipo_notic": "DENUNCIA", "caracteriz": "HURTO A PERSONAS", "modalidad": "ATRACO", "modo": "ARMA DE FUEGO", "motivo": null, "pais": "COLOMBIA", "dane_dep": 76, "departamen": "VALLE DEL CAUCA", "dane_mpio": 76001, "municipio": "CALI", "cod_comuna": 19.0, "comuna": "Comuna 19", "cod_barrio": 1913.0, "nom_barrio": "El Cedro", "direccion": "76001 KR 30 CL 7-22 CARRERA 30 CON CALLE 7 22", "sitio": "SIN INFORMACION", "x": -76.53793334961, "y": 3.4304718971299999, "anio": 2024, "mes": "julio", "dia": 5, "dia_semana": 6, "hora_hecho": "20:30", "barrio": null, "estrato": 4, "geom": "0101000020E6100000000000806D2253C0000000409B710B40", "fecha_hech": "2024-07-05 00:00:00" }, "geometry": { "type": "Point", "coordinates": [ -76.53793334961, 3.43047189713 ] } },
{ "type": "Feature", "properties": { "dinamica": "HURTO", "titulo": "DELITOS CONTRA EL PATRIMONIO ECONOMICO", "capitulo": "DEL HURTO", "articulo": "HURTO CALIFICADO. ART. 240 C.P.", "grado_deli": "NINGUNO", "tipo_notic": "DENUNCIA", "caracteriz": "HURTO A PERSONAS", "modalidad": "ATRACO", "modo": "ARMA DE FUEGO", "motivo": null, "pais": "COLOMBIA", "dane_dep": 76, "departamen": "VALLE DEL CAUCA", "dane_mpio": 76001, "municipio": "CALI", "cod_comuna": 19.0, "comuna": "Comuna 19", "cod_barrio": 1906.0, "nom_barrio": "San Fernando Nuevo", "direccion": "76001 CALLE 5B4 36B 73", "sitio": "VIA PUBLICA", "x": -76.541534423830001, "y": 3.4266519546500001, "anio": 2024, "mes": "julio", "dia": 5, "dia_semana": 6, "hora_hecho": "22:00", "barrio": "SAN FERNANDO NUEVO", "estrato": 4, "geom": "0101000020E610000000000080A82253C000000080C8690B40", "fecha_hech": "2024-07-05 00:00:00" }, "geometry": { "type": "Point", "coordinates": [ -76.541534423830001, 3.42665195465 ] } },
{ "type": "Feature", "properties": { "dinamica": "HURTO", "titulo": "DELITOS CONTRA EL PATRIMONIO ECONOMICO", "capitulo": "DEL HURTO", "articulo": "HURTO CALIFICADO. ART. 240 C.P.", "grado_deli": "NINGUNO", "tipo_notic": "DENUNCIA", "caracteriz": "HURTO A PERSONAS", "modalidad": "VIOLACION DE CERRADURA", "modo": null, "motivo": null, "pais": "COLOMBIA", "dane_dep": 76, "departamen": "VALLE DEL CAUCA", "dane_mpio": 76001, "municipio": "CALI", "cod_comuna": 19.0, "comuna": "Comuna 19", "cod_barrio": 1912.0, "nom_barrio": "3 de Julio", "direccion": "76001 CALLE 6 31-36, 3 DE JULIO, CALI, VALLE DEL CAUCA", "sitio": "VIA PUBLICA", "x": -76.539108276370001, "y": 3.4290208816500001, "anio": 2024, "mes": "julio", "dia": 6, "dia_semana": 7, "hora_hecho": "02:05", "barrio": "3 DE JULIO", "estrato": 4, "geom": "0101000020E6100000000000C0802253C000000080A26E0B40", "fecha_hech": "2024-07-06 00:00:00" }, "geometry": { "type": "Point", "coordinates": [ -76.539108276370001, 3.42902088165 ] } },
{ "type": "Feature", "properties": { "dinamica": "HURTO", "titulo": "DELITOS CONTRA EL PATRIMONIO ECONOMICO", "capitulo": "DEL HURTO", "articulo": "HURTO CALIFICADO. ART. 240 C.P.", "grado_deli": "NINGUNO", "tipo_notic": "DENUNCIA", "caracteriz": "HURTO A PERSONAS", "modalidad": "ROMPIMIENTO DE VIDRIO", "modo": null, "motivo": null, "pais": "COLOMBIA", "dane_dep": 76, "departamen": "VALLE DEL CAUCA", "dane_mpio": 76001, "municipio": "CALI", "cod_comuna": 19.0, "comuna": "Comuna 19", "cod_barrio": 1912.0, "nom_barrio": "3 de Julio", "direccion": "76001 Calle 6 31-36, 3 de Julio, Cali, Valle del Cauca, COL,3 DE JULIO", "sitio": "SIN INFORMACION", "x": -76.539108276370001, "y": 3.4290208816500001, "anio": 2024, "mes": "julio", "dia": 6, "dia_semana": 7, "hora_hecho": "02:15", "barrio": "3 DE JULIO", "estrato": 4, "geom": "0101000020E6100000000000C0802253C000000080A26E0B40", "fecha_hech": "2024-07-06 00:00:00" }, "geometry": { "type": "Point", "coordinates": [ -76.539108276370001, 3.42902088165 ] } },
{ "type": "Feature", "properties": { "dinamica": "HURTO", "titulo": "DELITOS CONTRA EL PATRIMONIO ECONOMICO", "capitulo": "DEL HURTO", "articulo": "HURTO. ART. 239 C.P.", "grado_deli": "NINGUNO", "tipo_notic": "DENUNCIA", "caracteriz": "HURTO A PERSONAS", "modalidad": "RAPONAZO", "modo": null, "motivo": null, "pais": "COLOMBIA", "dane_dep": 76, "departamen": "VALLE DEL CAUCA", "dane_mpio": 76001, "municipio": "CALI", "cod_comuna": 19.0, "comuna": "Comuna 19", "cod_barrio": 1905.0, "nom_barrio": "Eucaristico", "direccion": "76001 CALLE 9 CON CARRERA 36, BARRIO EUCARISTICO, CALI, VALLE DEL CAUCA", "sitio": "VIA PUBLICA", "x": -76.537895202640001, "y": 3.4255349636100001, "anio": 2024, "mes": "julio", "dia": 8, "dia_semana": 2, "hora_hecho": "10:01", "barrio": "BARRIO EUCARÍSTICO", "estrato": 4, "geom": "0101000020E6100000000000E06C2253C0000000E07E670B40", "fecha_hech": "2024-07-08 00:00:00" }, "geometry": { "type": "Point", "coordinates": [ -76.537895202640001, 3.42553496361 ] } },
{ "type": "Feature", "properties": { "dinamica": "HURTO", "titulo": "DELITOS CONTRA EL PATRIMONIO ECONOMICO", "capitulo": "DEL HURTO", "articulo": "HURTO CALIFICADO. ART. 240 C.P.", "grado_deli": "NINGUNO", "tipo_notic": "DENUNCIA", "caracteriz": "HURTO DE MOTOCICLETAS", "modalidad": "HALADO", "modo": null, "motivo": null, "pais": "COLOMBIA", "dane_dep": 76, "departamen": "VALLE DEL CAUCA", "dane_mpio": 76001, "municipio": "CALI", "cod_comuna": 19.0, "comuna": "Comuna 19", "cod_barrio": 1912.0, "nom_barrio": "3 de Julio", "direccion": "76001 CALLE 5 24A 45", "sitio": "VIA PUBLICA", "x": -76.539321899409998, "y": 3.4367280006400001, "anio": 2024, "mes": "julio", "dia": 9, "dia_semana": 3, "hora_hecho": "18:30", "barrio": "3 DE JULIO", "estrato": 4, "geom": "0101000020E610000000000040842253C0000000406B7E0B40", "fecha_hech": "2024-07-09 00:00:00" }, "geometry": { "type": "Point", "coordinates": [ -76.539321899409998, 3.43672800064 ] } },
{ "type": "Feature", "properties": { "dinamica": "HURTO", "titulo": "DELITOS CONTRA EL PATRIMONIO ECONOMICO", "capitulo": "DEL HURTO", "articulo": "HURTO CALIFICADO. ART. 240 C.P.", "grado_deli": "NINGUNO", "tipo_notic": "DENUNCIA", "caracteriz": "HURTO DE VEHICULOS", "modalidad": "HALADO", "modo": null, "motivo": null, "pais": "COLOMBIA", "dane_dep": 76, "departamen": "VALLE DEL CAUCA", "dane_mpio": 76001, "municipio": "CALI", "cod_comuna": 19.0, "comuna": "Comuna 19", "cod_barrio": 1905.0, "nom_barrio": "Eucaristico", "direccion": "76001 CARRERA 34 CON CALLE 6, BARRIO EUCARISTICO, CALI, VALLE DEL CAUCA", "sitio": "VIA PUBLICA", "x": -76.539085388179998, "y": 3.4280869960799998, "anio": 2024, "mes": "julio", "dia": 11, "dia_semana": 5, "hora_hecho": "00:00", "barrio": "BARRIO EUCARÍSTICO", "estrato": 4, "geom": "0101000020E610000000000060802253C0000000E0B86C0B40", "fecha_hech": "2024-07-11 00:00:00" }, "geometry": { "type": "Point", "coordinates": [ -76.539085388179998, 3.42808699608 ] } },
{ "type": "Feature", "properties": { "dinamica": "HURTO", "titulo": "DELITOS CONTRA EL PATRIMONIO ECONOMICO", "capitulo": "DEL HURTO", "articulo": "HURTO CALIFICADO. ART. 240 C.P.", "grado_deli": "NINGUNO", "tipo_notic": "DENUNCIA", "caracteriz": "HURTO A CELULARES", "modalidad": "COSQUILLEO", "modo": null, "motivo": null, "pais": "COLOMBIA", "dane_dep": 76, "departamen": "VALLE DEL CAUCA", "dane_mpio": 76001, "municipio": "CALI", "cod_comuna": 19.0, "comuna": "Comuna 19", "cod_barrio": 1905.0, "nom_barrio": "Eucaristico", "direccion": "76001 CALLE 6 CON CARRERA 36A, BARRIO EUCARISTICO, CALI, VALLE DEL CAUCA", "sitio": "TRANSPORTE PUBLICO URBANO", "x": -76.540000915530001, "y": 3.42598795891, "anio": 2024, "mes": "julio", "dia": 12, "dia_semana": 6, "hora_hecho": "08:00", "barrio": "BARRIO EUCARÍSTICO", "estrato": 4, "geom": "0101000020E6100000000000608F2253C0000000606C680B40", "fecha_hech": "2024-07-12 00:00:00" }, "geometry": { "type": "Point", "coordinates": [ -76.540000915530001, 3.42598795891 ] } },
{ "type": "Feature", "properties": { "dinamica": "HURTO", "titulo": "DELITOS CONTRA EL PATRIMONIO ECONOMICO", "capitulo": "DEL HURTO", "articulo": "HURTO. ART. 239 C.P.", "grado_deli": "NINGUNO", "tipo_notic": "DENUNCIA", "caracteriz": "HURTO A PERSONAS", "modalidad": "RAPONAZO", "modo": null, "motivo": null, "pais": "COLOMBIA", "dane_dep": 76, "departamen": "VALLE DEL CAUCA", "dane_mpio": 76001, "municipio": "CALI", "cod_comuna": 19.0, "comuna": "Comuna 19", "cod_barrio": 1905.0, "nom_barrio": "Eucaristico", "direccion": "76001 CARRERA 34 CON CALLE 9, BARRIO EUCARISTICO, CALI, VALLE DEL CAUCA", "sitio": "VIA PUBLICA", "x": -76.5376663208, "y": 3.42615795135, "anio": 2024, "mes": "julio", "dia": 14, "dia_semana": 1, "hora_hecho": "13:30", "barrio": "BARRIO EUCARÍSTICO", "estrato": 4, "geom": "0101000020E610000000000020692253C000000080C5680B40", "fecha_hech": "2024-07-14 00:00:00" }, "geometry": { "type": "Point", "coordinates": [ -76.5376663208, 3.42615795135 ] } },
{ "type": "Feature", "properties": { "dinamica": "HURTO", "titulo": "DELITOS CONTRA EL PATRIMONIO ECONOMICO", "capitulo": "DEL HURTO", "articulo": "HURTO. ART. 239 C.P.", "grado_deli": "AGRAVADO", "tipo_notic": "DENUNCIA", "caracteriz": "HURTO A PERSONAS", "modalidad": "FACTOR DE OPORTUNIDAD", "modo": null, "motivo": null, "pais": "COLOMBIA", "dane_dep": 76, "departamen": "VALLE DEL CAUCA", "dane_mpio": 76001, "municipio": "CALI", "cod_comuna": 19.0, "comuna": "Comuna 19", "cod_barrio": 1913.0, "nom_barrio": "El Cedro", "direccion": "76001 Carrera 30a 6 52, Santiago De Cali, Cali, Valle Del Cauca, COL,EL CEDRO", "sitio": "SIN INFORMACION", "x": -76.538688659670001, "y": 3.42979288101, "anio": 2024, "mes": "julio", "dia": 15, "dia_semana": 2, "hora_hecho": "23:03", "barrio": "EL CEDRO", "estrato": 4, "geom": "0101000020E6100000000000E0792253C00000004037700B40", "fecha_hech": "2024-07-15 00:00:00" }, "geometry": { "type": "Point", "coordinates": [ -76.538688659670001, 3.42979288101 ] } },
{ "type": "Feature", "properties": { "dinamica": "HURTO", "titulo": "DELITOS CONTRA EL PATRIMONIO ECONOMICO", "capitulo": "DEL HURTO", "articulo": "HURTO CALIFICADO. ART. 240 C.P.", "grado_deli": "NINGUNO", "tipo_notic": "DENUNCIA", "caracteriz": "HURTO DE MOTOCICLETAS", "modalidad": "HALADO", "modo": null, "motivo": null, "pais": "COLOMBIA", "dane_dep": 76, "departamen": "VALLE DEL CAUCA", "dane_mpio": 76001, "municipio": "CALI", "cod_comuna": 19.0, "comuna": "Comuna 19", "cod_barrio": 1912.0, "nom_barrio": "3 de Julio", "direccion": "76001 CALLE 5B, SAN FERNANDO VIEJO, CALI, VALLE DEL CAUCA", "sitio": "VIA PUBLICA", "x": -76.540420532230002, "y": 3.4352850914, "anio": 2024, "mes": "julio", "dia": 16, "dia_semana": 3, "hora_hecho": "19:30", "barrio": "3 DE JULIO", "estrato": 4, "geom": "0101000020E610000000000040962253C0000000C0767B0B40", "fecha_hech": "2024-07-16 00:00:00" }, "geometry": { "type": "Point", "coordinates": [ -76.540420532230002, 3.4352850914 ] } },
{ "type": "Feature", "properties": { "dinamica": "HURTO", "titulo": "DELITOS CONTRA EL PATRIMONIO ECONOMICO", "capitulo": "DEL HURTO", "articulo": "HURTO CALIFICADO. ART. 240 C.P.", "grado_deli": "NINGUNO", "tipo_notic": "DENUNCIA", "caracteriz": "HURTO DE MOTOCICLETAS", "modalidad": "ATRACO", "modo": "ARMA DE FUEGO", "motivo": null, "pais": "COLOMBIA", "dane_dep": 76, "departamen": "VALLE DEL CAUCA", "dane_mpio": 76001, "municipio": "CALI", "cod_comuna": 19.0, "comuna": "Comuna 19", "cod_barrio": 1912.0, "nom_barrio": "3 de Julio", "direccion": "76001 CALLE 6 CON CARRERA 27, 3 DE JULIO, CALI, VALLE DEL CAUCA", "sitio": "VIA PUBLICA", "x": -76.538856506350001, "y": 3.43329405785, "anio": 2024, "mes": "julio", "dia": 17, "dia_semana": 4, "hora_hecho": "06:50", "barrio": "3 DE JULIO", "estrato": 4, "geom": "0101000020E6100000000000A07C2253C0000000E062770B40", "fecha_hech": "2024-07-17 00:00:00" }, "geometry": { "type": "Point", "coordinates": [ -76.538856506350001, 3.43329405785 ] } },
{ "type": "Feature", "properties": { "dinamica": "HURTO", "titulo": "DELITOS CONTRA EL PATRIMONIO ECONOMICO", "capitulo": "DEL HURTO", "articulo": "HURTO CALIFICADO. ART. 240 C.P.", "grado_deli": "NINGUNO", "tipo_notic": "DENUNCIA", "caracteriz": "HURTO DE MOTOCICLETAS", "modalidad": "ATRACO", "modo": "ARMA DE FUEGO", "motivo": null, "pais": "COLOMBIA", "dane_dep": 76, "departamen": "VALLE DEL CAUCA", "dane_mpio": 76001, "municipio": "CALI", "cod_comuna": 19.0, "comuna": "Comuna 19", "cod_barrio": 1912.0, "nom_barrio": "3 de Julio", "direccion": "76001 CARRERA 26 26-05, 3 DE JULIO, CALI, VALLE DEL CAUCA", "sitio": "DOMICILIO", "x": -76.538879394529999, "y": 3.43430805206, "anio": 2024, "mes": "julio", "dia": 18, "dia_semana": 5, "hora_hecho": "05:45", "barrio": "3 DE JULIO", "estrato": 4, "geom": "0101000020E6100000000000007D2253C00000008076790B40", "fecha_hech": "2024-07-18 00:00:00" }, "geometry": { "type": "Point", "coordinates": [ -76.538879394529999, 3.43430805206 ] } },
{ "type": "Feature", "properties": { "dinamica": "HURTO", "titulo": "DELITOS CONTRA EL PATRIMONIO ECONOMICO", "capitulo": "DEL HURTO", "articulo": "HURTO CALIFICADO. ART. 240 C.P.", "grado_deli": "AGRAVADO", "tipo_notic": "ACTOS URGENTES", "caracteriz": "HURTO A RESIDENCIA", "modalidad": "VIOLACION DE CERRADURA", "modo": null, "motivo": null, "pais": "COLOMBIA", "dane_dep": 76, "departamen": "VALLE DEL CAUCA", "dane_mpio": 76001, "municipio": "CALI", "cod_comuna": 19.0, "comuna": "Comuna 19", "cod_barrio": 1913.0, "nom_barrio": "El Cedro", "direccion": "76001 CARRERA 27 6A 48, SANTIAGO DE CALI, CALI, VALLE DEL CAUCA", "sitio": "DOMICILIO", "x": -76.537910461430002, "y": 3.4326961040500001, "anio": 2024, "mes": "julio", "dia": 22, "dia_semana": 2, "hora_hecho": "01:22", "barrio": "EL CEDRO", "estrato": 4, "geom": "0101000020E6100000000000206D2253C00000006029760B40", "fecha_hech": "2024-07-22 00:00:00" }, "geometry": { "type": "Point", "coordinates": [ -76.537910461430002, 3.43269610405 ] } },
{ "type": "Feature", "properties": { "dinamica": "HURTO", "titulo": "DELITOS CONTRA EL PATRIMONIO ECONOMICO", "capitulo": "DEL HURTO", "articulo": "HURTO CALIFICADO. ART. 240 C.P.", "grado_deli": "NINGUNO", "tipo_notic": "DENUNCIA", "caracteriz": "HURTO A PERSONAS", "modalidad": "VIOLACION DE CERRADURA", "modo": null, "motivo": null, "pais": "COLOMBIA", "dane_dep": 76, "departamen": "VALLE DEL CAUCA", "dane_mpio": 76001, "municipio": "CALI", "cod_comuna": 19.0, "comuna": "Comuna 19", "cod_barrio": 1913.0, "nom_barrio": "El Cedro", "direccion": "76001 CALLE 6 DIAGONAL 31 67", "sitio": "VIA PUBLICA", "x": -76.539031982419999, "y": 3.4286570549, "anio": 2024, "mes": "julio", "dia": 22, "dia_semana": 2, "hora_hecho": "08:00", "barrio": "EL CEDRO", "estrato": 4, "geom": "0101000020E6100000000000807F2253C0000000C0E36D0B40", "fecha_hech": "2024-07-22 00:00:00" }, "geometry": { "type": "Point", "coordinates": [ -76.539031982419999, 3.4286570549 ] } },
{ "type": "Feature", "properties": { "dinamica": "HURTO", "titulo": "DELITOS CONTRA EL PATRIMONIO ECONOMICO", "capitulo": "DEL HURTO", "articulo": "HURTO CALIFICADO. ART. 240 C.P.", "grado_deli": "NINGUNO", "tipo_notic": "DENUNCIA", "caracteriz": "HURTO A CELULARES", "modalidad": "RAPONAZO", "modo": null, "motivo": "IBA HABLANDO", "pais": "COLOMBIA", "dane_dep": 76, "departamen": "VALLE DEL CAUCA", "dane_mpio": 76001, "municipio": "CALI", "cod_comuna": 19.0, "comuna": "Comuna 19", "cod_barrio": 1913.0, "nom_barrio": "El Cedro", "direccion": "76001 Carrera 34 10, El Cedro, Cali, Valle del Cauca, COL,EL CEDRO", "sitio": "SIN INFORMACION", "x": -76.53810119629, "y": 3.4271929264100001, "anio": 2024, "mes": "julio", "dia": 22, "dia_semana": 2, "hora_hecho": "16:35", "barrio": "EL CEDRO", "estrato": 4, "geom": "0101000020E610000000000040702253C000000020E46A0B40", "fecha_hech": "2024-07-22 00:00:00" }, "geometry": { "type": "Point", "coordinates": [ -76.53810119629, 3.42719292641 ] } },
{ "type": "Feature", "properties": { "dinamica": "HURTO", "titulo": "DELITOS CONTRA EL PATRIMONIO ECONOMICO", "capitulo": "DEL HURTO", "articulo": "HURTO CALIFICADO. ART. 240 C.P.", "grado_deli": "AGRAVADO", "tipo_notic": "DENUNCIA", "caracteriz": "HURTO A PERSONAS", "modalidad": "ATRACO", "modo": "ARMA DE FUEGO", "motivo": null, "pais": "COLOMBIA", "dane_dep": 76, "departamen": "VALLE DEL CAUCA", "dane_mpio": 76001, "municipio": "CALI", "cod_comuna": 19.0, "comuna": "Comuna 19", "cod_barrio": 1913.0, "nom_barrio": "El Cedro", "direccion": "76001 CALLE 6 30-49, 3 DE JULIO, CALI, VALLE DEL CAUCA, COL,EL CEDRO", "sitio": "VIA PUBLICA", "x": -76.538932800289999, "y": 3.43023300171, "anio": 2024, "mes": "julio", "dia": 22, "dia_semana": 2, "hora_hecho": "21:27", "barrio": "EL CEDRO", "estrato": 4, "geom": "0101000020E6100000000000E07D2253C0000000001E710B40", "fecha_hech": "2024-07-22 00:00:00" }, "geometry": { "type": "Point", "coordinates": [ -76.538932800289999, 3.43023300171 ] } },
{ "type": "Feature", "properties": { "dinamica": "HURTO", "titulo": "DELITOS CONTRA EL PATRIMONIO ECONOMICO", "capitulo": "DEL HURTO", "articulo": "HURTO. ART. 239 C.P.", "grado_deli": "AGRAVADO", "tipo_notic": "DENUNCIA", "caracteriz": "HURTO A CELULARES", "modalidad": "COSQUILLEO", "modo": null, "motivo": null, "pais": "COLOMBIA", "dane_dep": 76, "departamen": "VALLE DEL CAUCA", "dane_mpio": 76001, "municipio": "CALI", "cod_comuna": 19.0, "comuna": "Comuna 19", "cod_barrio": 1912.0, "nom_barrio": "3 de Julio", "direccion": "76001 CALLE 5B 27 29", "sitio": "TRANSPORTE MASIVO", "x": -76.54029083252, "y": 3.4330921173100002, "anio": 2024, "mes": "julio", "dia": 23, "dia_semana": 3, "hora_hecho": "04:15", "barrio": "3 DE JULIO", "estrato": 4, "geom": "0101000020E610000000000020942253C000000000F9760B40", "fecha_hech": "2024-07-23 00:00:00" }, "geometry": { "type": "Point", "coordinates": [ -76.54029083252, 3.43309211731 ] } },
{ "type": "Feature", "properties": { "dinamica": "HURTO", "titulo": "DELITOS CONTRA EL PATRIMONIO ECONOMICO", "capitulo": "DEL HURTO", "articulo": "HURTO CALIFICADO. ART. 240 C.P.", "grado_deli": "AGRAVADO", "tipo_notic": "DENUNCIA", "caracteriz": "HURTO A PERSONAS", "modalidad": "RAPONAZO", "modo": null, "motivo": null, "pais": "COLOMBIA", "dane_dep": 76, "departamen": "VALLE DEL CAUCA", "dane_mpio": 76001, "municipio": "CALI", "cod_comuna": 19.0, "comuna": "Comuna 19", "cod_barrio": 1913.0, "nom_barrio": "El Cedro", "direccion": "76001", "sitio": "SIN INFORMACION", "x": -76.538146972660002, "y": 3.4270660877200001, "anio": 2024, "mes": "julio", "dia": 24, "dia_semana": 4, "hora_hecho": "21:30", "barrio": null, "estrato": 4, "geom": "0101000020E610000000000000712253C0000000A0A16A0B40", "fecha_hech": "2024-07-24 00:00:00" }, "geometry": { "type": "Point", "coordinates": [ -76.538146972660002, 3.42706608772 ] } },
{ "type": "Feature", "properties": { "dinamica": "HURTO", "titulo": "DELITOS CONTRA EL PATRIMONIO ECONOMICO", "capitulo": "DEL HURTO", "articulo": "HURTO CALIFICADO. ART. 240 C.P.", "grado_deli": "NINGUNO", "tipo_notic": "DENUNCIA", "caracteriz": "HURTO DE VEHICULOS", "modalidad": "HALADO", "modo": null, "motivo": null, "pais": "COLOMBIA", "dane_dep": 76, "departamen": "VALLE DEL CAUCA", "dane_mpio": 76001, "municipio": "CALI", "cod_comuna": 19.0, "comuna": "Comuna 19", "cod_barrio": 1912.0, "nom_barrio": "3 de Julio", "direccion": "76001 CARRERA 26 5B 08, SANTIAGO DE CALI, CALI, VALLE DEL CAUCA", "sitio": "DOMICILIO", "x": -76.540298461909998, "y": 3.4342811107600002, "anio": 2024, "mes": "julio", "dia": 27, "dia_semana": 7, "hora_hecho": "00:00", "barrio": "3 DE JULIO", "estrato": 4, "geom": "0101000020E610000000000040942253C00000006068790B40", "fecha_hech": "2024-07-27 00:00:00" }, "geometry": { "type": "Point", "coordinates": [ -76.540298461909998, 3.43428111076 ] } },
{ "type": "Feature", "properties": { "dinamica": "HURTO", "titulo": "DELITOS CONTRA EL PATRIMONIO ECONOMICO", "capitulo": "DEL HURTO", "articulo": "HURTO CALIFICADO. ART. 240 C.P.", "grado_deli": "NINGUNO", "tipo_notic": "DENUNCIA", "caracteriz": "HURTO DE BICICLETAS", "modalidad": "HALADO", "modo": null, "motivo": null, "pais": "COLOMBIA", "dane_dep": 76, "departamen": "VALLE DEL CAUCA", "dane_mpio": 76001, "municipio": "CALI", "cod_comuna": 19.0, "comuna": "Comuna 19", "cod_barrio": 1912.0, "nom_barrio": "3 de Julio", "direccion": "76001 Calle 5b 26 79, Santiago De Cali, Cali, Valle Del Cauca, COL,3 DE JULIO", "sitio": "SIN INFORMACION", "x": -76.540283203119998, "y": 3.4336650371599999, "anio": 2024, "mes": "julio", "dia": 30, "dia_semana": 3, "hora_hecho": "18:18", "barrio": "3 DE JULIO", "estrato": 4, "geom": "0101000020E610000000000000942253C00000006025780B40", "fecha_hech": "2024-07-30 00:00:00" }, "geometry": { "type": "Point", "coordinates": [ -76.540283203119998, 3.43366503716 ] } },
{ "type": "Feature", "properties": { "dinamica": "HURTO", "titulo": "DELITOS CONTRA EL PATRIMONIO ECONOMICO", "capitulo": "DEL HURTO", "articulo": "HURTO CALIFICADO. ART. 240 C.P.", "grado_deli": "AGRAVADO", "tipo_notic": "DE OFICIO (INFORMES)", "caracteriz": "HURTO DE VEHICULOS", "modalidad": "FACTOR DE OPORTUNIDAD", "modo": null, "motivo": null, "pais": "COLOMBIA", "dane_dep": 76, "departamen": "VALLE DEL CAUCA", "dane_mpio": 76001, "municipio": "CALI", "cod_comuna": 19.0, "comuna": "Comuna 19", "cod_barrio": 1912.0, "nom_barrio": "3 de Julio", "direccion": "76001 CALLE 6, SAN FERNANDO NUEVO, CALI, VALLE DEL CAUCA", "sitio": "ESTABLECIMIENTO PUBLICO", "x": -76.53914642334, "y": 3.4285900592799998, "anio": 2024, "mes": "agosto", "dia": 3, "dia_semana": 7, "hora_hecho": "11:30", "barrio": "3 DE JULIO", "estrato": 4, "geom": "0101000020E610000000000060812253C0000000A0C06D0B40", "fecha_hech": "2024-08-03 00:00:00" }, "geometry": { "type": "Point", "coordinates": [ -76.53914642334, 3.42859005928 ] } },
{ "type": "Feature", "properties": { "dinamica": "HURTO", "titulo": "DELITOS CONTRA EL PATRIMONIO ECONOMICO", "capitulo": "DEL HURTO", "articulo": "HURTO CALIFICADO. ART. 240 C.P.", "grado_deli": "AGRAVADO", "tipo_notic": "DENUNCIA", "caracteriz": "HURTO A PERSONAS", "modalidad": "ATRACO", "modo": "ARMA DE FUEGO", "motivo": null, "pais": "COLOMBIA", "dane_dep": 76, "departamen": "VALLE DEL CAUCA", "dane_mpio": 76001, "municipio": "CALI", "cod_comuna": 19.0, "comuna": "Comuna 19", "cod_barrio": 1913.0, "nom_barrio": "El Cedro", "direccion": "76001 CARRERA 32 8 98", "sitio": "VIA PUBLICA", "x": -76.536888122560001, "y": 3.4278790950800002, "anio": 2024, "mes": "agosto", "dia": 5, "dia_semana": 2, "hora_hecho": "14:20", "barrio": "EL CEDRO", "estrato": 4, "geom": "0101000020E6100000000000605C2253C0000000E04B6C0B40", "fecha_hech": "2024-08-05 00:00:00" }, "geometry": { "type": "Point", "coordinates": [ -76.536888122560001, 3.42787909508 ] } },
{ "type": "Feature", "properties": { "dinamica": "HURTO", "titulo": "DELITOS CONTRA EL PATRIMONIO ECONOMICO", "capitulo": "DEL HURTO", "articulo": "HURTO CALIFICADO. ART. 240 C.P.", "grado_deli": "AGRAVADO", "tipo_notic": "DENUNCIA", "caracteriz": "HURTO A PERSONAS", "modalidad": "ATRACO", "modo": "ARMA BLANCA", "motivo": null, "pais": "COLOMBIA", "dane_dep": 76, "departamen": "VALLE DEL CAUCA", "dane_mpio": 76001, "municipio": "CALI", "cod_comuna": 19.0, "comuna": "Comuna 19", "cod_barrio": 1905.0, "nom_barrio": "Eucaristico", "direccion": "76001 CARRERA 36 5, SAN FERNANDO NUEVO, CALI, VALLE DEL CAUCA", "sitio": "VIA PUBLICA", "x": -76.539680480960001, "y": 3.4268538951899998, "anio": 2024, "mes": "agosto", "dia": 7, "dia_semana": 4, "hora_hecho": "05:03", "barrio": "BARRIO EUCARÍSTICO", "estrato": 4, "geom": "0101000020E6100000000000208A2253C000000060326A0B40", "fecha_hech": "2024-08-07 00:00:00" }, "geometry": { "type": "Point", "coordinates": [ -76.539680480960001, 3.42685389519 ] } },
{ "type": "Feature", "properties": { "dinamica": "HURTO", "titulo": "DELITOS CONTRA EL PATRIMONIO ECONOMICO", "capitulo": "DEL HURTO", "articulo": "HURTO. ART. 239 C.P.", "grado_deli": "AGRAVADO", "tipo_notic": "DENUNCIA", "caracteriz": "HURTO A PERSONAS", "modalidad": "FACTOR DE OPORTUNIDAD", "modo": null, "motivo": null, "pais": "COLOMBIA", "dane_dep": 76, "departamen": "VALLE DEL CAUCA", "dane_mpio": 76001, "municipio": "CALI", "cod_comuna": 19.0, "comuna": "Comuna 19", "cod_barrio": 1905.0, "nom_barrio": "Eucaristico", "direccion": "76001 Calle 6 con Carrera 37, Barrio Eucaristico, Cali, Valle del Cauca, COL,BARRIO EUCARÍSTICO", "sitio": "SIN INFORMACION", "x": -76.540336608890001, "y": 3.4252059459700002, "anio": 2024, "mes": "agosto", "dia": 8, "dia_semana": 5, "hora_hecho": "06:50", "barrio": "BARRIO EUCARÍSTICO", "estrato": 4, "geom": "0101000020E6100000000000E0942253C000000060D2660B40", "fecha_hech": "2024-08-08 00:00:00" }, "geometry": { "type": "Point", "coordinates": [ -76.540336608890001, 3.42520594597 ] } },
{ "type": "Feature", "properties": { "dinamica": "HURTO", "titulo": "DELITOS CONTRA EL PATRIMONIO ECONOMICO", "capitulo": "DEL HURTO", "articulo": "HURTO CALIFICADO. ART. 240 C.P.", "grado_deli": "AGRAVADO", "tipo_notic": "DENUNCIA", "caracteriz": "HURTO A PERSONAS", "modalidad": "FACTOR DE OPORTUNIDAD", "modo": null, "motivo": null, "pais": "COLOMBIA", "dane_dep": 76, "departamen": "VALLE DEL CAUCA", "dane_mpio": 76001, "municipio": "CALI", "cod_comuna": 19.0, "comuna": "Comuna 19", "cod_barrio": 1912.0, "nom_barrio": "3 de Julio", "direccion": "76001 Carrera 27 105-108, 3 de Julio, Cali, Valle del Cauca, COL,3 DE JULIO", "sitio": "SIN INFORMACION", "x": -76.539642333979998, "y": 3.4332509040799999, "anio": 2024, "mes": "agosto", "dia": 8, "dia_semana": 5, "hora_hecho": "21:30", "barrio": "3 DE JULIO", "estrato": 4, "geom": "0101000020E610000000000080892253C0000000404C770B40", "fecha_hech": "2024-08-08 00:00:00" }, "geometry": { "type": "Point", "coordinates": [ -76.539642333979998, 3.43325090408 ] } },
{ "type": "Feature", "properties": { "dinamica": "HURTO", "titulo": "DELITOS CONTRA EL PATRIMONIO ECONOMICO", "capitulo": "DEL HURTO", "articulo": "HURTO. ART. 239 C.P.", "grado_deli": "NINGUNO", "tipo_notic": "DENUNCIA", "caracteriz": "HURTO A PERSONAS", "modalidad": "COSQUILLEO", "modo": null, "motivo": null, "pais": "COLOMBIA", "dane_dep": 76, "departamen": "VALLE DEL CAUCA", "dane_mpio": 76001, "municipio": "CALI", "cod_comuna": 19.0, "comuna": "Comuna 19", "cod_barrio": 1912.0, "nom_barrio": "3 de Julio", "direccion": "76001 SANTAMARIA ASTUDILLO ANDRES, CALLE 5C 39 46, 3 DE JULIO, CALI, VALLE DEL CAUCA, COL,3 DE JULIO", "sitio": "TRANSPORTE MASIVO", "x": -76.539916992190001, "y": 3.4338240623499998, "anio": 2024, "mes": "agosto", "dia": 12, "dia_semana": 2, "hora_hecho": "03:44", "barrio": "3 DE JULIO", "estrato": 4, "geom": "0101000020E6100000000000008E2253C0000000C078780B40", "fecha_hech": "2024-08-12 00:00:00" }, "geometry": { "type": "Point", "coordinates": [ -76.539916992190001, 3.43382406235 ] } },
{ "type": "Feature", "properties": { "dinamica": "HURTO", "titulo": "DELITOS CONTRA EL PATRIMONIO ECONOMICO", "capitulo": "DEL HURTO", "articulo": "HURTO CALIFICADO. ART. 240 C.P.", "grado_deli": "AGRAVADO", "tipo_notic": "DENUNCIA", "caracteriz": "HURTO A PERSONAS", "modalidad": "ATRACO", "modo": "ARMA DE FUEGO", "motivo": null, "pais": "COLOMBIA", "dane_dep": 76, "departamen": "VALLE DEL CAUCA", "dane_mpio": 76001, "municipio": "CALI", "cod_comuna": 19.0, "comuna": "Comuna 19", "cod_barrio": 1912.0, "nom_barrio": "3 de Julio", "direccion": "76001 CL 6 SUR CON CON KR 29 OCCIDENTE", "sitio": "SIN INFORMACION", "x": -76.539024353030001, "y": 3.4311220645899998, "anio": 2024, "mes": "agosto", "dia": 13, "dia_semana": 3, "hora_hecho": "21:30", "barrio": null, "estrato": 4, "geom": "0101000020E6100000000000607F2253C000000020F0720B40", "fecha_hech": "2024-08-13 00:00:00" }, "geometry": { "type": "Point", "coordinates": [ -76.539024353030001, 3.43112206459 ] } },
{ "type": "Feature", "properties": { "dinamica": "HURTO", "titulo": "DELITOS CONTRA EL PATRIMONIO ECONOMICO", "capitulo": "DEL HURTO", "articulo": "HURTO CALIFICADO. ART. 240 C.P.", "grado_deli": "NINGUNO", "tipo_notic": "DENUNCIA", "caracteriz": "HURTO A PERSONAS", "modalidad": "ATRACO", "modo": "ARMA BLANCA", "motivo": null, "pais": "COLOMBIA", "dane_dep": 76, "departamen": "VALLE DEL CAUCA", "dane_mpio": 76001, "municipio": "CALI", "cod_comuna": 19.0, "comuna": "Comuna 19", "cod_barrio": 1912.0, "nom_barrio": "3 de Julio", "direccion": "76001 CARRERA 27, 3 DE JULIO, CALI, VALLE DEL CAUCA", "sitio": "VIA PUBLICA", "x": -76.5394821167, "y": 3.4333050251000001, "anio": 2024, "mes": "agosto", "dia": 14, "dia_semana": 4, "hora_hecho": "04:24", "barrio": "3 DE JULIO", "estrato": 4, "geom": "0101000020E6100000000000E0862253C0000000A068770B40", "fecha_hech": "2024-08-14 00:00:00" }, "geometry": { "type": "Point", "coordinates": [ -76.5394821167, 3.4333050251 ] } },
{ "type": "Feature", "properties": { "dinamica": "HURTO", "titulo": "DELITOS CONTRA EL PATRIMONIO ECONOMICO", "capitulo": "DEL HURTO", "articulo": "HURTO CALIFICADO. ART. 240 C.P.", "grado_deli": "NINGUNO", "tipo_notic": "DENUNCIA", "caracteriz": "HURTO A PERSONAS", "modalidad": "ATRACO", "modo": "ARMA DE FUEGO", "motivo": null, "pais": "COLOMBIA", "dane_dep": 76, "departamen": "VALLE DEL CAUCA", "dane_mpio": 76001, "municipio": "CALI", "cod_comuna": 19.0, "comuna": "Comuna 19", "cod_barrio": 1913.0, "nom_barrio": "El Cedro", "direccion": "76001 Carrera 34 10, El Cedro, Cali, Valle del Cauca, COL,EL CEDRO", "sitio": "SIN INFORMACION", "x": -76.53810119629, "y": 3.4271929264100001, "anio": 2024, "mes": "agosto", "dia": 14, "dia_semana": 4, "hora_hecho": "23:30", "barrio": "EL CEDRO", "estrato": 4, "geom": "0101000020E610000000000040702253C000000020E46A0B40", "fecha_hech": "2024-08-14 00:00:00" }, "geometry": { "type": "Point", "coordinates": [ -76.53810119629, 3.42719292641 ] } },
{ "type": "Feature", "properties": { "dinamica": "HURTO", "titulo": "DELITOS CONTRA EL PATRIMONIO ECONOMICO", "capitulo": "DEL HURTO", "articulo": "HURTO CALIFICADO. ART. 240 C.P.", "grado_deli": "NINGUNO", "tipo_notic": "DENUNCIA", "caracteriz": "HURTO A PERSONAS", "modalidad": "ROMPIMIENTO DE VIDRIO", "modo": null, "motivo": null, "pais": "COLOMBIA", "dane_dep": 76, "departamen": "VALLE DEL CAUCA", "dane_mpio": 76001, "municipio": "CALI", "cod_comuna": 19.0, "comuna": "Comuna 19", "cod_barrio": 1905.0, "nom_barrio": "Eucaristico", "direccion": "76001 CALLE 8 32, BARRIO EUCARISTICO, CALI, VALLE DEL CAUCA", "sitio": "PARQUEADERO", "x": -76.538124084469999, "y": 3.4269990921, "anio": 2024, "mes": "agosto", "dia": 15, "dia_semana": 5, "hora_hecho": "15:00", "barrio": "BARRIO EUCARÍSTICO", "estrato": 4, "geom": "0101000020E6100000000000A0702253C0000000807E6A0B40", "fecha_hech": "2024-08-15 00:00:00" }, "geometry": { "type": "Point", "coordinates": [ -76.538124084469999, 3.4269990921 ] } },
{ "type": "Feature", "properties": { "dinamica": "HURTO", "titulo": "DELITOS CONTRA EL PATRIMONIO ECONOMICO", "capitulo": "DEL HURTO", "articulo": "HURTO CALIFICADO. ART. 240 C.P.", "grado_deli": "NINGUNO", "tipo_notic": "DENUNCIA", "caracteriz": "HURTO DE MOTOCICLETAS", "modalidad": "HALADO", "modo": null, "motivo": null, "pais": "COLOMBIA", "dane_dep": 76, "departamen": "VALLE DEL CAUCA", "dane_mpio": 76001, "municipio": "CALI", "cod_comuna": 19.0, "comuna": "Comuna 19", "cod_barrio": 1913.0, "nom_barrio": "El Cedro", "direccion": "76001 CARRERA 25 6 51, SANTIAGO DE CALI, CALI, VALLE DEL CAUCA", "sitio": "VIA PUBLICA", "x": -76.538162231450002, "y": 3.4354629516599999, "anio": 2024, "mes": "agosto", "dia": 16, "dia_semana": 6, "hora_hecho": "06:30", "barrio": "EL CEDRO", "estrato": 4, "geom": "0101000020E610000000000040712253C000000000D47B0B40", "fecha_hech": "2024-08-16 00:00:00" }, "geometry": { "type": "Point", "coordinates": [ -76.538162231450002, 3.43546295166 ] } },
{ "type": "Feature", "properties": { "dinamica": "HURTO", "titulo": "DELITOS CONTRA EL PATRIMONIO ECONOMICO", "capitulo": "DEL HURTO", "articulo": "HURTO. ART. 239 C.P.", "grado_deli": "AGRAVADO", "tipo_notic": "DENUNCIA", "caracteriz": "HURTO A ESTABLECIMIENTOS", "modalidad": "FACTOR DE OPORTUNIDAD", "modo": null, "motivo": null, "pais": "COLOMBIA", "dane_dep": 76, "departamen": "VALLE DEL CAUCA", "dane_mpio": 76001, "municipio": "CALI", "cod_comuna": 19.0, "comuna": "Comuna 19", "cod_barrio": 1913.0, "nom_barrio": "El Cedro", "direccion": "76001 Calle 7 28 32, Santiago De Cali, Cali, Valle Del Cauca, COL,EL CEDRO", "sitio": "SIN INFORMACION", "x": -76.537727355960001, "y": 3.432076931, "anio": 2024, "mes": "agosto", "dia": 16, "dia_semana": 6, "hora_hecho": "22:20", "barrio": "EL CEDRO", "estrato": 4, "geom": "0101000020E6100000000000206A2253C0000000C0E4740B40", "fecha_hech": "2024-08-16 00:00:00" }, "geometry": { "type": "Point", "coordinates": [ -76.537727355960001, 3.432076931 ] } },
{ "type": "Feature", "properties": { "dinamica": "HURTO", "titulo": "DELITOS CONTRA EL PATRIMONIO ECONOMICO", "capitulo": "DEL HURTO", "articulo": "HURTO CALIFICADO. ART. 240 C.P.", "grado_deli": "NINGUNO", "tipo_notic": "DENUNCIA", "caracteriz": "HURTO A RESIDENCIA", "modalidad": "VENTOSA", "modo": null, "motivo": null, "pais": "COLOMBIA", "dane_dep": 76, "departamen": "VALLE DEL CAUCA", "dane_mpio": 76001, "municipio": "CALI", "cod_comuna": 19.0, "comuna": "Comuna 19", "cod_barrio": 1906.0, "nom_barrio": "San Fernando Nuevo", "direccion": "76001 CARRERA 37 5B 4, SANTIAGO DE CALI, CALI, VALLE DEL CAUCA", "sitio": "DOMICILIO", "x": -76.541458129879999, "y": 3.4263229370100001, "anio": 2024, "mes": "agosto", "dia": 17, "dia_semana": 7, "hora_hecho": "23:30", "barrio": "SAN FERNANDO NUEVO", "estrato": 4, "geom": "0101000020E610000000000040A72253C0000000001C690B40", "fecha_hech": "2024-08-17 00:00:00" }, "geometry": { "type": "Point", "coordinates": [ -76.541458129879999, 3.42632293701 ] } },
{ "type": "Feature", "properties": { "dinamica": "HURTO", "titulo": "DELITOS CONTRA EL PATRIMONIO ECONOMICO", "capitulo": "DEL HURTO", "articulo": "HURTO. ART. 239 C.P.", "grado_deli": "AGRAVADO", "tipo_notic": "DENUNCIA", "caracteriz": "HURTO A PERSONAS", "modalidad": "COSQUILLEO", "modo": null, "motivo": null, "pais": "COLOMBIA", "dane_dep": 76, "departamen": "VALLE DEL CAUCA", "dane_mpio": 76001, "municipio": "CALI", "cod_comuna": 19.0, "comuna": "Comuna 19", "cod_barrio": 1906.0, "nom_barrio": "San Fernando Nuevo", "direccion": "76001 Coliseo Evangelista Mora, Calle 5B3, San Fernando Nuevo, Cali, Valle del Cauca, COL,SAN FERNANDO NUEVO", "sitio": "SIN INFORMACION", "x": -76.540199279790002, "y": 3.42830991745, "anio": 2024, "mes": "agosto", "dia": 18, "dia_semana": 1, "hora_hecho": "02:00", "barrio": "SAN FERNANDO NUEVO", "estrato": 4, "geom": "0101000020E6100000000000A0922253C0000000C02D6D0B40", "fecha_hech": "2024-08-18 00:00:00" }, "geometry": { "type": "Point", "coordinates": [ -76.540199279790002, 3.42830991745 ] } },
{ "type": "Feature", "properties": { "dinamica": "HURTO", "titulo": "DELITOS CONTRA EL PATRIMONIO ECONOMICO", "capitulo": "DEL HURTO", "articulo": "HURTO CALIFICADO. ART. 240 C.P.", "grado_deli": "NINGUNO", "tipo_notic": "DENUNCIA", "caracteriz": "HURTO A CELULARES", "modalidad": "RAPONAZO", "modo": null, "motivo": "SIN DETERMINAR", "pais": "COLOMBIA", "dane_dep": 76, "departamen": "VALLE DEL CAUCA", "dane_mpio": 76001, "municipio": "CALI", "cod_comuna": 19.0, "comuna": "Comuna 19", "cod_barrio": 1906.0, "nom_barrio": "San Fernando Nuevo", "direccion": "76001 Coliseo Evangelista Mora, Calle 5B3, San Fernando Nuevo, Cali, Valle del Cauca, COL,SAN FERNANDO NUEVO", "sitio": "SIN INFORMACION", "x": -76.540199279790002, "y": 3.42830991745, "anio": 2024, "mes": "agosto", "dia": 19, "dia_semana": 2, "hora_hecho": "04:30", "barrio": "SAN FERNANDO NUEVO", "estrato": 4, "geom": "0101000020E6100000000000A0922253C0000000C02D6D0B40", "fecha_hech": "2024-08-19 00:00:00" }, "geometry": { "type": "Point", "coordinates": [ -76.540199279790002, 3.42830991745 ] } },
{ "type": "Feature", "properties": { "dinamica": "HURTO", "titulo": "DELITOS CONTRA EL PATRIMONIO ECONOMICO", "capitulo": "DEL HURTO", "articulo": "HURTO CALIFICADO. ART. 240 C.P.", "grado_deli": "NINGUNO", "tipo_notic": "DENUNCIA", "caracteriz": "HURTO DE AUTOPARTES", "modalidad": "FACTOR DE OPORTUNIDAD", "modo": null, "motivo": null, "pais": "COLOMBIA", "dane_dep": 76, "departamen": "VALLE DEL CAUCA", "dane_mpio": 76001, "municipio": "CALI", "cod_comuna": 19.0, "comuna": "Comuna 19", "cod_barrio": 1913.0, "nom_barrio": "El Cedro", "direccion": "76001 Calle 8 32 12, Santiago De Cali, Cali, Valle Del Cauca, COL,EL CEDRO", "sitio": "SIN INFORMACION", "x": -76.53832244873, "y": 3.4279310703300001, "anio": 2024, "mes": "agosto", "dia": 21, "dia_semana": 4, "hora_hecho": "07:00", "barrio": "EL CEDRO", "estrato": 4, "geom": "0101000020E6100000000000E0732253C000000020676C0B40", "fecha_hech": "2024-08-21 00:00:00" }, "geometry": { "type": "Point", "coordinates": [ -76.53832244873, 3.42793107033 ] } },
{ "type": "Feature", "properties": { "dinamica": "HURTO", "titulo": "DELITOS CONTRA EL PATRIMONIO ECONOMICO", "capitulo": "DEL HURTO", "articulo": "HURTO CALIFICADO. ART. 240 C.P.", "grado_deli": "NINGUNO", "tipo_notic": "DENUNCIA", "caracteriz": "HURTO DE MOTOCICLETAS", "modalidad": "HALADO", "modo": null, "motivo": null, "pais": "COLOMBIA", "dane_dep": 76, "departamen": "VALLE DEL CAUCA", "dane_mpio": 76001, "municipio": "CALI", "cod_comuna": 19.0, "comuna": "Comuna 19", "cod_barrio": 1913.0, "nom_barrio": "El Cedro", "direccion": "76001 CARRERA 25 6 51, SANTIAGO DE CALI, CALI, VALLE DEL CAUCA", "sitio": "VIA PUBLICA", "x": -76.538162231450002, "y": 3.4354629516599999, "anio": 2024, "mes": "agosto", "dia": 22, "dia_semana": 5, "hora_hecho": "06:30", "barrio": "EL CEDRO", "estrato": 4, "geom": "0101000020E610000000000040712253C000000000D47B0B40", "fecha_hech": "2024-08-22 00:00:00" }, "geometry": { "type": "Point", "coordinates": [ -76.538162231450002, 3.43546295166 ] } },
{ "type": "Feature", "properties": { "dinamica": "HURTO", "titulo": "DELITOS CONTRA EL PATRIMONIO ECONOMICO", "capitulo": "DEL HURTO", "articulo": "HURTO CALIFICADO. ART. 240 C.P.", "grado_deli": "NINGUNO", "tipo_notic": "DENUNCIA", "caracteriz": "HURTO A PERSONAS", "modalidad": "VIOLACION DE CERRADURA", "modo": null, "motivo": null, "pais": "COLOMBIA", "dane_dep": 76, "departamen": "VALLE DEL CAUCA", "dane_mpio": 76001, "municipio": "CALI", "cod_comuna": 19.0, "comuna": "Comuna 19", "cod_barrio": 1913.0, "nom_barrio": "El Cedro", "direccion": "76001 CARRERA 26 6A 2", "sitio": "VIA PUBLICA", "x": -76.538108825679998, "y": 3.4343419075, "anio": 2024, "mes": "agosto", "dia": 23, "dia_semana": 6, "hora_hecho": "00:30", "barrio": "EL CEDRO", "estrato": 4, "geom": "0101000020E610000000000060702253C00000004088790B40", "fecha_hech": "2024-08-23 00:00:00" }, "geometry": { "type": "Point", "coordinates": [ -76.538108825679998, 3.4343419075 ] } },
{ "type": "Feature", "properties": { "dinamica": "HURTO", "titulo": "DELITOS CONTRA EL PATRIMONIO ECONOMICO", "capitulo": "DEL HURTO", "articulo": "HURTO CALIFICADO. ART. 240 C.P.", "grado_deli": "NINGUNO", "tipo_notic": "ACTOS URGENTES", "caracteriz": "HURTO A ESTABLECIMIENTOS", "modalidad": "ATRACO", "modo": "ARMA DE FUEGO", "motivo": null, "pais": "COLOMBIA", "dane_dep": 76, "departamen": "VALLE DEL CAUCA", "dane_mpio": 76001, "municipio": "CALI", "cod_comuna": 19.0, "comuna": "Comuna 19", "cod_barrio": 1912.0, "nom_barrio": "3 de Julio", "direccion": "76001 CARRERA 27 72-149, 3 DE JULIO, CALI, VALLE DEL CAUCA", "sitio": "ESTABLECIMIENTO DE COMERCIO", "x": -76.539642333979998, "y": 3.4333651065800002, "anio": 2024, "mes": "agosto", "dia": 23, "dia_semana": 6, "hora_hecho": "23:59", "barrio": "3 DE JULIO", "estrato": 4, "geom": "0101000020E610000000000080892253C00000002088770B40", "fecha_hech": "2024-08-23 00:00:00" }, "geometry": { "type": "Point", "coordinates": [ -76.539642333979998, 3.43336510658 ] } },
{ "type": "Feature", "properties": { "dinamica": "HURTO", "titulo": "DELITOS CONTRA EL PATRIMONIO ECONOMICO", "capitulo": "DEL HURTO", "articulo": "HURTO CALIFICADO. ART. 240 C.P.", "grado_deli": "NINGUNO", "tipo_notic": "DENUNCIA", "caracteriz": "HURTO DE VEHICULOS", "modalidad": "HALADO", "modo": null, "motivo": null, "pais": "COLOMBIA", "dane_dep": 76, "departamen": "VALLE DEL CAUCA", "dane_mpio": 76001, "municipio": "CALI", "cod_comuna": 19.0, "comuna": "Comuna 19", "cod_barrio": 1906.0, "nom_barrio": "San Fernando Nuevo", "direccion": "76001 CALLE 5B4 34 88", "sitio": "VIA PUBLICA", "x": -76.539840698239999, "y": 3.4283471107499999, "anio": 2024, "mes": "agosto", "dia": 27, "dia_semana": 3, "hora_hecho": "09:30", "barrio": "SAN FERNANDO NUEVO", "estrato": 4, "geom": "0101000020E6100000000000C08C2253C000000040416D0B40", "fecha_hech": "2024-08-27 00:00:00" }, "geometry": { "type": "Point", "coordinates": [ -76.539840698239999, 3.42834711075 ] } },
{ "type": "Feature", "properties": { "dinamica": "HURTO", "titulo": "DELITOS CONTRA EL PATRIMONIO ECONOMICO", "capitulo": "DEL HURTO", "articulo": "HURTO CALIFICADO. ART. 240 C.P.", "grado_deli": "NINGUNO", "tipo_notic": "DENUNCIA", "caracteriz": "HURTO A PERSONAS", "modalidad": "ROMPIMIENTO DE VIDRIO", "modo": null, "motivo": null, "pais": "COLOMBIA", "dane_dep": 76, "departamen": "VALLE DEL CAUCA", "dane_mpio": 76001, "municipio": "CALI", "cod_comuna": 19.0, "comuna": "Comuna 19", "cod_barrio": 1912.0, "nom_barrio": "3 de Julio", "direccion": "76001 Calle 6 27 50, Santiago De Cali, Cali, Valle Del Cauca, COL,3 DE JULIO", "sitio": "SIN INFORMACION", "x": -76.53904724121, "y": 3.4326899051700002, "anio": 2024, "mes": "agosto", "dia": 28, "dia_semana": 4, "hora_hecho": "03:17", "barrio": "3 DE JULIO", "estrato": 4, "geom": "0101000020E6100000000000C07F2253C00000002026760B40", "fecha_hech": "2024-08-28 00:00:00" }, "geometry": { "type": "Point", "coordinates": [ -76.53904724121, 3.43268990517 ] } },
{ "type": "Feature", "properties": { "dinamica": "HURTO", "titulo": "DELITOS CONTRA EL PATRIMONIO ECONOMICO", "capitulo": "DEL HURTO", "articulo": "HURTO. ART. 239 C.P.", "grado_deli": "NINGUNO", "tipo_notic": "DENUNCIA", "caracteriz": "HURTO A PERSONAS", "modalidad": "ENGAÑO", "modo": null, "motivo": null, "pais": "COLOMBIA", "dane_dep": 76, "departamen": "VALLE DEL CAUCA", "dane_mpio": 76001, "municipio": "CALI", "cod_comuna": 19.0, "comuna": "Comuna 19", "cod_barrio": 1912.0, "nom_barrio": "3 de Julio", "direccion": "76001 Biblioteca Departamental Jorge Garces Borrero, Calle 5, 3 de Julio, Cali, Valle del Cauca, COL,3 DE JULIO", "sitio": "SIN INFORMACION", "x": -76.53945159912, "y": 3.4363219738000002, "anio": 2024, "mes": "agosto", "dia": 29, "dia_semana": 5, "hora_hecho": "05:40", "barrio": "3 DE JULIO", "estrato": 4, "geom": "0101000020E610000000000060862253C000000060967D0B40", "fecha_hech": "2024-08-29 00:00:00" }, "geometry": { "type": "Point", "coordinates": [ -76.53945159912, 3.4363219738 ] } },
{ "type": "Feature", "properties": { "dinamica": "HURTO", "titulo": "DELITOS CONTRA EL PATRIMONIO ECONOMICO", "capitulo": "DEL HURTO", "articulo": "HURTO CALIFICADO. ART. 240 C.P.", "grado_deli": "NINGUNO", "tipo_notic": "DENUNCIA", "caracteriz": "HURTO A CELULARES", "modalidad": "ATRACO", "modo": "ARMA DE FUEGO", "motivo": "SIN DETERMINAR", "pais": "COLOMBIA", "dane_dep": 76, "departamen": "VALLE DEL CAUCA", "dane_mpio": 76001, "municipio": "CALI", "cod_comuna": 19.0, "comuna": "Comuna 19", "cod_barrio": 1912.0, "nom_barrio": "3 de Julio", "direccion": "76001 CALLE 5C 29 83", "sitio": "VIA PUBLICA", "x": -76.539573669429998, "y": 3.4310929775200001, "anio": 2024, "mes": "agosto", "dia": 31, "dia_semana": 7, "hora_hecho": "01:00", "barrio": "3 DE JULIO", "estrato": 4, "geom": "0101000020E610000000000060882253C0000000E0E0720B40", "fecha_hech": "2024-08-31 00:00:00" }, "geometry": { "type": "Point", "coordinates": [ -76.539573669429998, 3.43109297752 ] } },
{ "type": "Feature", "properties": { "dinamica": "HURTO", "titulo": "DELITOS CONTRA EL PATRIMONIO ECONOMICO", "capitulo": "DEL HURTO", "articulo": "HURTO CALIFICADO. ART. 240 C.P.", "grado_deli": "AGRAVADO", "tipo_notic": "DENUNCIA", "caracteriz": "HURTO DE MOTOCICLETAS", "modalidad": "ATRACO", "modo": "ARMA DE FUEGO", "motivo": null, "pais": "COLOMBIA", "dane_dep": 76, "departamen": "VALLE DEL CAUCA", "dane_mpio": 76001, "municipio": "CALI", "cod_comuna": 19.0, "comuna": "Comuna 19", "cod_barrio": 1912.0, "nom_barrio": "3 de Julio", "direccion": "76001 Carrera 27 09-51, 3 de Julio, Cali, Valle del Cauca, COL,3 DE JULIO", "sitio": "SIN INFORMACION", "x": -76.539642333979998, "y": 3.4333651065800002, "anio": 2024, "mes": "agosto", "dia": 31, "dia_semana": 7, "hora_hecho": "03:20", "barrio": "3 DE JULIO", "estrato": 4, "geom": "0101000020E610000000000080892253C00000002088770B40", "fecha_hech": "2024-08-31 00:00:00" }, "geometry": { "type": "Point", "coordinates": [ -76.539642333979998, 3.43336510658 ] } },
{ "type": "Feature", "properties": { "dinamica": "HURTO", "titulo": "DELITOS CONTRA EL PATRIMONIO ECONOMICO", "capitulo": "DEL HURTO", "articulo": "HURTO CALIFICADO. ART. 240 C.P.", "grado_deli": "NINGUNO", "tipo_notic": "DENUNCIA", "caracteriz": "HURTO A PERSONAS", "modalidad": "ENGAÑO", "modo": null, "motivo": null, "pais": "COLOMBIA", "dane_dep": 76, "departamen": "VALLE DEL CAUCA", "dane_mpio": 76001, "municipio": "CALI", "cod_comuna": 19.0, "comuna": "Comuna 19", "cod_barrio": 1913.0, "nom_barrio": "El Cedro", "direccion": "76001 Carrera 28 6 15, Santiago De Cali, Cali, Valle Del Cauca, COL,EL CEDRO", "sitio": "SIN INFORMACION", "x": -76.538650512700002, "y": 3.4326689243300001, "anio": 2024, "mes": "septiembre", "dia": 2, "dia_semana": 2, "hora_hecho": "00:00", "barrio": "EL CEDRO", "estrato": 4, "geom": "0101000020E610000000000040792253C0000000201B760B40", "fecha_hech": "2024-09-02 00:00:00" }, "geometry": { "type": "Point", "coordinates": [ -76.538650512700002, 3.43266892433 ] } },
{ "type": "Feature", "properties": { "dinamica": "HURTO", "titulo": "DELITOS CONTRA EL PATRIMONIO ECONOMICO", "capitulo": "DEL HURTO", "articulo": "HURTO. ART. 239 C.P.", "grado_deli": "NINGUNO", "tipo_notic": "DENUNCIA", "caracteriz": "HURTO A PERSONAS", "modalidad": "FACTOR DE OPORTUNIDAD", "modo": null, "motivo": null, "pais": "COLOMBIA", "dane_dep": 76, "departamen": "VALLE DEL CAUCA", "dane_mpio": 76001, "municipio": "CALI", "cod_comuna": 19.0, "comuna": "Comuna 19", "cod_barrio": 1912.0, "nom_barrio": "3 de Julio", "direccion": "76001 Calle 5b 25 109, Santiago De Cali, Cali, Valle Del Cauca, COL,3 DE JULIO", "sitio": "SIN INFORMACION", "x": -76.540237426760001, "y": 3.4346799850499998, "anio": 2024, "mes": "septiembre", "dia": 2, "dia_semana": 2, "hora_hecho": "03:38", "barrio": "3 DE JULIO", "estrato": 4, "geom": "0101000020E610000000000040932253C000000080397A0B40", "fecha_hech": "2024-09-02 00:00:00" }, "geometry": { "type": "Point", "coordinates": [ -76.540237426760001, 3.43467998505 ] } },
{ "type": "Feature", "properties": { "dinamica": "HURTO", "titulo": "DELITOS CONTRA EL PATRIMONIO ECONOMICO", "capitulo": "DEL HURTO", "articulo": "HURTO. ART. 239 C.P.", "grado_deli": "AGRAVADO", "tipo_notic": "DENUNCIA", "caracteriz": "HURTO A PERSONAS", "modalidad": "COSQUILLEO", "modo": null, "motivo": null, "pais": "COLOMBIA", "dane_dep": 76, "departamen": "VALLE DEL CAUCA", "dane_mpio": 76001, "municipio": "CALI", "cod_comuna": 19.0, "comuna": "Comuna 19", "cod_barrio": 1913.0, "nom_barrio": "El Cedro", "direccion": "76001 Calle 7 25 60, Santiago De Cali, Cali, Valle Del Cauca, COL,EL CEDRO", "sitio": "SIN INFORMACION", "x": -76.53758239746, "y": 3.4345500469200001, "anio": 2024, "mes": "septiembre", "dia": 2, "dia_semana": 2, "hora_hecho": "05:30", "barrio": "EL CEDRO", "estrato": 4, "geom": "0101000020E6100000000000C0672253C000000060F5790B40", "fecha_hech": "2024-09-02 00:00:00" }, "geometry": { "type": "Point", "coordinates": [ -76.53758239746, 3.43455004692 ] } },
{ "type": "Feature", "properties": { "dinamica": "HURTO", "titulo": "DELITOS CONTRA EL PATRIMONIO ECONOMICO", "capitulo": "DEL HURTO", "articulo": "HURTO CALIFICADO. ART. 240 C.P.", "grado_deli": "NINGUNO", "tipo_notic": "DENUNCIA", "caracteriz": "HURTO A PERSONAS", "modalidad": "ROMPIMIENTO DE VIDRIO", "modo": null, "motivo": null, "pais": "COLOMBIA", "dane_dep": 76, "departamen": "VALLE DEL CAUCA", "dane_mpio": 76001, "municipio": "CALI", "cod_comuna": 19.0, "comuna": "Comuna 19", "cod_barrio": 1912.0, "nom_barrio": "3 de Julio", "direccion": "76001 CARRERA 27 5C 46, SANTIAGO DE CALI, CALI, VALLE DEL CAUCA", "sitio": "VIA PUBLICA", "x": -76.539169311519998, "y": 3.43314909935, "anio": 2024, "mes": "septiembre", "dia": 5, "dia_semana": 5, "hora_hecho": "00:00", "barrio": "3 DE JULIO", "estrato": 4, "geom": "0101000020E6100000000000C0812253C0000000E016770B40", "fecha_hech": "2024-09-05 00:00:00" }, "geometry": { "type": "Point", "coordinates": [ -76.539169311519998, 3.43314909935 ] } },
{ "type": "Feature", "properties": { "dinamica": "HURTO", "titulo": "DELITOS CONTRA EL PATRIMONIO ECONOMICO", "capitulo": "DEL HURTO", "articulo": "HURTO. ART. 239 C.P.", "grado_deli": "NINGUNO", "tipo_notic": "DENUNCIA", "caracteriz": "HURTO DE VEHICULOS", "modalidad": "ATRACO", "modo": "ARMA DE FUEGO", "motivo": null, "pais": "COLOMBIA", "dane_dep": 76, "departamen": "VALLE DEL CAUCA", "dane_mpio": 76001, "municipio": "CALI", "cod_comuna": 19.0, "comuna": "Comuna 19", "cod_barrio": 1906.0, "nom_barrio": "San Fernando Nuevo", "direccion": "76001 CALLE 6 34 78", "sitio": "VIA PUBLICA", "x": -76.539512634280001, "y": 3.4277539253199998, "anio": 2024, "mes": "septiembre", "dia": 5, "dia_semana": 5, "hora_hecho": "14:10", "barrio": "SAN FERNANDO NUEVO", "estrato": 4, "geom": "0101000020E610000000000060872253C0000000400A6C0B40", "fecha_hech": "2024-09-05 00:00:00" }, "geometry": { "type": "Point", "coordinates": [ -76.539512634280001, 3.42775392532 ] } },
{ "type": "Feature", "properties": { "dinamica": "HURTO", "titulo": "DELITOS CONTRA EL PATRIMONIO ECONOMICO", "capitulo": "DEL HURTO", "articulo": "HURTO CALIFICADO. ART. 240 C.P.", "grado_deli": "NINGUNO", "tipo_notic": "DENUNCIA", "caracteriz": "HURTO A PERSONAS", "modalidad": "VIOLACION DE CERRADURA", "modo": null, "motivo": null, "pais": "COLOMBIA", "dane_dep": 76, "departamen": "VALLE DEL CAUCA", "dane_mpio": 76001, "municipio": "CALI", "cod_comuna": 19.0, "comuna": "Comuna 19", "cod_barrio": 1913.0, "nom_barrio": "El Cedro", "direccion": "76001 CALLE 9 CON CARRERA 32, EL CEDRO, CALI, VALLE DEL CAUCA", "sitio": "PARQUEADERO", "x": -76.536918640140001, "y": 3.4278728961899998, "anio": 2024, "mes": "septiembre", "dia": 6, "dia_semana": 6, "hora_hecho": "06:30", "barrio": "EL CEDRO", "estrato": 4, "geom": "0101000020E6100000000000E05C2253C0000000A0486C0B40", "fecha_hech": "2024-09-06 00:00:00" }, "geometry": { "type": "Point", "coordinates": [ -76.536918640140001, 3.42787289619 ] } },
{ "type": "Feature", "properties": { "dinamica": "HURTO", "titulo": "DELITOS CONTRA EL PATRIMONIO ECONOMICO", "capitulo": "DEL HURTO", "articulo": "HURTO CALIFICADO. ART. 240 C.P.", "grado_deli": "NINGUNO", "tipo_notic": "DENUNCIA", "caracteriz": "HURTO A PERSONAS", "modalidad": "ATRACO", "modo": "ARMA DE FUEGO", "motivo": null, "pais": "COLOMBIA", "dane_dep": 76, "departamen": "VALLE DEL CAUCA", "dane_mpio": 76001, "municipio": "CALI", "cod_comuna": 19.0, "comuna": "Comuna 19", "cod_barrio": 1905.0, "nom_barrio": "Eucaristico", "direccion": "76001 CARRERA 36A, BARRIO EUCARISTICO, CALI, VALLE DEL CAUCA", "sitio": "VIA PUBLICA", "x": -76.539253234859999, "y": 3.4257230758700001, "anio": 2024, "mes": "septiembre", "dia": 7, "dia_semana": 7, "hora_hecho": "20:40", "barrio": "BARRIO EUCARÍSTICO", "estrato": 4, "geom": "0101000020E610000000000020832253C000000080E1670B40", "fecha_hech": "2024-09-07 00:00:00" }, "geometry": { "type": "Point", "coordinates": [ -76.539253234859999, 3.42572307587 ] } },
{ "type": "Feature", "properties": { "dinamica": "HURTO", "titulo": "DELITOS CONTRA EL PATRIMONIO ECONOMICO", "capitulo": "DEL HURTO", "articulo": "HURTO CALIFICADO. ART. 240 C.P.", "grado_deli": "NINGUNO", "tipo_notic": "DENUNCIA", "caracteriz": "HURTO DE MOTOCICLETAS", "modalidad": "ATRACO", "modo": "ARMA DE FUEGO", "motivo": null, "pais": "COLOMBIA", "dane_dep": 76, "departamen": "VALLE DEL CAUCA", "dane_mpio": 76001, "municipio": "CALI", "cod_comuna": 19.0, "comuna": "Comuna 19", "cod_barrio": 1913.0, "nom_barrio": "El Cedro", "direccion": "76001 BANCOLOMBIA AVENIDA ROOSEVELT", "sitio": "VIA PUBLICA", "x": -76.538703918460001, "y": 3.43463206291, "anio": 2024, "mes": "septiembre", "dia": 9, "dia_semana": 2, "hora_hecho": "00:00", "barrio": "EL CEDRO", "estrato": 4, "geom": "0101000020E6100000000000207A2253C000000060207A0B40", "fecha_hech": "2024-09-09 00:00:00" }, "geometry": { "type": "Point", "coordinates": [ -76.538703918460001, 3.43463206291 ] } },
{ "type": "Feature", "properties": { "dinamica": "HURTO", "titulo": "DELITOS CONTRA EL PATRIMONIO ECONOMICO", "capitulo": "DEL HURTO", "articulo": "HURTO CALIFICADO. ART. 240 C.P.", "grado_deli": "NINGUNO", "tipo_notic": "DENUNCIA", "caracteriz": "HURTO A PERSONAS", "modalidad": "ATRACO", "modo": "ARMA DE FUEGO", "motivo": null, "pais": "COLOMBIA", "dane_dep": 76, "departamen": "VALLE DEL CAUCA", "dane_mpio": 76001, "municipio": "CALI", "cod_comuna": 19.0, "comuna": "Comuna 19", "cod_barrio": 1905.0, "nom_barrio": "Eucaristico", "direccion": "76001 Calle 6 con Carrera 37, Barrio Eucaristico, Cali, Valle del Cauca, COL,BARRIO EUCARÍSTICO", "sitio": "SIN INFORMACION", "x": -76.540336608890001, "y": 3.4252059459700002, "anio": 2024, "mes": "septiembre", "dia": 9, "dia_semana": 2, "hora_hecho": "04:43", "barrio": "BARRIO EUCARÍSTICO", "estrato": 4, "geom": "0101000020E6100000000000E0942253C000000060D2660B40", "fecha_hech": "2024-09-09 00:00:00" }, "geometry": { "type": "Point", "coordinates": [ -76.540336608890001, 3.42520594597 ] } },
{ "type": "Feature", "properties": { "dinamica": "HURTO", "titulo": "DELITOS CONTRA EL PATRIMONIO ECONOMICO", "capitulo": "DEL HURTO", "articulo": "HURTO CALIFICADO. ART. 240 C.P.", "grado_deli": "NINGUNO", "tipo_notic": "DENUNCIA", "caracteriz": "HURTO A ESTABLECIMIENTOS", "modalidad": "ATRACO", "modo": "ARMA DE FUEGO", "motivo": null, "pais": "COLOMBIA", "dane_dep": 76, "departamen": "VALLE DEL CAUCA", "dane_mpio": 76001, "municipio": "CALI", "cod_comuna": 19.0, "comuna": "Comuna 19", "cod_barrio": 1905.0, "nom_barrio": "Eucaristico", "direccion": "76001 AVENIDA ROOSEVELT 36C 48", "sitio": "ESTABLECIMIENTO DE COMERCIO", "x": -76.540588378910002, "y": 3.42527198792, "anio": 2024, "mes": "septiembre", "dia": 10, "dia_semana": 3, "hora_hecho": "01:15", "barrio": "BARRIO EUCARÍSTICO", "estrato": 4, "geom": "0101000020E610000000000000992253C000000000F5660B40", "fecha_hech": "2024-09-10 00:00:00" }, "geometry": { "type": "Point", "coordinates": [ -76.540588378910002, 3.42527198792 ] } },
{ "type": "Feature", "properties": { "dinamica": "HURTO", "titulo": "DELITOS CONTRA EL PATRIMONIO ECONOMICO", "capitulo": "DEL HURTO", "articulo": "HURTO. ART. 239 C.P.", "grado_deli": "NINGUNO", "tipo_notic": "DENUNCIA", "caracteriz": "HURTO A PERSONAS", "modalidad": "COSQUILLEO", "modo": null, "motivo": null, "pais": "COLOMBIA", "dane_dep": 76, "departamen": "VALLE DEL CAUCA", "dane_mpio": 76001, "municipio": "CALI", "cod_comuna": 19.0, "comuna": "Comuna 19", "cod_barrio": 1912.0, "nom_barrio": "3 de Julio", "direccion": "76001 BARRIO/LOCALIDAD/COMUNA:3 DE JULIO/COMUNA 19,CALI/VALLE DEL CAUCA,3 DE JULIO", "sitio": "SIN INFORMACION", "x": -76.540321350100001, "y": 3.43362092972, "anio": 2024, "mes": "septiembre", "dia": 10, "dia_semana": 3, "hora_hecho": "03:54", "barrio": "3 DE JULIO", "estrato": 4, "geom": "0101000020E6100000000000A0942253C0000000400E780B40", "fecha_hech": "2024-09-10 00:00:00" }, "geometry": { "type": "Point", "coordinates": [ -76.540321350100001, 3.43362092972 ] } },
{ "type": "Feature", "properties": { "dinamica": "HURTO", "titulo": "DELITOS CONTRA EL PATRIMONIO ECONOMICO", "capitulo": "DEL HURTO", "articulo": "HURTO CALIFICADO. ART. 240 C.P.", "grado_deli": "NINGUNO", "tipo_notic": "DENUNCIA", "caracteriz": "HURTO A PERSONAS", "modalidad": "RAPONAZO", "modo": null, "motivo": null, "pais": "COLOMBIA", "dane_dep": 76, "departamen": "VALLE DEL CAUCA", "dane_mpio": 76001, "municipio": "CALI", "cod_comuna": 19.0, "comuna": "Comuna 19", "cod_barrio": 1913.0, "nom_barrio": "El Cedro", "direccion": "76001 Carrera 26 6a 08, Santiago De Cali, Cali, Valle Del Cauca, COL,EL CEDRO", "sitio": "SIN INFORMACION", "x": -76.53800201416, "y": 3.4342000484500002, "anio": 2024, "mes": "septiembre", "dia": 10, "dia_semana": 3, "hora_hecho": "21:45", "barrio": "EL CEDRO", "estrato": 4, "geom": "0101000020E6100000000000A06E2253C0000000E03D790B40", "fecha_hech": "2024-09-10 00:00:00" }, "geometry": { "type": "Point", "coordinates": [ -76.53800201416, 3.43420004845 ] } },
{ "type": "Feature", "properties": { "dinamica": "HURTO", "titulo": "DELITOS CONTRA EL PATRIMONIO ECONOMICO", "capitulo": "DEL HURTO", "articulo": "HURTO. ART. 239 C.P.", "grado_deli": "AGRAVADO", "tipo_notic": "DENUNCIA", "caracteriz": "HURTO A PERSONAS", "modalidad": "COSQUILLEO", "modo": null, "motivo": null, "pais": "COLOMBIA", "dane_dep": 76, "departamen": "VALLE DEL CAUCA", "dane_mpio": 76001, "municipio": "CALI", "cod_comuna": 19.0, "comuna": "Comuna 19", "cod_barrio": 1913.0, "nom_barrio": "El Cedro", "direccion": "76001 Carrera 26 6A-99-6A-1, El Cedro, Cali, Valle del Cauca, COL,EL CEDRO", "sitio": "SIN INFORMACION", "x": -76.537673950200002, "y": 3.4343070983900001, "anio": 2024, "mes": "septiembre", "dia": 11, "dia_semana": 4, "hora_hecho": "08:46", "barrio": "EL CEDRO", "estrato": 4, "geom": "0101000020E610000000000040692253C00000000076790B40", "fecha_hech": "2024-09-11 00:00:00" }, "geometry": { "type": "Point", "coordinates": [ -76.537673950200002, 3.43430709839 ] } },
{ "type": "Feature", "properties": { "dinamica": "HURTO", "titulo": "DELITOS CONTRA EL PATRIMONIO ECONOMICO", "capitulo": "DEL HURTO", "articulo": "HURTO CALIFICADO. ART. 240 C.P.", "grado_deli": "NINGUNO", "tipo_notic": "DENUNCIA", "caracteriz": "HURTO DE VEHICULOS", "modalidad": "HALADO", "modo": null, "motivo": null, "pais": "COLOMBIA", "dane_dep": 76, "departamen": "VALLE DEL CAUCA", "dane_mpio": 76001, "municipio": "CALI", "cod_comuna": 19.0, "comuna": "Comuna 19", "cod_barrio": 1913.0, "nom_barrio": "El Cedro", "direccion": "76001 AVENIDA ROOSEVELT 30 64", "sitio": "VIA PUBLICA", "x": -76.538932800289999, "y": 3.43021202087, "anio": 2024, "mes": "septiembre", "dia": 11, "dia_semana": 4, "hora_hecho": "16:00", "barrio": "EL CEDRO", "estrato": 4, "geom": "0101000020E6100000000000E07D2253C00000000013710B40", "fecha_hech": "2024-09-11 00:00:00" }, "geometry": { "type": "Point", "coordinates": [ -76.538932800289999, 3.43021202087 ] } },
{ "type": "Feature", "properties": { "dinamica": "HURTO", "titulo": "DELITOS CONTRA EL PATRIMONIO ECONOMICO", "capitulo": "DEL HURTO", "articulo": "HURTO. ART. 239 C.P.", "grado_deli": "AGRAVADO", "tipo_notic": "DENUNCIA", "caracteriz": "HURTO A ESTABLECIMIENTOS", "modalidad": "FACTOR DE OPORTUNIDAD", "modo": null, "motivo": null, "pais": "COLOMBIA", "dane_dep": 76, "departamen": "VALLE DEL CAUCA", "dane_mpio": 76001, "municipio": "CALI", "cod_comuna": 19.0, "comuna": "Comuna 19", "cod_barrio": 1913.0, "nom_barrio": "El Cedro", "direccion": "76001 CARRERA 34 10, EL CEDRO, CALI, VALLE DEL CAUCA, COL,EL CEDRO", "sitio": "VIA PUBLICA", "x": -76.53810119629, "y": 3.4271929264100001, "anio": 2024, "mes": "septiembre", "dia": 13, "dia_semana": 6, "hora_hecho": "05:00", "barrio": "EL CEDRO", "estrato": 4, "geom": "0101000020E610000000000040702253C000000020E46A0B40", "fecha_hech": "2024-09-13 00:00:00" }, "geometry": { "type": "Point", "coordinates": [ -76.53810119629, 3.42719292641 ] } },
{ "type": "Feature", "properties": { "dinamica": "HURTO", "titulo": "DELITOS CONTRA EL PATRIMONIO ECONOMICO", "capitulo": "DEL HURTO", "articulo": "HURTO CALIFICADO. ART. 240 C.P.", "grado_deli": "NINGUNO", "tipo_notic": "DENUNCIA", "caracteriz": "HURTO DE BICICLETAS", "modalidad": "ATRACO", "modo": "ARMA BLANCA", "motivo": null, "pais": "COLOMBIA", "dane_dep": 76, "departamen": "VALLE DEL CAUCA", "dane_mpio": 76001, "municipio": "CALI", "cod_comuna": 19.0, "comuna": "Comuna 19", "cod_barrio": 1912.0, "nom_barrio": "3 de Julio", "direccion": "76001 CL 10 CON CON KR 26 ESTE CALLE 10 CON CARRERA 26", "sitio": "VIA PUBLICA", "x": -76.539657592769998, "y": 3.434664011, "anio": 2024, "mes": "septiembre", "dia": 13, "dia_semana": 6, "hora_hecho": "05:30", "barrio": null, "estrato": 4, "geom": "0101000020E6100000000000C0892253C000000020317A0B40", "fecha_hech": "2024-09-13 00:00:00" }, "geometry": { "type": "Point", "coordinates": [ -76.539657592769998, 3.434664011 ] } },
{ "type": "Feature", "properties": { "dinamica": "HURTO", "titulo": "DELITOS CONTRA EL PATRIMONIO ECONOMICO", "capitulo": "DEL HURTO", "articulo": "HURTO CALIFICADO. ART. 240 C.P.", "grado_deli": "NINGUNO", "tipo_notic": "DENUNCIA", "caracteriz": "HURTO DE MOTOCICLETAS", "modalidad": "HALADO", "modo": null, "motivo": null, "pais": "COLOMBIA", "dane_dep": 76, "departamen": "VALLE DEL CAUCA", "dane_mpio": 76001, "municipio": "CALI", "cod_comuna": 19.0, "comuna": "Comuna 19", "cod_barrio": 1913.0, "nom_barrio": "El Cedro", "direccion": "76001 CALLE 7 27-79, EL CEDRO, CALI, VALLE DEL CAUCA", "sitio": "VIA PUBLICA", "x": -76.537536621089998, "y": 3.4330270290399998, "anio": 2024, "mes": "septiembre", "dia": 17, "dia_semana": 3, "hora_hecho": "00:00", "barrio": "EL CEDRO", "estrato": 4, "geom": "0101000020E610000000000000672253C0000000E0D6760B40", "fecha_hech": "2024-09-17 00:00:00" }, "geometry": { "type": "Point", "coordinates": [ -76.537536621089998, 3.43302702904 ] } },
{ "type": "Feature", "properties": { "dinamica": "HURTO", "titulo": "DELITOS CONTRA EL PATRIMONIO ECONOMICO", "capitulo": "DEL HURTO", "articulo": "HURTO CALIFICADO. ART. 240 C.P.", "grado_deli": "NINGUNO", "tipo_notic": "DENUNCIA", "caracteriz": "HURTO A PERSONAS", "modalidad": "ATRACO", "modo": "ARMA DE FUEGO", "motivo": null, "pais": "COLOMBIA", "dane_dep": 76, "departamen": "VALLE DEL CAUCA", "dane_mpio": 76001, "municipio": "CALI", "cod_comuna": 19.0, "comuna": "Comuna 19", "cod_barrio": 1913.0, "nom_barrio": "El Cedro", "direccion": "76001 CALLE 9 CON CARRERA 32, EL CEDRO, CALI, VALLE DEL CAUCA", "sitio": "VIA PUBLICA", "x": -76.536918640140001, "y": 3.4278728961899998, "anio": 2024, "mes": "septiembre", "dia": 17, "dia_semana": 3, "hora_hecho": "00:30", "barrio": "EL CEDRO", "estrato": 4, "geom": "0101000020E6100000000000E05C2253C0000000A0486C0B40", "fecha_hech": "2024-09-17 00:00:00" }, "geometry": { "type": "Point", "coordinates": [ -76.536918640140001, 3.42787289619 ] } },
{ "type": "Feature", "properties": { "dinamica": "HURTO", "titulo": "DELITOS CONTRA EL PATRIMONIO ECONOMICO", "capitulo": "DEL HURTO", "articulo": "HURTO CALIFICADO. ART. 240 C.P.", "grado_deli": "NINGUNO", "tipo_notic": "DENUNCIA", "caracteriz": "HURTO DE VEHICULOS", "modalidad": "HALADO", "modo": null, "motivo": null, "pais": "COLOMBIA", "dane_dep": 76, "departamen": "VALLE DEL CAUCA", "dane_mpio": 76001, "municipio": "CALI", "cod_comuna": 19.0, "comuna": "Comuna 19", "cod_barrio": 1913.0, "nom_barrio": "El Cedro", "direccion": "76001 CALLE 7 30A 99", "sitio": "VIA PUBLICA", "x": -76.538261413569998, "y": 3.42908596992, "anio": 2024, "mes": "septiembre", "dia": 17, "dia_semana": 3, "hora_hecho": "10:00", "barrio": "EL CEDRO", "estrato": 4, "geom": "0101000020E6100000000000E0722253C0000000A0C46E0B40", "fecha_hech": "2024-09-17 00:00:00" }, "geometry": { "type": "Point", "coordinates": [ -76.538261413569998, 3.42908596992 ] } },
{ "type": "Feature", "properties": { "dinamica": "HURTO", "titulo": "DELITOS CONTRA EL PATRIMONIO ECONOMICO", "capitulo": "DEL HURTO", "articulo": "HURTO CALIFICADO. ART. 240 C.P.", "grado_deli": "NINGUNO", "tipo_notic": "DENUNCIA", "caracteriz": "HURTO A PERSONAS", "modalidad": "ATRACO", "modo": "ARMA DE FUEGO", "motivo": null, "pais": "COLOMBIA", "dane_dep": 76, "departamen": "VALLE DEL CAUCA", "dane_mpio": 76001, "municipio": "CALI", "cod_comuna": 19.0, "comuna": "Comuna 19", "cod_barrio": 1913.0, "nom_barrio": "El Cedro", "direccion": "76001 Carrera 26 6 57, Santiago De Cali, Cali, Valle Del Cauca, COL,EL CEDRO", "sitio": "SIN INFORMACION", "x": -76.538024902339998, "y": 3.43456697464, "anio": 2024, "mes": "septiembre", "dia": 19, "dia_semana": 5, "hora_hecho": "11:30", "barrio": "EL CEDRO", "estrato": 4, "geom": "0101000020E6100000000000006F2253C000000040FE790B40", "fecha_hech": "2024-09-19 00:00:00" }, "geometry": { "type": "Point", "coordinates": [ -76.538024902339998, 3.43456697464 ] } },
{ "type": "Feature", "properties": { "dinamica": "HURTO", "titulo": "DELITOS CONTRA EL PATRIMONIO ECONOMICO", "capitulo": "DEL HURTO", "articulo": "HURTO CALIFICADO. ART. 240 C.P.", "grado_deli": "NINGUNO", "tipo_notic": "DENUNCIA", "caracteriz": "HURTO DE MOTOCICLETAS", "modalidad": "HALADO", "modo": null, "motivo": null, "pais": "COLOMBIA", "dane_dep": 76, "departamen": "VALLE DEL CAUCA", "dane_mpio": 76001, "municipio": "CALI", "cod_comuna": 19.0, "comuna": "Comuna 19", "cod_barrio": 1913.0, "nom_barrio": "El Cedro", "direccion": "76001 CALLE 6 DIAGONAL 31 67", "sitio": "VIA PUBLICA", "x": -76.538970947270002, "y": 3.4287190437300001, "anio": 2024, "mes": "septiembre", "dia": 20, "dia_semana": 6, "hora_hecho": "21:30", "barrio": "EL CEDRO", "estrato": 4, "geom": "0101000020E6100000000000807E2253C000000040046E0B40", "fecha_hech": "2024-09-20 00:00:00" }, "geometry": { "type": "Point", "coordinates": [ -76.538970947270002, 3.42871904373 ] } },
{ "type": "Feature", "properties": { "dinamica": "HURTO", "titulo": "DELITOS CONTRA EL PATRIMONIO ECONOMICO", "capitulo": "DEL HURTO", "articulo": "HURTO CALIFICADO. ART. 240 C.P.", "grado_deli": "NINGUNO", "tipo_notic": "DENUNCIA", "caracteriz": "HURTO DE AUTOPARTES", "modalidad": "VIOLACION DE CERRADURA", "modo": null, "motivo": null, "pais": "COLOMBIA", "dane_dep": 76, "departamen": "VALLE DEL CAUCA", "dane_mpio": 76001, "municipio": "CALI", "cod_comuna": 19.0, "comuna": "Comuna 19", "cod_barrio": 1905.0, "nom_barrio": "Eucaristico", "direccion": "76001 CARRERA 36ABIS, BARRIO EUCARISTICO, CALI, VALLE DEL CAUCA", "sitio": "PARQUEADERO", "x": -76.540168762210001, "y": 3.4252169132199999, "anio": 2024, "mes": "septiembre", "dia": 22, "dia_semana": 1, "hora_hecho": "03:24", "barrio": "BARRIO EUCARÍSTICO", "estrato": 4, "geom": "0101000020E610000000000020922253C000000020D8660B40", "fecha_hech": "2024-09-22 00:00:00" }, "geometry": { "type": "Point", "coordinates": [ -76.540168762210001, 3.42521691322 ] } },
{ "type": "Feature", "properties": { "dinamica": "HURTO", "titulo": "DELITOS CONTRA EL PATRIMONIO ECONOMICO", "capitulo": "DEL HURTO", "articulo": "HURTO CALIFICADO. ART. 240 C.P.", "grado_deli": "NINGUNO", "tipo_notic": "DENUNCIA", "caracteriz": "HURTO DE MOTOCICLETAS", "modalidad": "ATRACO", "modo": "ARMA DE FUEGO", "motivo": null, "pais": "COLOMBIA", "dane_dep": 76, "departamen": "VALLE DEL CAUCA", "dane_mpio": 76001, "municipio": "CALI", "cod_comuna": 19.0, "comuna": "Comuna 19", "cod_barrio": 1913.0, "nom_barrio": "El Cedro", "direccion": "76001 CARRERA 24 CON CALLE 7, EL CEDRO, CALI, VALLE DEL CAUCA", "sitio": "VIA PUBLICA", "x": -76.537254333500002, "y": 3.4364850521100001, "anio": 2024, "mes": "septiembre", "dia": 25, "dia_semana": 4, "hora_hecho": "05:24", "barrio": "EL CEDRO", "estrato": 4, "geom": "0101000020E610000000000060622253C0000000E0EB7D0B40", "fecha_hech": "2024-09-25 00:00:00" }, "geometry": { "type": "Point", "coordinates": [ -76.537254333500002, 3.43648505211 ] } },
{ "type": "Feature", "properties": { "dinamica": "HURTO", "titulo": "DELITOS CONTRA EL PATRIMONIO ECONOMICO", "capitulo": "DEL HURTO", "articulo": "HURTO. ART. 239 C.P.", "grado_deli": "NINGUNO", "tipo_notic": "ACTOS URGENTES", "caracteriz": "HURTO A PERSONAS", "modalidad": "ATRACO", "modo": "SIN ARMA", "motivo": null, "pais": "COLOMBIA", "dane_dep": 76, "departamen": "VALLE DEL CAUCA", "dane_mpio": 76001, "municipio": "CALI", "cod_comuna": 19.0, "comuna": "Comuna 19", "cod_barrio": 1905.0, "nom_barrio": "Eucaristico", "direccion": "76001 CARRERA 36ABIS 7A 1", "sitio": "VIA PUBLICA", "x": -76.538970947270002, "y": 3.4252870082900002, "anio": 2024, "mes": "septiembre", "dia": 30, "dia_semana": 2, "hora_hecho": "13:20", "barrio": "BARRIO EUCARÍSTICO", "estrato": 4, "geom": "0101000020E6100000000000807E2253C0000000E0FC660B40", "fecha_hech": "2024-09-30 00:00:00" }, "geometry": { "type": "Point", "coordinates": [ -76.538970947270002, 3.42528700829 ] } },
{ "type": "Feature", "properties": { "dinamica": "HURTO", "titulo": "DELITOS CONTRA EL PATRIMONIO ECONOMICO", "capitulo": "DEL HURTO", "articulo": "HURTO. ART. 239 C.P.", "grado_deli": "AGRAVADO", "tipo_notic": "DENUNCIA", "caracteriz": "HURTO A PERSONAS", "modalidad": "VIOLACION DE CERRADURA", "modo": null, "motivo": null, "pais": "COLOMBIA", "dane_dep": 76, "departamen": "VALLE DEL CAUCA", "dane_mpio": 76001, "municipio": "CALI", "cod_comuna": 19.0, "comuna": "Comuna 19", "cod_barrio": 1913.0, "nom_barrio": "El Cedro", "direccion": "76001 CALLE 7 26-149, EL CEDRO, CALI, VALLE DEL CAUCA", "sitio": "ESTABLECIMIENTO DE COMERCIO", "x": -76.537506103520002, "y": 3.4342410564399999, "anio": 2024, "mes": "septiembre", "dia": 30, "dia_semana": 2, "hora_hecho": "20:30", "barrio": "EL CEDRO", "estrato": 4, "geom": "0101000020E610000000000080662253C00000006053790B40", "fecha_hech": "2024-09-30 00:00:00" }, "geometry": { "type": "Point", "coordinates": [ -76.537506103520002, 3.43424105644 ] } },
{ "type": "Feature", "properties": { "dinamica": "HURTO", "titulo": "DELITOS CONTRA EL PATRIMONIO ECONOMICO", "capitulo": "DEL HURTO", "articulo": "HURTO CALIFICADO. ART. 240 C.P.", "grado_deli": "AGRAVADO", "tipo_notic": "DENUNCIA", "caracteriz": "HURTO A PERSONAS", "modalidad": "ATRACO", "modo": "ARMA DE FUEGO", "motivo": null, "pais": "COLOMBIA", "dane_dep": 76, "departamen": "VALLE DEL CAUCA", "dane_mpio": 76001, "municipio": "CALI", "cod_comuna": 19.0, "comuna": "Comuna 19", "cod_barrio": 1912.0, "nom_barrio": "3 de Julio", "direccion": "76001 CERC ROOSEVELT", "sitio": "VIA PUBLICA", "x": -76.53889465332, "y": 3.4349410533900002, "anio": 2024, "mes": "octubre", "dia": 1, "dia_semana": 3, "hora_hecho": "15:20", "barrio": "3 DE JULIO", "estrato": 4, "geom": "0101000020E6100000000000407D2253C000000060C27A0B40", "fecha_hech": "2024-10-01 00:00:00" }, "geometry": { "type": "Point", "coordinates": [ -76.53889465332, 3.43494105339 ] } },
{ "type": "Feature", "properties": { "dinamica": "HURTO", "titulo": "DELITOS CONTRA EL PATRIMONIO ECONOMICO", "capitulo": "DEL HURTO", "articulo": "HURTO CALIFICADO. ART. 240 C.P.", "grado_deli": "AGRAVADO", "tipo_notic": "DENUNCIA", "caracteriz": "HURTO A PERSONAS", "modalidad": "ATRACO", "modo": "SUSTANCIA TÓXICA", "motivo": null, "pais": "COLOMBIA", "dane_dep": 76, "departamen": "VALLE DEL CAUCA", "dane_mpio": 76001, "municipio": "CALI", "cod_comuna": 19.0, "comuna": "Comuna 19", "cod_barrio": 1913.0, "nom_barrio": "El Cedro", "direccion": "76001 CALLE 6 CON CARRERA 28, 3 DE JULIO, CALI, VALLE DEL CAUCA", "sitio": "ESTABLECIMIENTO DE COMERCIO", "x": -76.538864135739999, "y": 3.4325289726300001, "anio": 2024, "mes": "octubre", "dia": 3, "dia_semana": 5, "hora_hecho": "04:00", "barrio": "EL CEDRO", "estrato": 4, "geom": "0101000020E6100000000000C07C2253C0000000C0D1750B40", "fecha_hech": "2024-10-03 00:00:00" }, "geometry": { "type": "Point", "coordinates": [ -76.538864135739999, 3.43252897263 ] } },
{ "type": "Feature", "properties": { "dinamica": "HURTO", "titulo": "DELITOS CONTRA EL PATRIMONIO ECONOMICO", "capitulo": "DEL HURTO", "articulo": "HURTO CALIFICADO. ART. 240 C.P.", "grado_deli": "NINGUNO", "tipo_notic": "DENUNCIA", "caracteriz": "HURTO A ESTABLECIMIENTOS", "modalidad": "FACTOR DE OPORTUNIDAD", "modo": null, "motivo": null, "pais": "COLOMBIA", "dane_dep": 76, "departamen": "VALLE DEL CAUCA", "dane_mpio": 76001, "municipio": "CALI", "cod_comuna": 19.0, "comuna": "Comuna 19", "cod_barrio": 1913.0, "nom_barrio": "El Cedro", "direccion": "76001 CALLE 6 31 32, SANTIAGO DE CALI, CALI, VALLE DEL CAUCA", "sitio": "OTRO", "x": -76.538818359380002, "y": 3.4288339614900001, "anio": 2024, "mes": "octubre", "dia": 5, "dia_semana": 7, "hora_hecho": "06:00", "barrio": "EL CEDRO", "estrato": 4, "geom": "0101000020E6100000000000007C2253C000000080406E0B40", "fecha_hech": "2024-10-05 00:00:00" }, "geometry": { "type": "Point", "coordinates": [ -76.538818359380002, 3.42883396149 ] } },
{ "type": "Feature", "properties": { "dinamica": "HURTO", "titulo": "DELITOS CONTRA EL PATRIMONIO ECONOMICO", "capitulo": "DEL HURTO", "articulo": "HURTO. ART. 239 C.P.", "grado_deli": "AGRAVADO", "tipo_notic": "DENUNCIA", "caracteriz": "HURTO A PERSONAS", "modalidad": "FACTOR DE OPORTUNIDAD", "modo": null, "motivo": null, "pais": "COLOMBIA", "dane_dep": 76, "departamen": "VALLE DEL CAUCA", "dane_mpio": 76001, "municipio": "CALI", "cod_comuna": 19.0, "comuna": "Comuna 19", "cod_barrio": 1906.0, "nom_barrio": "San Fernando Nuevo", "direccion": "76001 Coliseo Evangelista Mora, Calle 5B3, San Fernando Nuevo, Cali, Valle del Cauca, COL,SAN FERNANDO NUEVO", "sitio": "SIN INFORMACION", "x": -76.540199279790002, "y": 3.42830991745, "anio": 2024, "mes": "octubre", "dia": 7, "dia_semana": 2, "hora_hecho": "01:00", "barrio": "SAN FERNANDO NUEVO", "estrato": 4, "geom": "0101000020E6100000000000A0922253C0000000C02D6D0B40", "fecha_hech": "2024-10-07 00:00:00" }, "geometry": { "type": "Point", "coordinates": [ -76.540199279790002, 3.42830991745 ] } },
{ "type": "Feature", "properties": { "dinamica": "HURTO", "titulo": "DELITOS CONTRA EL PATRIMONIO ECONOMICO", "capitulo": "DEL HURTO", "articulo": "HURTO CALIFICADO. ART. 240 C.P.", "grado_deli": "NINGUNO", "tipo_notic": "DENUNCIA", "caracteriz": "HURTO DE MOTOCICLETAS", "modalidad": "ATRACO", "modo": "ARMA DE FUEGO", "motivo": null, "pais": "COLOMBIA", "dane_dep": 76, "departamen": "VALLE DEL CAUCA", "dane_mpio": 76001, "municipio": "CALI", "cod_comuna": 19.0, "comuna": "Comuna 19", "cod_barrio": 1913.0, "nom_barrio": "El Cedro", "direccion": "76001 AVENIDA ROOSEVELT 24 22", "sitio": "VIA PUBLICA", "x": -76.538627624509999, "y": 3.4367759227799999, "anio": 2024, "mes": "octubre", "dia": 7, "dia_semana": 2, "hora_hecho": "19:45", "barrio": "EL CEDRO", "estrato": 4, "geom": "0101000020E6100000000000E0782253C000000060847E0B40", "fecha_hech": "2024-10-07 00:00:00" }, "geometry": { "type": "Point", "coordinates": [ -76.538627624509999, 3.43677592278 ] } },
{ "type": "Feature", "properties": { "dinamica": "HURTO", "titulo": "DELITOS CONTRA EL PATRIMONIO ECONOMICO", "capitulo": "DEL HURTO", "articulo": "HURTO CALIFICADO. ART. 240 C.P.", "grado_deli": "NINGUNO", "tipo_notic": "DENUNCIA", "caracteriz": "HURTO A PERSONAS", "modalidad": "ATRACO", "modo": "ARMA DE FUEGO", "motivo": null, "pais": "COLOMBIA", "dane_dep": 76, "departamen": "VALLE DEL CAUCA", "dane_mpio": 76001, "municipio": "CALI", "cod_comuna": 19.0, "comuna": "Comuna 19", "cod_barrio": 1905.0, "nom_barrio": "Eucaristico", "direccion": "76001 CARRERA 37 8-56, BARRIO EUCARISTICO, CALI, VALLE DEL CAUCA", "sitio": "ESTABLECIMIENTO DE COMERCIO", "x": -76.540771484380002, "y": 3.4252390861499999, "anio": 2024, "mes": "octubre", "dia": 8, "dia_semana": 3, "hora_hecho": "13:10", "barrio": "BARRIO EUCARÍSTICO", "estrato": 4, "geom": "0101000020E6100000000000009C2253C0000000C0E3660B40", "fecha_hech": "2024-10-08 00:00:00" }, "geometry": { "type": "Point", "coordinates": [ -76.540771484380002, 3.42523908615 ] } },
{ "type": "Feature", "properties": { "dinamica": "HURTO", "titulo": "DELITOS CONTRA EL PATRIMONIO ECONOMICO", "capitulo": "DEL HURTO", "articulo": "HURTO CALIFICADO. ART. 240 C.P.", "grado_deli": "NINGUNO", "tipo_notic": "DENUNCIA", "caracteriz": "HURTO DE BICICLETAS", "modalidad": "HALADO", "modo": null, "motivo": null, "pais": "COLOMBIA", "dane_dep": 76, "departamen": "VALLE DEL CAUCA", "dane_mpio": 76001, "municipio": "CALI", "cod_comuna": 19.0, "comuna": "Comuna 19", "cod_barrio": 1913.0, "nom_barrio": "El Cedro", "direccion": "76001 Centro Comercial Centrosur Plaza, Carrera 34, El Cedro, Cali, Valle del Cauca, COL,EL CEDRO", "sitio": "SIN INFORMACION", "x": -76.537712097170001, "y": 3.4270119667099999, "anio": 2024, "mes": "octubre", "dia": 8, "dia_semana": 3, "hora_hecho": "15:00", "barrio": "EL CEDRO", "estrato": 4, "geom": "0101000020E6100000000000E0692253C000000040856A0B40", "fecha_hech": "2024-10-08 00:00:00" }, "geometry": { "type": "Point", "coordinates": [ -76.537712097170001, 3.42701196671 ] } },
{ "type": "Feature", "properties": { "dinamica": "HURTO", "titulo": "DELITOS CONTRA EL PATRIMONIO ECONOMICO", "capitulo": "DEL HURTO", "articulo": "HURTO. ART. 239 C.P.", "grado_deli": "NINGUNO", "tipo_notic": "DENUNCIA", "caracteriz": "HURTO A PERSONAS", "modalidad": "FACTOR DE OPORTUNIDAD", "modo": null, "motivo": null, "pais": "COLOMBIA", "dane_dep": 76, "departamen": "VALLE DEL CAUCA", "dane_mpio": 76001, "municipio": "CALI", "cod_comuna": 19.0, "comuna": "Comuna 19", "cod_barrio": 1906.0, "nom_barrio": "San Fernando Nuevo", "direccion": "76001 CL 5 B4 SUR CON CON KR 34 OCCIDENTE", "sitio": "SIN INFORMACION", "x": -76.539825439449999, "y": 3.4285879135099999, "anio": 2024, "mes": "octubre", "dia": 15, "dia_semana": 3, "hora_hecho": "15:30", "barrio": null, "estrato": 4, "geom": "0101000020E6100000000000808C2253C000000080BF6D0B40", "fecha_hech": "2024-10-15 00:00:00" }, "geometry": { "type": "Point", "coordinates": [ -76.539825439449999, 3.42858791351 ] } },
{ "type": "Feature", "properties": { "dinamica": "HURTO", "titulo": "DELITOS CONTRA EL PATRIMONIO ECONOMICO", "capitulo": "DEL HURTO", "articulo": "HURTO CALIFICADO. ART. 240 C.P.", "grado_deli": "AGRAVADO", "tipo_notic": "DENUNCIA", "caracteriz": "HURTO A RESIDENCIA", "modalidad": "VIOLACION DE CERRADURA", "modo": null, "motivo": null, "pais": "COLOMBIA", "dane_dep": 76, "departamen": "VALLE DEL CAUCA", "dane_mpio": 76001, "municipio": "CALI", "cod_comuna": 19.0, "comuna": "Comuna 19", "cod_barrio": 1905.0, "nom_barrio": "Eucaristico", "direccion": "76001 CALLE 8 50D, BARRIO EUCARISTICO, CALI, VALLE DEL CAUCA", "sitio": "DOMICILIO", "x": -76.538124084469999, "y": 3.4269990921, "anio": 2024, "mes": "octubre", "dia": 17, "dia_semana": 5, "hora_hecho": "16:00", "barrio": "BARRIO EUCARÍSTICO", "estrato": 4, "geom": "0101000020E6100000000000A0702253C0000000807E6A0B40", "fecha_hech": "2024-10-17 00:00:00" }, "geometry": { "type": "Point", "coordinates": [ -76.538124084469999, 3.4269990921 ] } },
{ "type": "Feature", "properties": { "dinamica": "HURTO", "titulo": "DELITOS CONTRA EL PATRIMONIO ECONOMICO", "capitulo": "DEL HURTO", "articulo": "HURTO. ART. 239 C.P.", "grado_deli": "NINGUNO", "tipo_notic": "QUERELLA", "caracteriz": "HURTO A PERSONAS", "modalidad": "COSQUILLEO", "modo": null, "motivo": null, "pais": "COLOMBIA", "dane_dep": 76, "departamen": "VALLE DEL CAUCA", "dane_mpio": 76001, "municipio": "CALI", "cod_comuna": 19.0, "comuna": "Comuna 19", "cod_barrio": 1905.0, "nom_barrio": "Eucaristico", "direccion": "76001 Calle 6 34 05, Santiago De Cali, Cali, Valle Del Cauca, COL,BARRIO EUCARÍSTICO", "sitio": "SIN INFORMACION", "x": -76.539001464839998, "y": 3.4278690815, "anio": 2024, "mes": "octubre", "dia": 17, "dia_semana": 5, "hora_hecho": "22:20", "barrio": "BARRIO EUCARÍSTICO", "estrato": 4, "geom": "0101000020E6100000000000007F2253C0000000A0466C0B40", "fecha_hech": "2024-10-17 00:00:00" }, "geometry": { "type": "Point", "coordinates": [ -76.539001464839998, 3.4278690815 ] } },
{ "type": "Feature", "properties": { "dinamica": "HURTO", "titulo": "DELITOS CONTRA EL PATRIMONIO ECONOMICO", "capitulo": "DEL HURTO", "articulo": "HURTO CALIFICADO. ART. 240 C.P.", "grado_deli": "NINGUNO", "tipo_notic": "DENUNCIA", "caracteriz": "HURTO A PERSONAS", "modalidad": "ATRACO", "modo": "ARMA BLANCA", "motivo": null, "pais": "COLOMBIA", "dane_dep": 76, "departamen": "VALLE DEL CAUCA", "dane_mpio": 76001, "municipio": "CALI", "cod_comuna": 19.0, "comuna": "Comuna 19", "cod_barrio": 1913.0, "nom_barrio": "El Cedro", "direccion": "76001 KR 34 OCCIDENTE CON CL 6 SUR", "sitio": "SIN INFORMACION", "x": -76.539016723629999, "y": 3.4282751083399998, "anio": 2024, "mes": "octubre", "dia": 19, "dia_semana": 7, "hora_hecho": "04:30", "barrio": null, "estrato": 4, "geom": "0101000020E6100000000000407F2253C0000000801B6D0B40", "fecha_hech": "2024-10-19 00:00:00" }, "geometry": { "type": "Point", "coordinates": [ -76.539016723629999, 3.42827510834 ] } },
{ "type": "Feature", "properties": { "dinamica": "HURTO", "titulo": "DELITOS CONTRA EL PATRIMONIO ECONOMICO", "capitulo": "DEL HURTO", "articulo": "HURTO CALIFICADO. ART. 240 C.P.", "grado_deli": "NINGUNO", "tipo_notic": "DENUNCIA", "caracteriz": "HURTO DE MOTOCICLETAS", "modalidad": "HALADO", "modo": null, "motivo": null, "pais": "COLOMBIA", "dane_dep": 76, "departamen": "VALLE DEL CAUCA", "dane_mpio": 76001, "municipio": "CALI", "cod_comuna": 19.0, "comuna": "Comuna 19", "cod_barrio": 1913.0, "nom_barrio": "El Cedro", "direccion": "76001 Calle 6 25 35, Santiago De Cali, Cali, Valle Del Cauca, COL,EL CEDRO", "sitio": "SIN INFORMACION", "x": -76.538536071780001, "y": 3.4348149299599999, "anio": 2024, "mes": "octubre", "dia": 19, "dia_semana": 7, "hora_hecho": "19:01", "barrio": "EL CEDRO", "estrato": 4, "geom": "0101000020E610000000000060772253C000000040807A0B40", "fecha_hech": "2024-10-19 00:00:00" }, "geometry": { "type": "Point", "coordinates": [ -76.538536071780001, 3.43481492996 ] } },
{ "type": "Feature", "properties": { "dinamica": "HURTO", "titulo": "DELITOS CONTRA EL PATRIMONIO ECONOMICO", "capitulo": "DEL HURTO", "articulo": "HURTO CALIFICADO. ART. 240 C.P.", "grado_deli": "NINGUNO", "tipo_notic": "DENUNCIA", "caracteriz": "HURTO A PERSONAS", "modalidad": "FLETEO", "modo": null, "motivo": null, "pais": "COLOMBIA", "dane_dep": 76, "departamen": "VALLE DEL CAUCA", "dane_mpio": 76001, "municipio": "CALI", "cod_comuna": 19.0, "comuna": "Comuna 19", "cod_barrio": 1913.0, "nom_barrio": "El Cedro", "direccion": "76001 CALLE 6 CON CARRERA 34, 3 DE JULIO, CALI, VALLE DEL CAUCA", "sitio": "VEHICULO TAXI", "x": -76.539039611820002, "y": 3.4283289909399999, "anio": 2024, "mes": "octubre", "dia": 21, "dia_semana": 2, "hora_hecho": "05:58", "barrio": "EL CEDRO", "estrato": 4, "geom": "0101000020E6100000000000A07F2253C0000000C0376D0B40", "fecha_hech": "2024-10-21 00:00:00" }, "geometry": { "type": "Point", "coordinates": [ -76.539039611820002, 3.42832899094 ] } },
{ "type": "Feature", "properties": { "dinamica": "HURTO", "titulo": "DELITOS CONTRA EL PATRIMONIO ECONOMICO", "capitulo": "DEL HURTO", "articulo": "HURTO. ART. 239 C.P.", "grado_deli": "TENTATIVA", "tipo_notic": "ACTOS URGENTES", "caracteriz": "HURTO A ESTABLECIMIENTOS", "modalidad": "FACTOR DE OPORTUNIDAD", "modo": null, "motivo": null, "pais": "COLOMBIA", "dane_dep": 76, "departamen": "VALLE DEL CAUCA", "dane_mpio": 76001, "municipio": "CALI", "cod_comuna": 19.0, "comuna": "Comuna 19", "cod_barrio": 1912.0, "nom_barrio": "3 de Julio", "direccion": "76001 CALLE 5 38, SAN FERNANDO VIEJO, CALI, VALLE DEL CAUCA", "sitio": "ESTABLECIMIENTO DE COMERCIO", "x": -76.540298461909998, "y": 3.4355220794700001, "anio": 2024, "mes": "octubre", "dia": 24, "dia_semana": 5, "hora_hecho": "11:20", "barrio": "3 DE JULIO", "estrato": 4, "geom": "0101000020E610000000000040942253C000000000F37B0B40", "fecha_hech": "2024-10-24 00:00:00" }, "geometry": { "type": "Point", "coordinates": [ -76.540298461909998, 3.43552207947 ] } },
{ "type": "Feature", "properties": { "dinamica": "HURTO", "titulo": "DELITOS CONTRA EL PATRIMONIO ECONOMICO", "capitulo": "DEL HURTO", "articulo": "HURTO CALIFICADO. ART. 240 C.P.", "grado_deli": "NINGUNO", "tipo_notic": "DENUNCIA", "caracteriz": "HURTO A RESIDENCIA", "modalidad": "VIOLACION DE CERRADURA", "modo": null, "motivo": null, "pais": "COLOMBIA", "dane_dep": 76, "departamen": "VALLE DEL CAUCA", "dane_mpio": 76001, "municipio": "CALI", "cod_comuna": 19.0, "comuna": "Comuna 19", "cod_barrio": 1913.0, "nom_barrio": "El Cedro", "direccion": "76001 CARRERA 28 6 62, SANTIAGO DE CALI, CALI, VALLE DEL CAUCA", "sitio": "DOMICILIO", "x": -76.53798675537, "y": 3.43229603767, "anio": 2024, "mes": "octubre", "dia": 24, "dia_semana": 5, "hora_hecho": "11:30", "barrio": "EL CEDRO", "estrato": 4, "geom": "0101000020E6100000000000606E2253C0000000A057750B40", "fecha_hech": "2024-10-24 00:00:00" }, "geometry": { "type": "Point", "coordinates": [ -76.53798675537, 3.43229603767 ] } },
{ "type": "Feature", "properties": { "dinamica": "HURTO", "titulo": "DELITOS CONTRA EL PATRIMONIO ECONOMICO", "capitulo": "DEL HURTO", "articulo": "HURTO. ART. 239 C.P.", "grado_deli": "NINGUNO", "tipo_notic": "DENUNCIA", "caracteriz": "HURTO A PERSONAS", "modalidad": "COSQUILLEO", "modo": null, "motivo": null, "pais": "COLOMBIA", "dane_dep": 76, "departamen": "VALLE DEL CAUCA", "dane_mpio": 76001, "municipio": "CALI", "cod_comuna": 19.0, "comuna": "Comuna 19", "cod_barrio": 1913.0, "nom_barrio": "El Cedro", "direccion": "76001 CARRERA 25 6 6", "sitio": "TRANSPORTE MASIVO", "x": -76.538627624509999, "y": 3.4352049827600002, "anio": 2024, "mes": "octubre", "dia": 25, "dia_semana": 6, "hora_hecho": "09:29", "barrio": "EL CEDRO", "estrato": 4, "geom": "0101000020E6100000000000E0782253C0000000C04C7B0B40", "fecha_hech": "2024-10-25 00:00:00" }, "geometry": { "type": "Point", "coordinates": [ -76.538627624509999, 3.43520498276 ] } },
{ "type": "Feature", "properties": { "dinamica": "HURTO", "titulo": "DELITOS CONTRA EL PATRIMONIO ECONOMICO", "capitulo": "DEL HURTO", "articulo": "HURTO CALIFICADO. ART. 240 C.P.", "grado_deli": "AGRAVADO", "tipo_notic": "DENUNCIA", "caracteriz": "HURTO A PERSONAS", "modalidad": "ATRACO", "modo": "ARMA BLANCA", "motivo": null, "pais": "COLOMBIA", "dane_dep": 76, "departamen": "VALLE DEL CAUCA", "dane_mpio": 76001, "municipio": "CALI", "cod_comuna": 19.0, "comuna": "Comuna 19", "cod_barrio": 1913.0, "nom_barrio": "El Cedro", "direccion": "76001 CALLE 6 CON CARRERA 34, 3 DE JULIO, CALI, VALLE DEL CAUCA", "sitio": "ESTACION TRANSPORTE MASIVO", "x": -76.539039611820002, "y": 3.4283289909399999, "anio": 2024, "mes": "octubre", "dia": 25, "dia_semana": 6, "hora_hecho": "20:00", "barrio": "EL CEDRO", "estrato": 4, "geom": "0101000020E6100000000000A07F2253C0000000C0376D0B40", "fecha_hech": "2024-10-25 00:00:00" }, "geometry": { "type": "Point", "coordinates": [ -76.539039611820002, 3.42832899094 ] } },
{ "type": "Feature", "properties": { "dinamica": "HURTO", "titulo": "DELITOS CONTRA EL PATRIMONIO ECONOMICO", "capitulo": "DEL HURTO", "articulo": "HURTO CALIFICADO. ART. 240 C.P.", "grado_deli": "NINGUNO", "tipo_notic": "DENUNCIA", "caracteriz": "HURTO A RESIDENCIA", "modalidad": "FACTOR DE OPORTUNIDAD", "modo": null, "motivo": null, "pais": "COLOMBIA", "dane_dep": 76, "departamen": "VALLE DEL CAUCA", "dane_mpio": 76001, "municipio": "CALI", "cod_comuna": 19.0, "comuna": "Comuna 19", "cod_barrio": 1913.0, "nom_barrio": "El Cedro", "direccion": "76001 AVENIDA ROOSEVELT 24 13", "sitio": "DOMICILIO", "x": -76.538513183589998, "y": 3.43636989594, "anio": 2024, "mes": "octubre", "dia": 27, "dia_semana": 1, "hora_hecho": "04:30", "barrio": "EL CEDRO", "estrato": 4, "geom": "0101000020E610000000000000772253C000000080AF7D0B40", "fecha_hech": "2024-10-27 00:00:00" }, "geometry": { "type": "Point", "coordinates": [ -76.538513183589998, 3.43636989594 ] } },
{ "type": "Feature", "properties": { "dinamica": "HURTO", "titulo": "DELITOS CONTRA EL PATRIMONIO ECONOMICO", "capitulo": "DEL HURTO", "articulo": "HURTO CALIFICADO. ART. 240 C.P.", "grado_deli": "NINGUNO", "tipo_notic": "DENUNCIA", "caracteriz": "HURTO A PERSONAS", "modalidad": "FACTOR DE OPORTUNIDAD", "modo": null, "motivo": null, "pais": "COLOMBIA", "dane_dep": 76, "departamen": "VALLE DEL CAUCA", "dane_mpio": 76001, "municipio": "CALI", "cod_comuna": 19.0, "comuna": "Comuna 19", "cod_barrio": 1905.0, "nom_barrio": "Eucaristico", "direccion": "76001 Carrera 36 6, San Fernando Nuevo, Cali, Valle del Cauca, COL,BARRIO EUCARÍSTICO", "sitio": "SIN INFORMACION", "x": -76.539756774899999, "y": 3.4267699718500002, "anio": 2024, "mes": "octubre", "dia": 29, "dia_semana": 3, "hora_hecho": "01:10", "barrio": "BARRIO EUCARÍSTICO", "estrato": 4, "geom": "0101000020E6100000000000608B2253C000000060066A0B40", "fecha_hech": "2024-10-29 00:00:00" }, "geometry": { "type": "Point", "coordinates": [ -76.539756774899999, 3.42676997185 ] } },
{ "type": "Feature", "properties": { "dinamica": "HURTO", "titulo": "DELITOS CONTRA EL PATRIMONIO ECONOMICO", "capitulo": "DEL HURTO", "articulo": "HURTO. ART. 239 C.P.", "grado_deli": "NINGUNO", "tipo_notic": "DENUNCIA", "caracteriz": "HURTO A ESTABLECIMIENTOS", "modalidad": "ENGAÑO", "modo": null, "motivo": null, "pais": "COLOMBIA", "dane_dep": 76, "departamen": "VALLE DEL CAUCA", "dane_mpio": 76001, "municipio": "CALI", "cod_comuna": 19.0, "comuna": "Comuna 19", "cod_barrio": 1912.0, "nom_barrio": "3 de Julio", "direccion": "76001 CARRERA 26 8-20, 3 DE JULIO, CALI, VALLE DEL CAUCA, COL,3 DE JULIO", "sitio": "VIA PUBLICA", "x": -76.538871765140001, "y": 3.4344220161400001, "anio": 2024, "mes": "octubre", "dia": 30, "dia_semana": 4, "hora_hecho": "17:44", "barrio": "3 DE JULIO", "estrato": 4, "geom": "0101000020E6100000000000E07C2253C000000040B2790B40", "fecha_hech": "2024-10-30 00:00:00" }, "geometry": { "type": "Point", "coordinates": [ -76.538871765140001, 3.43442201614 ] } },
{ "type": "Feature", "properties": { "dinamica": "HURTO", "titulo": "DELITOS CONTRA EL PATRIMONIO ECONOMICO", "capitulo": "DEL HURTO", "articulo": "HURTO. ART. 239 C.P.", "grado_deli": "NINGUNO", "tipo_notic": "QUERELLA", "caracteriz": "HURTO A PERSONAS", "modalidad": "COSQUILLEO", "modo": null, "motivo": null, "pais": "COLOMBIA", "dane_dep": 76, "departamen": "VALLE DEL CAUCA", "dane_mpio": 76001, "municipio": "CALI", "cod_comuna": 19.0, "comuna": "Comuna 19", "cod_barrio": 1913.0, "nom_barrio": "El Cedro", "direccion": "76001 Calle 9 32a 16, Santiago De Cali, Cali, Valle Del Cauca, COL,EL CEDRO", "sitio": "SIN INFORMACION", "x": -76.53759765625, "y": 3.42698097229, "anio": 2024, "mes": "noviembre", "dia": 2, "dia_semana": 7, "hora_hecho": "15:01", "barrio": "EL CEDRO", "estrato": 4, "geom": "0101000020E610000000000000682253C000000000756A0B40", "fecha_hech": "2024-11-02 00:00:00" }, "geometry": { "type": "Point", "coordinates": [ -76.53759765625, 3.42698097229 ] } },
{ "type": "Feature", "properties": { "dinamica": "HURTO", "titulo": "DELITOS CONTRA EL PATRIMONIO ECONOMICO", "capitulo": "DEL HURTO", "articulo": "HURTO CALIFICADO. ART. 240 C.P.", "grado_deli": "NINGUNO", "tipo_notic": "DENUNCIA", "caracteriz": "HURTO A PERSONAS", "modalidad": "ROMPIMIENTO DE VIDRIO", "modo": null, "motivo": null, "pais": "COLOMBIA", "dane_dep": 76, "departamen": "VALLE DEL CAUCA", "dane_mpio": 76001, "municipio": "CALI", "cod_comuna": 19.0, "comuna": "Comuna 19", "cod_barrio": 1905.0, "nom_barrio": "Eucaristico", "direccion": "76001 CALLE 6 36, SAN FERNANDO NUEVO, CALI, VALLE DEL CAUCA", "sitio": "VIA PUBLICA", "x": -76.539817810060001, "y": 3.42674994469, "anio": 2024, "mes": "noviembre", "dia": 5, "dia_semana": 3, "hora_hecho": "02:20", "barrio": "BARRIO EUCARÍSTICO", "estrato": 4, "geom": "0101000020E6100000000000608C2253C0000000E0FB690B40", "fecha_hech": "2024-11-05 00:00:00" }, "geometry": { "type": "Point", "coordinates": [ -76.539817810060001, 3.42674994469 ] } },
{ "type": "Feature", "properties": { "dinamica": "HURTO", "titulo": "DELITOS CONTRA EL PATRIMONIO ECONOMICO", "capitulo": "DEL HURTO", "articulo": "HURTO CALIFICADO. ART. 240 C.P.", "grado_deli": "NINGUNO", "tipo_notic": "DENUNCIA", "caracteriz": "HURTO A PERSONAS", "modalidad": "ATRACO", "modo": "ARMA DE FUEGO", "motivo": null, "pais": "COLOMBIA", "dane_dep": 76, "departamen": "VALLE DEL CAUCA", "dane_mpio": 76001, "municipio": "CALI", "cod_comuna": 19.0, "comuna": "Comuna 19", "cod_barrio": 1913.0, "nom_barrio": "El Cedro", "direccion": "76001 CARRERA 34 10, EL CEDRO, CALI, VALLE DEL CAUCA, COL,EL CEDRO", "sitio": "VIA PUBLICA", "x": -76.53810119629, "y": 3.4271929264100001, "anio": 2024, "mes": "noviembre", "dia": 6, "dia_semana": 4, "hora_hecho": "07:00", "barrio": "EL CEDRO", "estrato": 4, "geom": "0101000020E610000000000040702253C000000020E46A0B40", "fecha_hech": "2024-11-06 00:00:00" }, "geometry": { "type": "Point", "coordinates": [ -76.53810119629, 3.42719292641 ] } },
{ "type": "Feature", "properties": { "dinamica": "HURTO", "titulo": "DELITOS CONTRA EL PATRIMONIO ECONOMICO", "capitulo": "DEL HURTO", "articulo": "HURTO CALIFICADO. ART. 240 C.P.", "grado_deli": "AGRAVADO", "tipo_notic": "DENUNCIA", "caracteriz": "HURTO A PERSONAS", "modalidad": "ATRACO", "modo": "ARMA DE FUEGO", "motivo": null, "pais": "COLOMBIA", "dane_dep": 76, "departamen": "VALLE DEL CAUCA", "dane_mpio": 76001, "municipio": "CALI", "cod_comuna": 19.0, "comuna": "Comuna 19", "cod_barrio": 1912.0, "nom_barrio": "3 de Julio", "direccion": "76001 CARRERA 30 5C 20, SANTIAGO DE CALI, CALI, VALLE DEL CAUCA", "sitio": "VIA PUBLICA", "x": -76.539413452150001, "y": 3.4302110672000001, "anio": 2024, "mes": "noviembre", "dia": 6, "dia_semana": 4, "hora_hecho": "21:10", "barrio": "3 DE JULIO", "estrato": 4, "geom": "0101000020E6100000000000C0852253C00000008012710B40", "fecha_hech": "2024-11-06 00:00:00" }, "geometry": { "type": "Point", "coordinates": [ -76.539413452150001, 3.4302110672 ] } },
{ "type": "Feature", "properties": { "dinamica": "HURTO", "titulo": "DELITOS CONTRA EL PATRIMONIO ECONOMICO", "capitulo": "DEL HURTO", "articulo": "HURTO. ART. 239 C.P.", "grado_deli": "NINGUNO", "tipo_notic": "QUERELLA", "caracteriz": "HURTO A PERSONAS", "modalidad": "COSQUILLEO", "modo": null, "motivo": null, "pais": "COLOMBIA", "dane_dep": 76, "departamen": "VALLE DEL CAUCA", "dane_mpio": 76001, "municipio": "CALI", "cod_comuna": 19.0, "comuna": "Comuna 19", "cod_barrio": 1913.0, "nom_barrio": "El Cedro", "direccion": "76001 BARRIO/LOCALIDAD/COMUNA:EL CEDRO/COMUNA 19,CALI/VALLE DEL CAUCA,EL CEDRO", "sitio": "SIN INFORMACION", "x": -76.537574768070002, "y": 3.4320509433700002, "anio": 2024, "mes": "noviembre", "dia": 7, "dia_semana": 5, "hora_hecho": "05:14", "barrio": "EL CEDRO", "estrato": 4, "geom": "0101000020E6100000000000A0672253C000000020D7740B40", "fecha_hech": "2024-11-07 00:00:00" }, "geometry": { "type": "Point", "coordinates": [ -76.537574768070002, 3.43205094337 ] } },
{ "type": "Feature", "properties": { "dinamica": "HURTO", "titulo": "DELITOS CONTRA EL PATRIMONIO ECONOMICO", "capitulo": "DEL HURTO", "articulo": "HURTO CALIFICADO. ART. 240 C.P.", "grado_deli": "NINGUNO", "tipo_notic": "DENUNCIA", "caracteriz": "HURTO DE MOTOCICLETAS", "modalidad": "HALADO", "modo": null, "motivo": null, "pais": "COLOMBIA", "dane_dep": 76, "departamen": "VALLE DEL CAUCA", "dane_mpio": 76001, "municipio": "CALI", "cod_comuna": 19.0, "comuna": "Comuna 19", "cod_barrio": 1913.0, "nom_barrio": "El Cedro", "direccion": "76001 CALLE 7 24A 70, SANTIAGO DE CALI, CALI, VALLE DEL CAUCA", "sitio": "VIA PUBLICA", "x": -76.53758239746, "y": 3.4353790283199999, "anio": 2024, "mes": "noviembre", "dia": 7, "dia_semana": 5, "hora_hecho": "13:22", "barrio": "EL CEDRO", "estrato": 4, "geom": "0101000020E6100000000000C0672253C000000000A87B0B40", "fecha_hech": "2024-11-07 00:00:00" }, "geometry": { "type": "Point", "coordinates": [ -76.53758239746, 3.43537902832 ] } },
{ "type": "Feature", "properties": { "dinamica": "HURTO", "titulo": "DELITOS CONTRA EL PATRIMONIO ECONOMICO", "capitulo": "DEL HURTO", "articulo": "HURTO CALIFICADO. ART. 240 C.P.", "grado_deli": "NINGUNO", "tipo_notic": "DENUNCIA", "caracteriz": "HURTO A PERSONAS", "modalidad": "ROMPIMIENTO DE VIDRIO", "modo": null, "motivo": null, "pais": "COLOMBIA", "dane_dep": 76, "departamen": "VALLE DEL CAUCA", "dane_mpio": 76001, "municipio": "CALI", "cod_comuna": 19.0, "comuna": "Comuna 19", "cod_barrio": 1905.0, "nom_barrio": "Eucaristico", "direccion": "76001 AVENIDA ROOSEVELT 36A 7", "sitio": "ZONA DE PARQUEO", "x": -76.539932250980002, "y": 3.4258370399500002, "anio": 2024, "mes": "noviembre", "dia": 7, "dia_semana": 5, "hora_hecho": "21:00", "barrio": "BARRIO EUCARÍSTICO", "estrato": 4, "geom": "0101000020E6100000000000408E2253C0000000401D680B40", "fecha_hech": "2024-11-07 00:00:00" }, "geometry": { "type": "Point", "coordinates": [ -76.539932250980002, 3.42583703995 ] } },
{ "type": "Feature", "properties": { "dinamica": "HURTO", "titulo": "DELITOS CONTRA EL PATRIMONIO ECONOMICO", "capitulo": "DEL HURTO", "articulo": "HURTO. ART. 239 C.P.", "grado_deli": "NINGUNO", "tipo_notic": "ACTOS URGENTES", "caracteriz": "HURTO A ESTABLECIMIENTOS", "modalidad": "DESCUELGUE DE MERCANCIA", "modo": null, "motivo": null, "pais": "COLOMBIA", "dane_dep": 76, "departamen": "VALLE DEL CAUCA", "dane_mpio": 76001, "municipio": "CALI", "cod_comuna": 19.0, "comuna": "Comuna 19", "cod_barrio": 1912.0, "nom_barrio": "3 de Julio", "direccion": "76001 CALLE 5 38D, SAN FERNANDO VIEJO, CALI, VALLE DEL CAUCA", "sitio": "DOMICILIO", "x": -76.540298461909998, "y": 3.4355220794700001, "anio": 2024, "mes": "noviembre", "dia": 10, "dia_semana": 1, "hora_hecho": "14:05", "barrio": "3 DE JULIO", "estrato": 4, "geom": "0101000020E610000000000040942253C000000000F37B0B40", "fecha_hech": "2024-11-10 00:00:00" }, "geometry": { "type": "Point", "coordinates": [ -76.540298461909998, 3.43552207947 ] } },
{ "type": "Feature", "properties": { "dinamica": "HURTO", "titulo": "DELITOS CONTRA EL PATRIMONIO ECONOMICO", "capitulo": "DEL HURTO", "articulo": "HURTO CALIFICADO. ART. 240 C.P.", "grado_deli": "NINGUNO", "tipo_notic": "DENUNCIA", "caracteriz": "HURTO A PERSONAS", "modalidad": "ATRACO", "modo": "ARMA DE FUEGO", "motivo": null, "pais": "COLOMBIA", "dane_dep": 76, "departamen": "VALLE DEL CAUCA", "dane_mpio": 76001, "municipio": "CALI", "cod_comuna": 19.0, "comuna": "Comuna 19", "cod_barrio": 1913.0, "nom_barrio": "El Cedro", "direccion": "76001 CALLE 7 34, BARRIO EUCARISTICO, CALI, VALLE DEL CAUCA", "sitio": "ESTABLECIMIENTO DE COMERCIO", "x": -76.538482666020002, "y": 3.42751002312, "anio": 2024, "mes": "noviembre", "dia": 12, "dia_semana": 3, "hora_hecho": "01:00", "barrio": "BARRIO EUCARÍSTICO", "estrato": 4, "geom": "0101000020E610000000000080762253C0000000608A6B0B40", "fecha_hech": "2024-11-12 00:00:00" }, "geometry": { "type": "Point", "coordinates": [ -76.538482666020002, 3.42751002312 ] } },
{ "type": "Feature", "properties": { "dinamica": "HURTO", "titulo": "DELITOS CONTRA EL PATRIMONIO ECONOMICO", "capitulo": "DEL HURTO", "articulo": "HURTO. ART. 239 C.P.", "grado_deli": "NINGUNO", "tipo_notic": "QUERELLA", "caracteriz": "HURTO A RESIDENCIA", "modalidad": "FACTOR DE OPORTUNIDAD", "modo": null, "motivo": null, "pais": "COLOMBIA", "dane_dep": 76, "departamen": "VALLE DEL CAUCA", "dane_mpio": 76001, "municipio": "CALI", "cod_comuna": 19.0, "comuna": "Comuna 19", "cod_barrio": 1912.0, "nom_barrio": "3 de Julio", "direccion": "76001 CARRERA 28 5B 103", "sitio": "DOMICILIO", "x": -76.53970336914, "y": 3.4325740337399999, "anio": 2024, "mes": "noviembre", "dia": 16, "dia_semana": 7, "hora_hecho": "01:47", "barrio": "3 DE JULIO", "estrato": 4, "geom": "0101000020E6100000000000808A2253C000000060E9750B40", "fecha_hech": "2024-11-16 00:00:00" }, "geometry": { "type": "Point", "coordinates": [ -76.53970336914, 3.43257403374 ] } },
{ "type": "Feature", "properties": { "dinamica": "HURTO", "titulo": "DELITOS CONTRA EL PATRIMONIO ECONOMICO", "capitulo": "DEL HURTO", "articulo": "HURTO CALIFICADO. ART. 240 C.P.", "grado_deli": "NINGUNO", "tipo_notic": "DENUNCIA", "caracteriz": "HURTO DE VEHICULOS", "modalidad": "HALADO", "modo": null, "motivo": null, "pais": "COLOMBIA", "dane_dep": 76, "departamen": "VALLE DEL CAUCA", "dane_mpio": 76001, "municipio": "CALI", "cod_comuna": 19.0, "comuna": "Comuna 19", "cod_barrio": 1905.0, "nom_barrio": "Eucaristico", "direccion": "76001 DROGUERÍA EL TEMPLETE", "sitio": "VIA PUBLICA", "x": -76.538330078119998, "y": 3.4265100956, "anio": 2024, "mes": "noviembre", "dia": 17, "dia_semana": 1, "hora_hecho": "16:40", "barrio": "BARRIO EUCARÍSTICO", "estrato": 4, "geom": "0101000020E610000000000000742253C0000000207E690B40", "fecha_hech": "2024-11-17 00:00:00" }, "geometry": { "type": "Point", "coordinates": [ -76.538330078119998, 3.4265100956 ] } },
{ "type": "Feature", "properties": { "dinamica": "HURTO", "titulo": "DELITOS CONTRA EL PATRIMONIO ECONOMICO", "capitulo": "DEL HURTO", "articulo": "HURTO CALIFICADO. ART. 240 C.P.", "grado_deli": "NINGUNO", "tipo_notic": "DENUNCIA", "caracteriz": "HURTO A ESTABLECIMIENTOS", "modalidad": "FACTOR DE OPORTUNIDAD", "modo": null, "motivo": null, "pais": "COLOMBIA", "dane_dep": 76, "departamen": "VALLE DEL CAUCA", "dane_mpio": 76001, "municipio": "CALI", "cod_comuna": 19.0, "comuna": "Comuna 19", "cod_barrio": 1905.0, "nom_barrio": "Eucaristico", "direccion": "76001 CALLE 8 34 27", "sitio": "ESTABLECIMIENTO PUBLICO", "x": -76.53818511963, "y": 3.4265630245200001, "anio": 2024, "mes": "noviembre", "dia": 19, "dia_semana": 3, "hora_hecho": "13:30", "barrio": "BARRIO EUCARÍSTICO", "estrato": 4, "geom": "0101000020E6100000000000A0712253C0000000E099690B40", "fecha_hech": "2024-11-19 00:00:00" }, "geometry": { "type": "Point", "coordinates": [ -76.53818511963, 3.42656302452 ] } },
{ "type": "Feature", "properties": { "dinamica": "HURTO", "titulo": "DELITOS CONTRA EL PATRIMONIO ECONOMICO", "capitulo": "DEL HURTO", "articulo": "HURTO. ART. 239 C.P.", "grado_deli": "NINGUNO", "tipo_notic": "QUERELLA", "caracteriz": "HURTO A PERSONAS", "modalidad": "FACTOR DE OPORTUNIDAD", "modo": null, "motivo": null, "pais": "COLOMBIA", "dane_dep": 76, "departamen": "VALLE DEL CAUCA", "dane_mpio": 76001, "municipio": "CALI", "cod_comuna": 19.0, "comuna": "Comuna 19", "cod_barrio": 1905.0, "nom_barrio": "Eucaristico", "direccion": "76001 Calle 8 34 29, Santiago De Cali, Cali, Valle Del Cauca, COL,BARRIO EUCARÍSTICO", "sitio": "SIN INFORMACION", "x": -76.538093566889998, "y": 3.42642593384, "anio": 2024, "mes": "noviembre", "dia": 19, "dia_semana": 3, "hora_hecho": "18:30", "barrio": "BARRIO EUCARÍSTICO", "estrato": 4, "geom": "0101000020E610000000000020702253C00000000052690B40", "fecha_hech": "2024-11-19 00:00:00" }, "geometry": { "type": "Point", "coordinates": [ -76.538093566889998, 3.42642593384 ] } },
{ "type": "Feature", "properties": { "dinamica": "HURTO", "titulo": "DELITOS CONTRA EL PATRIMONIO ECONOMICO", "capitulo": "DEL HURTO", "articulo": "HURTO. ART. 239 C.P.", "grado_deli": "NINGUNO", "tipo_notic": "DENUNCIA", "caracteriz": "HURTO A PERSONAS", "modalidad": "COSQUILLEO", "modo": null, "motivo": null, "pais": "COLOMBIA", "dane_dep": 76, "departamen": "VALLE DEL CAUCA", "dane_mpio": 76001, "municipio": "CALI", "cod_comuna": 19.0, "comuna": "Comuna 19", "cod_barrio": 1913.0, "nom_barrio": "El Cedro", "direccion": "76001 CALLE 6 CON CARRERA 28, EL CEDRO, CALI, VALLE DEL CAUCA", "sitio": "TRANSPORTE PUBLICO URBANO", "x": -76.538749694819998, "y": 3.4326519966100002, "anio": 2024, "mes": "noviembre", "dia": 19, "dia_semana": 3, "hora_hecho": "19:30", "barrio": "EL CEDRO", "estrato": 4, "geom": "0101000020E6100000000000E07A2253C00000004012760B40", "fecha_hech": "2024-11-19 00:00:00" }, "geometry": { "type": "Point", "coordinates": [ -76.538749694819998, 3.43265199661 ] } },
{ "type": "Feature", "properties": { "dinamica": "HURTO", "titulo": "DELITOS CONTRA EL PATRIMONIO ECONOMICO", "capitulo": "DEL HURTO", "articulo": "HURTO CALIFICADO. ART. 240 C.P.", "grado_deli": "NINGUNO", "tipo_notic": "DENUNCIA", "caracteriz": "HURTO A PERSONAS", "modalidad": "VIOLACION DE CERRADURA", "modo": null, "motivo": null, "pais": "COLOMBIA", "dane_dep": 76, "departamen": "VALLE DEL CAUCA", "dane_mpio": 76001, "municipio": "CALI", "cod_comuna": 19.0, "comuna": "Comuna 19", "cod_barrio": 1912.0, "nom_barrio": "3 de Julio", "direccion": "76001 CARRERA 27 5D-1, 3 DE JULIO, CALI, VALLE DEL CAUCA", "sitio": "VIA PUBLICA", "x": -76.539642333979998, "y": 3.4333651065800002, "anio": 2024, "mes": "noviembre", "dia": 20, "dia_semana": 4, "hora_hecho": "00:05", "barrio": "3 DE JULIO", "estrato": 4, "geom": "0101000020E610000000000080892253C00000002088770B40", "fecha_hech": "2024-11-20 00:00:00" }, "geometry": { "type": "Point", "coordinates": [ -76.539642333979998, 3.43336510658 ] } },
{ "type": "Feature", "properties": { "dinamica": "HURTO", "titulo": "DELITOS CONTRA EL PATRIMONIO ECONOMICO", "capitulo": "DEL HURTO", "articulo": "HURTO CALIFICADO. ART. 240 C.P.", "grado_deli": "NINGUNO", "tipo_notic": "DENUNCIA", "caracteriz": "HURTO DE VEHICULOS", "modalidad": "FACTOR DE OPORTUNIDAD", "modo": null, "motivo": null, "pais": "COLOMBIA", "dane_dep": 76, "departamen": "VALLE DEL CAUCA", "dane_mpio": 76001, "municipio": "CALI", "cod_comuna": 19.0, "comuna": "Comuna 19", "cod_barrio": 1912.0, "nom_barrio": "3 de Julio", "direccion": "76001 CARRERA 25 5 153, SANTIAGO DE CALI, CALI, VALLE DEL CAUCA", "sitio": "VIA PUBLICA", "x": -76.539352416989999, "y": 3.4362859726, "anio": 2024, "mes": "noviembre", "dia": 22, "dia_semana": 6, "hora_hecho": "10:10", "barrio": "3 DE JULIO", "estrato": 4, "geom": "0101000020E6100000000000C0842253C000000080837D0B40", "fecha_hech": "2024-11-22 00:00:00" }, "geometry": { "type": "Point", "coordinates": [ -76.539352416989999, 3.4362859726 ] } },
{ "type": "Feature", "properties": { "dinamica": "HURTO", "titulo": "DELITOS CONTRA EL PATRIMONIO ECONOMICO", "capitulo": "DEL HURTO", "articulo": "HURTO CALIFICADO. ART. 240 C.P.", "grado_deli": "AGRAVADO", "tipo_notic": "DENUNCIA", "caracteriz": "HURTO A PERSONAS", "modalidad": "ATRACO", "modo": "SIN ARMA", "motivo": null, "pais": "COLOMBIA", "dane_dep": 76, "departamen": "VALLE DEL CAUCA", "dane_mpio": 76001, "municipio": "CALI", "cod_comuna": 19.0, "comuna": "Comuna 19", "cod_barrio": 1906.0, "nom_barrio": "San Fernando Nuevo", "direccion": "76001 CARRERA 37 CON CALLE 5B5, SAN FERNANDO NUEVO, CALI, VALLE DEL CAUCA", "sitio": "VIA PUBLICA", "x": -76.541305541989999, "y": 3.4259009361300001, "anio": 2024, "mes": "noviembre", "dia": 23, "dia_semana": 7, "hora_hecho": "09:00", "barrio": "SAN FERNANDO NUEVO", "estrato": 4, "geom": "0101000020E6100000000000C0A42253C0000000C03E680B40", "fecha_hech": "2024-11-23 00:00:00" }, "geometry": { "type": "Point", "coordinates": [ -76.541305541989999, 3.42590093613 ] } },
{ "type": "Feature", "properties": { "dinamica": "HURTO", "titulo": "DELITOS CONTRA EL PATRIMONIO ECONOMICO", "capitulo": "DEL HURTO", "articulo": "HURTO. ART. 239 C.P.", "grado_deli": "NINGUNO", "tipo_notic": "QUERELLA", "caracteriz": "HURTO A ESTABLECIMIENTOS", "modalidad": "FACTOR DE OPORTUNIDAD", "modo": null, "motivo": null, "pais": "COLOMBIA", "dane_dep": 76, "departamen": "VALLE DEL CAUCA", "dane_mpio": 76001, "municipio": "CALI", "cod_comuna": 19.0, "comuna": "Comuna 19", "cod_barrio": 1905.0, "nom_barrio": "Eucaristico", "direccion": "76001 CALLE 8 34 30", "sitio": "ESTABLECIMIENTO DE COMERCIO", "x": -76.53825378418, "y": 3.4265739917800002, "anio": 2024, "mes": "noviembre", "dia": 25, "dia_semana": 2, "hora_hecho": "18:00", "barrio": "BARRIO EUCARÍSTICO", "estrato": 4, "geom": "0101000020E6100000000000C0722253C0000000A09F690B40", "fecha_hech": "2024-11-25 00:00:00" }, "geometry": { "type": "Point", "coordinates": [ -76.53825378418, 3.42657399178 ] } },
{ "type": "Feature", "properties": { "dinamica": "HURTO", "titulo": "DELITOS CONTRA EL PATRIMONIO ECONOMICO", "capitulo": "DEL HURTO", "articulo": "HURTO CALIFICADO. ART. 240 C.P.", "grado_deli": "AGRAVADO", "tipo_notic": "DENUNCIA", "caracteriz": "HURTO A CELULARES", "modalidad": "FACTOR DE OPORTUNIDAD", "modo": null, "motivo": null, "pais": "COLOMBIA", "dane_dep": 76, "departamen": "VALLE DEL CAUCA", "dane_mpio": 76001, "municipio": "CALI", "cod_comuna": 19.0, "comuna": "Comuna 19", "cod_barrio": 1906.0, "nom_barrio": "San Fernando Nuevo", "direccion": "76001 CARRERA 36 5B3-65, SAN FERNANDO NUEVO, CALI, VALLE DEL CAUCA", "sitio": "OTRO", "x": -76.54076385498, "y": 3.4280500412000001, "anio": 2024, "mes": "noviembre", "dia": 26, "dia_semana": 3, "hora_hecho": "14:30", "barrio": "SAN FERNANDO NUEVO", "estrato": 4, "geom": "0101000020E6100000000000E09B2253C000000080A56C0B40", "fecha_hech": "2024-11-26 00:00:00" }, "geometry": { "type": "Point", "coordinates": [ -76.54076385498, 3.4280500412 ] } },
{ "type": "Feature", "properties": { "dinamica": "HURTO", "titulo": "DELITOS CONTRA EL PATRIMONIO ECONOMICO", "capitulo": "DEL HURTO", "articulo": "HURTO CALIFICADO. ART. 240 C.P.", "grado_deli": "NINGUNO", "tipo_notic": "DENUNCIA", "caracteriz": "HURTO A RESIDENCIA", "modalidad": "LLAVE MAESTRA", "modo": null, "motivo": null, "pais": "COLOMBIA", "dane_dep": 76, "departamen": "VALLE DEL CAUCA", "dane_mpio": 76001, "municipio": "CALI", "cod_comuna": 19.0, "comuna": "Comuna 19", "cod_barrio": 1906.0, "nom_barrio": "San Fernando Nuevo", "direccion": "76001 CARRERA 36 5B3-46, SAN FERNANDO NUEVO, CALI, VALLE DEL CAUCA", "sitio": "DOMICILIO", "x": -76.540565490719999, "y": 3.4279930591599999, "anio": 2024, "mes": "noviembre", "dia": 27, "dia_semana": 4, "hora_hecho": "15:00", "barrio": "SAN FERNANDO NUEVO", "estrato": 4, "geom": "0101000020E6100000000000A0982253C0000000A0876C0B40", "fecha_hech": "2024-11-27 00:00:00" }, "geometry": { "type": "Point", "coordinates": [ -76.540565490719999, 3.42799305916 ] } },
{ "type": "Feature", "properties": { "dinamica": "HURTO", "titulo": "DELITOS CONTRA EL PATRIMONIO ECONOMICO", "capitulo": "DEL HURTO", "articulo": "HURTO CALIFICADO. ART. 240 C.P.", "grado_deli": "AGRAVADO", "tipo_notic": "DENUNCIA", "caracteriz": "HURTO DE MOTOCICLETAS", "modalidad": "HALADO", "modo": null, "motivo": null, "pais": "COLOMBIA", "dane_dep": 76, "departamen": "VALLE DEL CAUCA", "dane_mpio": 76001, "municipio": "CALI", "cod_comuna": 19.0, "comuna": "Comuna 19", "cod_barrio": 1913.0, "nom_barrio": "El Cedro", "direccion": "76001 CALLE 7A 2 2", "sitio": "VIA PUBLICA", "x": -76.53727722168, "y": 3.4364929199200001, "anio": 2024, "mes": "noviembre", "dia": 27, "dia_semana": 4, "hora_hecho": "18:00", "barrio": "EL CEDRO", "estrato": 4, "geom": "0101000020E6100000000000C0622253C000000000F07D0B40", "fecha_hech": "2024-11-27 00:00:00" }, "geometry": { "type": "Point", "coordinates": [ -76.53727722168, 3.43649291992 ] } },
{ "type": "Feature", "properties": { "dinamica": "HURTO", "titulo": "DELITOS CONTRA EL PATRIMONIO ECONOMICO", "capitulo": "DEL HURTO", "articulo": "HURTO CALIFICADO. ART. 240 C.P.", "grado_deli": "NINGUNO", "tipo_notic": "DENUNCIA", "caracteriz": "HURTO A PERSONAS", "modalidad": "ATRACO", "modo": "ARMA DE FUEGO", "motivo": null, "pais": "COLOMBIA", "dane_dep": 76, "departamen": "VALLE DEL CAUCA", "dane_mpio": 76001, "municipio": "CALI", "cod_comuna": 19.0, "comuna": "Comuna 19", "cod_barrio": 1913.0, "nom_barrio": "El Cedro", "direccion": "76001 Calle 7 40, Barrio Eucaristico, Cali, Valle del Cauca, COL,BARRIO EUCARÍSTICO", "sitio": "SIN INFORMACION", "x": -76.538482666020002, "y": 3.4275109767899998, "anio": 2024, "mes": "noviembre", "dia": 28, "dia_semana": 5, "hora_hecho": "04:30", "barrio": "BARRIO EUCARÍSTICO", "estrato": 4, "geom": "0101000020E610000000000080762253C0000000E08A6B0B40", "fecha_hech": "2024-11-28 00:00:00" }, "geometry": { "type": "Point", "coordinates": [ -76.538482666020002, 3.42751097679 ] } },
{ "type": "Feature", "properties": { "dinamica": "HURTO", "titulo": "DELITOS CONTRA EL PATRIMONIO ECONOMICO", "capitulo": "DEL HURTO", "articulo": "HURTO CALIFICADO. ART. 240 C.P.", "grado_deli": "NINGUNO", "tipo_notic": "DENUNCIA", "caracteriz": "HURTO A PERSONAS", "modalidad": "FACTOR DE OPORTUNIDAD", "modo": null, "motivo": null, "pais": "COLOMBIA", "dane_dep": 76, "departamen": "VALLE DEL CAUCA", "dane_mpio": 76001, "municipio": "CALI", "cod_comuna": 19.0, "comuna": "Comuna 19", "cod_barrio": 1905.0, "nom_barrio": "Eucaristico", "direccion": "76001 CALLE 6 34 99", "sitio": "VIA PUBLICA", "x": -76.539352416989999, "y": 3.4273500442499998, "anio": 2024, "mes": "noviembre", "dia": 28, "dia_semana": 5, "hora_hecho": "09:20", "barrio": "BARRIO EUCARÍSTICO", "estrato": 4, "geom": "0101000020E6100000000000C0842253C000000080366B0B40", "fecha_hech": "2024-11-28 00:00:00" }, "geometry": { "type": "Point", "coordinates": [ -76.539352416989999, 3.42735004425 ] } },
{ "type": "Feature", "properties": { "dinamica": "HURTO", "titulo": "DELITOS CONTRA EL PATRIMONIO ECONOMICO", "capitulo": "DEL HURTO", "articulo": "HURTO. ART. 239 C.P.", "grado_deli": "NINGUNO", "tipo_notic": "DENUNCIA", "caracteriz": "HURTO A PERSONAS", "modalidad": "COSQUILLEO", "modo": null, "motivo": null, "pais": "COLOMBIA", "dane_dep": 76, "departamen": "VALLE DEL CAUCA", "dane_mpio": 76001, "municipio": "CALI", "cod_comuna": 19.0, "comuna": "Comuna 19", "cod_barrio": 1905.0, "nom_barrio": "Eucaristico", "direccion": "76001 CALLE 8 34 86, BARRIO EUCARISTICO, CALI, VALLE DEL CAUCA", "sitio": "VIA PUBLICA", "x": -76.538108825679998, "y": 3.4265449047100001, "anio": 2024, "mes": "noviembre", "dia": 28, "dia_semana": 5, "hora_hecho": "21:00", "barrio": "BARRIO EUCARÍSTICO", "estrato": 4, "geom": "0101000020E610000000000060702253C00000006090690B40", "fecha_hech": "2024-11-28 00:00:00" }, "geometry": { "type": "Point", "coordinates": [ -76.538108825679998, 3.42654490471 ] } },
{ "type": "Feature", "properties": { "dinamica": "HURTO", "titulo": "DELITOS CONTRA EL PATRIMONIO ECONOMICO", "capitulo": "DEL HURTO", "articulo": "HURTO CALIFICADO. ART. 240 C.P.", "grado_deli": "NINGUNO", "tipo_notic": "DENUNCIA", "caracteriz": "HURTO A PERSONAS", "modalidad": "RAPONAZO", "modo": null, "motivo": null, "pais": "COLOMBIA", "dane_dep": 76, "departamen": "VALLE DEL CAUCA", "dane_mpio": 76001, "municipio": "CALI", "cod_comuna": 19.0, "comuna": "Comuna 19", "cod_barrio": 1913.0, "nom_barrio": "El Cedro", "direccion": "76001 CALLE 7 CON CARRERA 24, EL CEDRO, CALI, VALLE DEL CAUCA, COL,EL CEDRO", "sitio": "VIA PUBLICA", "x": -76.537254333500002, "y": 3.4364850521100001, "anio": 2024, "mes": "diciembre", "dia": 4, "dia_semana": 4, "hora_hecho": "01:30", "barrio": "EL CEDRO", "estrato": 4, "geom": "0101000020E610000000000060622253C0000000E0EB7D0B40", "fecha_hech": "2024-12-04 00:00:00" }, "geometry": { "type": "Point", "coordinates": [ -76.537254333500002, 3.43648505211 ] } },
{ "type": "Feature", "properties": { "dinamica": "HURTO", "titulo": "DELITOS CONTRA EL PATRIMONIO ECONOMICO", "capitulo": "DEL HURTO", "articulo": "HURTO CALIFICADO. ART. 240 C.P.", "grado_deli": "NINGUNO", "tipo_notic": "DENUNCIA", "caracteriz": "HURTO A PERSONAS", "modalidad": "ATRACO", "modo": "SUSTANCIA TÓXICA", "motivo": null, "pais": "COLOMBIA", "dane_dep": 76, "departamen": "VALLE DEL CAUCA", "dane_mpio": 76001, "municipio": "CALI", "cod_comuna": 19.0, "comuna": "Comuna 19", "cod_barrio": 1912.0, "nom_barrio": "3 de Julio", "direccion": "76001 CALLE 5 24A 91, SANTIAGO DE CALI, CALI, VALLE DEL CAUCA, COL,3 DE JULIO", "sitio": "ESTABLECIMIENTO DE COMERCIO", "x": -76.539932250980002, "y": 3.4355518817899999, "anio": 2024, "mes": "diciembre", "dia": 6, "dia_semana": 6, "hora_hecho": "08:00", "barrio": "3 DE JULIO", "estrato": 4, "geom": "0101000020E6100000000000408E2253C0000000A0027C0B40", "fecha_hech": "2024-12-06 00:00:00" }, "geometry": { "type": "Point", "coordinates": [ -76.539932250980002, 3.43555188179 ] } },
{ "type": "Feature", "properties": { "dinamica": "HURTO", "titulo": "DELITOS CONTRA EL PATRIMONIO ECONOMICO", "capitulo": "DEL HURTO", "articulo": "HURTO CALIFICADO. ART. 240 C.P.", "grado_deli": "NINGUNO", "tipo_notic": "DENUNCIA", "caracteriz": "HURTO A PERSONAS", "modalidad": "ROMPIMIENTO DE VIDRIO", "modo": null, "motivo": null, "pais": "COLOMBIA", "dane_dep": 76, "departamen": "VALLE DEL CAUCA", "dane_mpio": 76001, "municipio": "CALI", "cod_comuna": 19.0, "comuna": "Comuna 19", "cod_barrio": 1912.0, "nom_barrio": "3 de Julio", "direccion": "76001 CALLE 6 CON CARRERA 26, 3 DE JULIO, CALI, VALLE DEL CAUCA", "sitio": "VIA PUBLICA", "x": -76.538818359380002, "y": 3.4343628883399999, "anio": 2024, "mes": "diciembre", "dia": 12, "dia_semana": 5, "hora_hecho": "23:00", "barrio": "3 DE JULIO", "estrato": 4, "geom": "0101000020E6100000000000007C2253C00000004093790B40", "fecha_hech": "2024-12-12 00:00:00" }, "geometry": { "type": "Point", "coordinates": [ -76.538818359380002, 3.43436288834 ] } },
{ "type": "Feature", "properties": { "dinamica": "HURTO", "titulo": "DELITOS CONTRA EL PATRIMONIO ECONOMICO", "capitulo": "DEL HURTO", "articulo": "HURTO CALIFICADO. ART. 240 C.P.", "grado_deli": "NINGUNO", "tipo_notic": "DENUNCIA", "caracteriz": "HURTO DE VEHICULOS", "modalidad": "HALADO", "modo": null, "motivo": null, "pais": "COLOMBIA", "dane_dep": 76, "departamen": "VALLE DEL CAUCA", "dane_mpio": 76001, "municipio": "CALI", "cod_comuna": 19.0, "comuna": "Comuna 19", "cod_barrio": 1913.0, "nom_barrio": "El Cedro", "direccion": "76001 CARRERA 30 CON CALLE 7, EL CEDRO, CALI, VALLE DEL CAUCA", "sitio": "VIA PUBLICA", "x": -76.537887573239999, "y": 3.4303441047700001, "anio": 2024, "mes": "diciembre", "dia": 15, "dia_semana": 1, "hora_hecho": "00:00", "barrio": "EL CEDRO", "estrato": 4, "geom": "0101000020E6100000000000C06C2253C00000004058710B40", "fecha_hech": "2024-12-15 00:00:00" }, "geometry": { "type": "Point", "coordinates": [ -76.537887573239999, 3.43034410477 ] } },
{ "type": "Feature", "properties": { "dinamica": "HURTO", "titulo": "DELITOS CONTRA EL PATRIMONIO ECONOMICO", "capitulo": "DEL HURTO", "articulo": "HURTO. ART. 239 C.P.", "grado_deli": "AGRAVADO", "tipo_notic": "DENUNCIA", "caracteriz": "HURTO A CELULARES", "modalidad": "FACTOR DE OPORTUNIDAD", "modo": null, "motivo": null, "pais": "COLOMBIA", "dane_dep": 76, "departamen": "VALLE DEL CAUCA", "dane_mpio": 76001, "municipio": "CALI", "cod_comuna": 19.0, "comuna": "Comuna 19", "cod_barrio": 1913.0, "nom_barrio": "El Cedro", "direccion": "76001 CALLE 7A 2 2", "sitio": "ESTABLECIMIENTO DE COMERCIO", "x": -76.537330627439999, "y": 3.4364819526699999, "anio": 2024, "mes": "diciembre", "dia": 15, "dia_semana": 1, "hora_hecho": "01:00", "barrio": "EL CEDRO", "estrato": 4, "geom": "0101000020E6100000000000A0632253C000000040EA7D0B40", "fecha_hech": "2024-12-15 00:00:00" }, "geometry": { "type": "Point", "coordinates": [ -76.537330627439999, 3.43648195267 ] } },
{ "type": "Feature", "properties": { "dinamica": "HURTO", "titulo": "DELITOS CONTRA EL PATRIMONIO ECONOMICO", "capitulo": "DEL HURTO", "articulo": "HURTO CALIFICADO. ART. 240 C.P.", "grado_deli": "NINGUNO", "tipo_notic": "DENUNCIA", "caracteriz": "HURTO A PERSONAS", "modalidad": "ATRACO", "modo": "ARMA BLANCA", "motivo": null, "pais": "COLOMBIA", "dane_dep": 76, "departamen": "VALLE DEL CAUCA", "dane_mpio": 76001, "municipio": "CALI", "cod_comuna": 19.0, "comuna": "Comuna 19", "cod_barrio": 1905.0, "nom_barrio": "Eucaristico", "direccion": "76001 CALLE 6 34, BARRIO EUCARISTICO, CALI, VALLE DEL CAUCA", "sitio": "VIA PUBLICA", "x": -76.539115905759999, "y": 3.4279959201799999, "anio": 2024, "mes": "diciembre", "dia": 15, "dia_semana": 1, "hora_hecho": "04:28", "barrio": "BARRIO EUCARÍSTICO", "estrato": 4, "geom": "0101000020E6100000000000E0802253C000000020896C0B40", "fecha_hech": "2024-12-15 00:00:00" }, "geometry": { "type": "Point", "coordinates": [ -76.539115905759999, 3.42799592018 ] } },
{ "type": "Feature", "properties": { "dinamica": "HURTO", "titulo": "DELITOS CONTRA EL PATRIMONIO ECONOMICO", "capitulo": "DEL HURTO", "articulo": "HURTO CALIFICADO. ART. 240 C.P.", "grado_deli": "NINGUNO", "tipo_notic": "DENUNCIA", "caracteriz": "HURTO DE VEHICULOS", "modalidad": "HALADO", "modo": null, "motivo": null, "pais": "COLOMBIA", "dane_dep": 76, "departamen": "VALLE DEL CAUCA", "dane_mpio": 76001, "municipio": "CALI", "cod_comuna": 19.0, "comuna": "Comuna 19", "cod_barrio": 1912.0, "nom_barrio": "3 de Julio", "direccion": "76001 Escuela De Auxiliares De Enfermería Del Valle, Calle 5B 25 1, 3 de Julio, Cali, Valle del Cauca, COL,3 DE JULIO", "sitio": "SIN INFORMACION", "x": -76.540435791020002, "y": 3.4345910549199998, "anio": 2024, "mes": "diciembre", "dia": 15, "dia_semana": 1, "hora_hecho": "17:00", "barrio": "3 DE JULIO", "estrato": 4, "geom": "0101000020E610000000000080962253C0000000E00A7A0B40", "fecha_hech": "2024-12-15 00:00:00" }, "geometry": { "type": "Point", "coordinates": [ -76.540435791020002, 3.43459105492 ] } },
{ "type": "Feature", "properties": { "dinamica": "HURTO", "titulo": "DELITOS CONTRA EL PATRIMONIO ECONOMICO", "capitulo": "DEL HURTO", "articulo": "HURTO CALIFICADO. ART. 240 C.P.", "grado_deli": "NINGUNO", "tipo_notic": "DENUNCIA", "caracteriz": "HURTO A PERSONAS", "modalidad": "ATRACO", "modo": "SIN ARMA", "motivo": null, "pais": "COLOMBIA", "dane_dep": 76, "departamen": "VALLE DEL CAUCA", "dane_mpio": 76001, "municipio": "CALI", "cod_comuna": 19.0, "comuna": "Comuna 19", "cod_barrio": 1913.0, "nom_barrio": "El Cedro", "direccion": "76001 CARRERA 31 6 1", "sitio": "VIA PUBLICA", "x": -76.538940429690001, "y": 3.4293489456200001, "anio": 2024, "mes": "diciembre", "dia": 16, "dia_semana": 2, "hora_hecho": "02:00", "barrio": "EL CEDRO", "estrato": 4, "geom": "0101000020E6100000000000007E2253C0000000804E6F0B40", "fecha_hech": "2024-12-16 00:00:00" }, "geometry": { "type": "Point", "coordinates": [ -76.538940429690001, 3.42934894562 ] } },
{ "type": "Feature", "properties": { "dinamica": "HURTO", "titulo": "DELITOS CONTRA EL PATRIMONIO ECONOMICO", "capitulo": "DEL HURTO", "articulo": "HURTO CALIFICADO. ART. 240 C.P.", "grado_deli": "NINGUNO", "tipo_notic": "DENUNCIA", "caracteriz": "HURTO DE MOTOCICLETAS", "modalidad": "ATRACO", "modo": "ARMA DE FUEGO", "motivo": null, "pais": "COLOMBIA", "dane_dep": 76, "departamen": "VALLE DEL CAUCA", "dane_mpio": 76001, "municipio": "CALI", "cod_comuna": 19.0, "comuna": "Comuna 19", "cod_barrio": 1905.0, "nom_barrio": "Eucaristico", "direccion": "76001 CARRERA 34 7 00, SANTIAGO DE CALI, CALI, VALLE DEL CAUCA", "sitio": "VIA PUBLICA", "x": -76.538368225100001, "y": 3.4270660877200001, "anio": 2024, "mes": "diciembre", "dia": 18, "dia_semana": 4, "hora_hecho": "07:40", "barrio": "BARRIO EUCARÍSTICO", "estrato": 4, "geom": "0101000020E6100000000000A0742253C0000000A0A16A0B40", "fecha_hech": "2024-12-18 00:00:00" }, "geometry": { "type": "Point", "coordinates": [ -76.538368225100001, 3.42706608772 ] } },
{ "type": "Feature", "properties": { "dinamica": "HURTO", "titulo": "DELITOS CONTRA EL PATRIMONIO ECONOMICO", "capitulo": "DEL HURTO", "articulo": "HURTO CALIFICADO. ART. 240 C.P.", "grado_deli": "NINGUNO", "tipo_notic": "DENUNCIA", "caracteriz": "HURTO A CELULARES", "modalidad": "FACTOR DE OPORTUNIDAD", "modo": null, "motivo": null, "pais": "COLOMBIA", "dane_dep": 76, "departamen": "VALLE DEL CAUCA", "dane_mpio": 76001, "municipio": "CALI", "cod_comuna": 19.0, "comuna": "Comuna 19", "cod_barrio": 1912.0, "nom_barrio": "3 de Julio", "direccion": "76001 CARRERA 27 CON CALLE 5C, 3 DE JULIO, CALI, VALLE DEL CAUCA", "sitio": "VIA PUBLICA", "x": -76.539695739750002, "y": 3.4333090782200002, "anio": 2024, "mes": "diciembre", "dia": 19, "dia_semana": 5, "hora_hecho": "05:37", "barrio": "3 DE JULIO", "estrato": 4, "geom": "0101000020E6100000000000608A2253C0000000C06A770B40", "fecha_hech": "2024-12-19 00:00:00" }, "geometry": { "type": "Point", "coordinates": [ -76.539695739750002, 3.43330907822 ] } },
{ "type": "Feature", "properties": { "dinamica": "HURTO", "titulo": "DELITOS CONTRA EL PATRIMONIO ECONOMICO", "capitulo": "DEL HURTO", "articulo": "HURTO CALIFICADO. ART. 240 C.P.", "grado_deli": "NINGUNO", "tipo_notic": "DENUNCIA", "caracteriz": "HURTO DE AUTOPARTES", "modalidad": "FACTOR DE OPORTUNIDAD", "modo": null, "motivo": null, "pais": "COLOMBIA", "dane_dep": 76, "departamen": "VALLE DEL CAUCA", "dane_mpio": 76001, "municipio": "CALI", "cod_comuna": 19.0, "comuna": "Comuna 19", "cod_barrio": 1906.0, "nom_barrio": "San Fernando Nuevo", "direccion": "76001 CALLE 6 34 100", "sitio": "PARQUEADERO", "x": -76.539695739750002, "y": 3.42765903473, "anio": 2024, "mes": "diciembre", "dia": 19, "dia_semana": 5, "hora_hecho": "08:30", "barrio": "SAN FERNANDO NUEVO", "estrato": 4, "geom": "0101000020E6100000000000608A2253C000000080D86B0B40", "fecha_hech": "2024-12-19 00:00:00" }, "geometry": { "type": "Point", "coordinates": [ -76.539695739750002, 3.42765903473 ] } },
{ "type": "Feature", "properties": { "dinamica": "HURTO", "titulo": "DELITOS CONTRA EL PATRIMONIO ECONOMICO", "capitulo": "DEL HURTO", "articulo": "HURTO CALIFICADO. ART. 240 C.P.", "grado_deli": "NINGUNO", "tipo_notic": "DENUNCIA", "caracteriz": "HURTO DE MOTOCICLETAS", "modalidad": "HALADO", "modo": null, "motivo": null, "pais": "COLOMBIA", "dane_dep": 76, "departamen": "VALLE DEL CAUCA", "dane_mpio": 76001, "municipio": "CALI", "cod_comuna": 19.0, "comuna": "Comuna 19", "cod_barrio": 1913.0, "nom_barrio": "El Cedro", "direccion": "76001 Carrera 28 6 37, Santiago De Cali, Cali, Valle Del Cauca, COL,EL CEDRO", "sitio": "SIN INFORMACION", "x": -76.53847503662, "y": 3.4326589107499998, "anio": 2024, "mes": "diciembre", "dia": 20, "dia_semana": 6, "hora_hecho": "16:30", "barrio": "EL CEDRO", "estrato": 4, "geom": "0101000020E610000000000060762253C0000000E015760B40", "fecha_hech": "2024-12-20 00:00:00" }, "geometry": { "type": "Point", "coordinates": [ -76.53847503662, 3.43265891075 ] } },
{ "type": "Feature", "properties": { "dinamica": "HURTO", "titulo": "DELITOS CONTRA EL PATRIMONIO ECONOMICO", "capitulo": "DEL HURTO", "articulo": "HURTO. ART. 239 C.P.", "grado_deli": "NINGUNO", "tipo_notic": "DENUNCIA", "caracteriz": "HURTO A CELULARES", "modalidad": "COSQUILLEO", "modo": null, "motivo": null, "pais": "COLOMBIA", "dane_dep": 76, "departamen": "VALLE DEL CAUCA", "dane_mpio": 76001, "municipio": "CALI", "cod_comuna": 19.0, "comuna": "Comuna 19", "cod_barrio": 1913.0, "nom_barrio": "El Cedro", "direccion": "76001 CARRERA 30A CON CALLE 7, EL CEDRO, CALI, VALLE DEL CAUCA", "sitio": "TRANSPORTE MASIVO", "x": -76.53807067871, "y": 3.4297869205499998, "anio": 2024, "mes": "diciembre", "dia": 23, "dia_semana": 2, "hora_hecho": "11:00", "barrio": "EL CEDRO", "estrato": 4, "geom": "0101000020E6100000000000C06F2253C00000002034700B40", "fecha_hech": "2024-12-23 00:00:00" }, "geometry": { "type": "Point", "coordinates": [ -76.53807067871, 3.42978692055 ] } },
{ "type": "Feature", "properties": { "dinamica": "HURTO", "titulo": "DELITOS CONTRA EL PATRIMONIO ECONOMICO", "capitulo": "DEL HURTO", "articulo": "HURTO CALIFICADO. ART. 240 C.P.", "grado_deli": "NINGUNO", "tipo_notic": "DENUNCIA", "caracteriz": "HURTO A PERSONAS", "modalidad": "VIOLACION DE CERRADURA", "modo": null, "motivo": null, "pais": "COLOMBIA", "dane_dep": 76, "departamen": "VALLE DEL CAUCA", "dane_mpio": 76001, "municipio": "CALI", "cod_comuna": 19.0, "comuna": "Comuna 19", "cod_barrio": 1912.0, "nom_barrio": "3 de Julio", "direccion": "76001 CARRERA 27 5C 88", "sitio": "ZONA DE PARQUEO", "x": -76.539001464839998, "y": 3.43321990967, "anio": 2024, "mes": "diciembre", "dia": 26, "dia_semana": 5, "hora_hecho": "07:30", "barrio": "3 DE JULIO", "estrato": 4, "geom": "0101000020E6100000000000007F2253C0000000003C770B40", "fecha_hech": "2024-12-26 00:00:00" }, "geometry": { "type": "Point", "coordinates": [ -76.539001464839998, 3.43321990967 ] } },
{ "type": "Feature", "properties": { "dinamica": "HURTO", "titulo": "DELITOS CONTRA EL PATRIMONIO ECONOMICO", "capitulo": "DEL HURTO", "articulo": "HURTO CALIFICADO. ART. 240 C.P.", "grado_deli": "NINGUNO", "tipo_notic": "DENUNCIA", "caracteriz": "HURTO DE MOTOCICLETAS", "modalidad": "ATRACO", "modo": "ARMA DE FUEGO", "motivo": null, "pais": "COLOMBIA", "dane_dep": 76, "departamen": "VALLE DEL CAUCA", "dane_mpio": 76001, "municipio": "CALI", "cod_comuna": 19.0, "comuna": "Comuna 19", "cod_barrio": 1912.0, "nom_barrio": "3 de Julio", "direccion": "76001 CARRERA 27 5C 26, SANTIAGO DE CALI, CALI, VALLE DEL CAUCA", "sitio": "VIA PUBLICA", "x": -76.539665222170001, "y": 3.4326920509300001, "anio": 2024, "mes": "diciembre", "dia": 27, "dia_semana": 6, "hora_hecho": "01:00", "barrio": "3 DE JULIO", "estrato": 4, "geom": "0101000020E6100000000000E0892253C00000004027760B40", "fecha_hech": "2024-12-27 00:00:00" }, "geometry": { "type": "Point", "coordinates": [ -76.539665222170001, 3.43269205093 ] } },
{ "type": "Feature", "properties": { "dinamica": "HURTO", "titulo": "DELITOS CONTRA EL PATRIMONIO ECONOMICO", "capitulo": "DEL HURTO", "articulo": "HURTO. ART. 239 C.P.", "grado_deli": "NINGUNO", "tipo_notic": "DENUNCIA", "caracteriz": "HURTO A PERSONAS", "modalidad": "COSQUILLEO", "modo": null, "motivo": null, "pais": "COLOMBIA", "dane_dep": 76, "departamen": "VALLE DEL CAUCA", "dane_mpio": 76001, "municipio": "CALI", "cod_comuna": 19.0, "comuna": "Comuna 19", "cod_barrio": 1913.0, "nom_barrio": "El Cedro", "direccion": "76001 Calle 9 32a 16, Santiago De Cali, Cali, Valle Del Cauca, COL,EL CEDRO", "sitio": "SIN INFORMACION", "x": -76.53759765625, "y": 3.42698097229, "anio": 2024, "mes": "diciembre", "dia": 27, "dia_semana": 6, "hora_hecho": "01:30", "barrio": "EL CEDRO", "estrato": 4, "geom": "0101000020E610000000000000682253C000000000756A0B40", "fecha_hech": "2024-12-27 00:00:00" }, "geometry": { "type": "Point", "coordinates": [ -76.53759765625, 3.42698097229 ] } },
{ "type": "Feature", "properties": { "dinamica": "HURTO", "titulo": "DELITOS CONTRA EL PATRIMONIO ECONOMICO", "capitulo": "DEL HURTO", "articulo": "HURTO CALIFICADO. ART. 240 C.P.", "grado_deli": "NINGUNO", "tipo_notic": "DENUNCIA", "caracteriz": "HURTO DE MOTOCICLETAS", "modalidad": "HALADO", "modo": null, "motivo": null, "pais": "COLOMBIA", "dane_dep": 76, "departamen": "VALLE DEL CAUCA", "dane_mpio": 76001, "municipio": "CALI", "cod_comuna": 19.0, "comuna": "Comuna 19", "cod_barrio": 1905.0, "nom_barrio": "Eucaristico", "direccion": "76001 CL 9 CON KR 34 A-1", "sitio": "SIN INFORMACION", "x": -76.53791809082, "y": 3.42591094971, "anio": 2024, "mes": "diciembre", "dia": 28, "dia_semana": 7, "hora_hecho": "05:30", "barrio": null, "estrato": 4, "geom": "0101000020E6100000000000406D2253C00000000044680B40", "fecha_hech": "2024-12-28 00:00:00" }, "geometry": { "type": "Point", "coordinates": [ -76.53791809082, 3.42591094971 ] } },
{ "type": "Feature", "properties": { "dinamica": "HURTO", "titulo": "DELITOS CONTRA EL PATRIMONIO ECONOMICO", "capitulo": "DEL HURTO", "articulo": "HURTO. ART. 239 C.P.", "grado_deli": "NINGUNO", "tipo_notic": "DENUNCIA", "caracteriz": "HURTO A PERSONAS", "modalidad": "COSQUILLEO", "modo": null, "motivo": null, "pais": "COLOMBIA", "dane_dep": 76, "departamen": "VALLE DEL CAUCA", "dane_mpio": 76001, "municipio": "CALI", "cod_comuna": 19.0, "comuna": "Comuna 19", "cod_barrio": 1913.0, "nom_barrio": "El Cedro", "direccion": "76001 CARRERA 32 7 20", "sitio": "VIA PUBLICA", "x": -76.538291931149999, "y": 3.4283089637800002, "anio": 2024, "mes": "diciembre", "dia": 28, "dia_semana": 7, "hora_hecho": "23:30", "barrio": "EL CEDRO", "estrato": 4, "geom": "0101000020E610000000000060732253C0000000402D6D0B40", "fecha_hech": "2024-12-28 00:00:00" }, "geometry": { "type": "Point", "coordinates": [ -76.538291931149999, 3.42830896378 ] } },
{ "type": "Feature", "properties": { "dinamica": "HURTO", "titulo": "DELITOS CONTRA EL PATRIMONIO ECONOMICO", "capitulo": "DEL HURTO", "articulo": "HURTO CALIFICADO. ART. 240 C.P.", "grado_deli": "AGRAVADO", "tipo_notic": "ACTOS URGENTES", "caracteriz": "HURTO A PERSONAS", "modalidad": "FLETEO", "modo": null, "motivo": null, "pais": "COLOMBIA", "dane_dep": 76, "departamen": "VALLE DEL CAUCA", "dane_mpio": 76001, "municipio": "CALI", "cod_comuna": 19.0, "comuna": "Comuna 19", "cod_barrio": 1913.0, "nom_barrio": "El Cedro", "direccion": "76001 BANCOLOMBIA AVENIDA ROOSEVELT", "sitio": "VIA PUBLICA", "x": -76.538703918460001, "y": 3.43463206291, "anio": 2024, "mes": "diciembre", "dia": 30, "dia_semana": 2, "hora_hecho": "13:55", "barrio": "EL CEDRO", "estrato": 4, "geom": "0101000020E6100000000000207A2253C000000060207A0B40", "fecha_hech": "2024-12-30 00:00:00" }, "geometry": { "type": "Point", "coordinates": [ -76.538703918460001, 3.43463206291 ] } },
{ "type": "Feature", "properties": { "dinamica": "HURTO", "titulo": "DELITOS CONTRA EL PATRIMONIO ECONOMICO", "capitulo": "DEL HURTO", "articulo": "HURTO CALIFICADO. ART. 240 C.P.", "grado_deli": "NINGUNO", "tipo_notic": "DENUNCIA", "caracteriz": "HURTO A RESIDENCIA", "modalidad": "VIOLACION DE CERRADURA", "modo": null, "motivo": null, "pais": "COLOMBIA", "dane_dep": 76, "departamen": "VALLE DEL CAUCA", "dane_mpio": 76001, "municipio": "CALI", "cod_comuna": 19.0, "comuna": "Comuna 19", "cod_barrio": 1905.0, "nom_barrio": "Eucaristico", "direccion": "76001 CALLE 6 CON CARRERA 35, SAN FERNANDO NUEVO, CALI, VALLE DEL CAUCA", "sitio": "DOMICILIO", "x": -76.539443969730002, "y": 3.4272470474199999, "anio": 2024, "mes": "diciembre", "dia": 30, "dia_semana": 2, "hora_hecho": "21:30", "barrio": "BARRIO EUCARÍSTICO", "estrato": 4, "geom": "0101000020E610000000000040862253C000000080006B0B40", "fecha_hech": "2024-12-30 00:00:00" }, "geometry": { "type": "Point", "coordinates": [ -76.539443969730002, 3.42724704742 ] } },
{ "type": "Feature", "properties": { "dinamica": "HURTO", "titulo": "DELITOS CONTRA EL PATRIMONIO ECONOMICO", "capitulo": "DEL HURTO", "articulo": "HURTO. ART. 239 C.P.", "grado_deli": "NINGUNO", "tipo_notic": "DENUNCIA", "caracteriz": "HURTO A PERSONAS", "modalidad": "COSQUILLEO", "modo": null, "motivo": null, "pais": "COLOMBIA", "dane_dep": 76, "departamen": "VALLE DEL CAUCA", "dane_mpio": 76001, "municipio": "CALI", "cod_comuna": 19.0, "comuna": "Comuna 19", "cod_barrio": 1912.0, "nom_barrio": "3 de Julio", "direccion": "76001 CARRERA 27 5C 35, SANTIAGO DE CALI, CALI, VALLE DEL CAUCA", "sitio": "TRANSPORTE MASIVO", "x": -76.539329528810001, "y": 3.4334878921500001, "anio": 2025, "mes": "enero", "dia": 1, "dia_semana": 4, "hora_hecho": "05:24", "barrio": "3 DE JULIO", "estrato": 4, "geom": "0101000020E610000000000060842253C000000080C8770B40", "fecha_hech": "2025-01-01 00:00:00" }, "geometry": { "type": "Point", "coordinates": [ -76.539329528810001, 3.43348789215 ] } },
{ "type": "Feature", "properties": { "dinamica": "HURTO", "titulo": "DELITOS CONTRA EL PATRIMONIO ECONOMICO", "capitulo": "DEL HURTO", "articulo": "HURTO CALIFICADO. ART. 240 C.P.", "grado_deli": "NINGUNO", "tipo_notic": "DENUNCIA", "caracteriz": "HURTO DE MOTOCICLETAS", "modalidad": "HALADO", "modo": null, "motivo": null, "pais": "COLOMBIA", "dane_dep": 76, "departamen": "VALLE DEL CAUCA", "dane_mpio": 76001, "municipio": "CALI", "cod_comuna": 19.0, "comuna": "Comuna 19", "cod_barrio": 1913.0, "nom_barrio": "El Cedro", "direccion": "76001 CL 7 CON KR 29-24", "sitio": "SIN INFORMACION", "x": -76.537895202640001, "y": 3.4306099414800002, "anio": 2025, "mes": "enero", "dia": 8, "dia_semana": 4, "hora_hecho": "12:00", "barrio": null, "estrato": 4, "geom": "0101000020E6100000000000E06C2253C0000000A0E3710B40", "fecha_hech": "2025-01-08 00:00:00" }, "geometry": { "type": "Point", "coordinates": [ -76.537895202640001, 3.43060994148 ] } },
{ "type": "Feature", "properties": { "dinamica": "HURTO", "titulo": "DELITOS CONTRA EL PATRIMONIO ECONOMICO", "capitulo": "DEL HURTO", "articulo": "HURTO CALIFICADO. ART. 240 C.P.", "grado_deli": "NINGUNO", "tipo_notic": "DENUNCIA", "caracteriz": "HURTO DE VEHICULOS", "modalidad": "HALADO", "modo": null, "motivo": null, "pais": "COLOMBIA", "dane_dep": 76, "departamen": "VALLE DEL CAUCA", "dane_mpio": 76001, "municipio": "CALI", "cod_comuna": 19.0, "comuna": "Comuna 19", "cod_barrio": 1912.0, "nom_barrio": "3 de Julio", "direccion": "76001 CARRERA 29 5C 92", "sitio": "VIA PUBLICA", "x": -76.539085388179998, "y": 3.4316759109500001, "anio": 2025, "mes": "enero", "dia": 13, "dia_semana": 2, "hora_hecho": "13:35", "barrio": "3 DE JULIO", "estrato": 4, "geom": "0101000020E610000000000060802253C00000008012740B40", "fecha_hech": "2025-01-13 00:00:00" }, "geometry": { "type": "Point", "coordinates": [ -76.539085388179998, 3.43167591095 ] } },
{ "type": "Feature", "properties": { "dinamica": "HURTO", "titulo": "DELITOS CONTRA EL PATRIMONIO ECONOMICO", "capitulo": "DEL HURTO", "articulo": "HURTO. ART. 239 C.P.", "grado_deli": "AGRAVADO", "tipo_notic": "DENUNCIA", "caracteriz": "HURTO A CELULARES", "modalidad": "FACTOR DE OPORTUNIDAD", "modo": null, "motivo": null, "pais": "COLOMBIA", "dane_dep": 76, "departamen": "VALLE DEL CAUCA", "dane_mpio": 76001, "municipio": "CALI", "cod_comuna": 19.0, "comuna": "Comuna 19", "cod_barrio": 1912.0, "nom_barrio": "3 de Julio", "direccion": "76001 CALLE 6 27 51", "sitio": "ESTABLECIMIENTO DE COMERCIO", "x": -76.538856506350001, "y": 3.4329080581700002, "anio": 2025, "mes": "enero", "dia": 15, "dia_semana": 4, "hora_hecho": "12:30", "barrio": "EL CEDRO", "estrato": 4, "geom": "0101000020E6100000000000A07C2253C00000008098760B40", "fecha_hech": "2025-01-15 00:00:00" }, "geometry": { "type": "Point", "coordinates": [ -76.538856506350001, 3.43290805817 ] } },
{ "type": "Feature", "properties": { "dinamica": "HURTO", "titulo": "DELITOS CONTRA EL PATRIMONIO ECONOMICO", "capitulo": "DEL HURTO", "articulo": "HURTO. ART. 239 C.P.", "grado_deli": "NINGUNO", "tipo_notic": "DENUNCIA", "caracteriz": "HURTO A PERSONAS", "modalidad": "RAPONAZO", "modo": null, "motivo": null, "pais": "COLOMBIA", "dane_dep": 76, "departamen": "VALLE DEL CAUCA", "dane_mpio": 76001, "municipio": "CALI", "cod_comuna": 19.0, "comuna": "Comuna 19", "cod_barrio": 1906.0, "nom_barrio": "San Fernando Nuevo", "direccion": "76001 CARRERA 36 5B3 97, SAN FERNANDO NUEVO, CALI, VALLE DEL CAUCA", "sitio": "VIA PUBLICA", "x": -76.54094696045, "y": 3.4282610416399999, "anio": 2025, "mes": "enero", "dia": 16, "dia_semana": 5, "hora_hecho": "12:45", "barrio": "SAN FERNANDO NUEVO", "estrato": 4, "geom": "0101000020E6100000000000E09E2253C000000020146D0B40", "fecha_hech": "2025-01-16 00:00:00" }, "geometry": { "type": "Point", "coordinates": [ -76.54094696045, 3.42826104164 ] } },
{ "type": "Feature", "properties": { "dinamica": "HURTO", "titulo": "DELITOS CONTRA EL PATRIMONIO ECONOMICO", "capitulo": "DEL HURTO", "articulo": "HURTO CALIFICADO. ART. 240 C.P.", "grado_deli": "NINGUNO", "tipo_notic": "DENUNCIA", "caracteriz": "HURTO DE MOTOCICLETAS", "modalidad": "ATRACO", "modo": "ARMA DE FUEGO", "motivo": null, "pais": "COLOMBIA", "dane_dep": 76, "departamen": "VALLE DEL CAUCA", "dane_mpio": 76001, "municipio": "CALI", "cod_comuna": 19.0, "comuna": "Comuna 19", "cod_barrio": 1905.0, "nom_barrio": "Eucaristico", "direccion": "76001 CARRERA 36, BARRIO EUCARISTICO, CALI, VALLE DEL CAUCA", "sitio": "VIA PUBLICA", "x": -76.538482666020002, "y": 3.4257609844200001, "anio": 2025, "mes": "enero", "dia": 17, "dia_semana": 6, "hora_hecho": "00:00", "barrio": "BARRIO EUCARÍSTICO", "estrato": 4, "geom": "0101000020E610000000000080762253C000000060F5670B40", "fecha_hech": "2025-01-17 00:00:00" }, "geometry": { "type": "Point", "coordinates": [ -76.538482666020002, 3.42576098442 ] } },
{ "type": "Feature", "properties": { "dinamica": "HURTO", "titulo": "DELITOS CONTRA EL PATRIMONIO ECONOMICO", "capitulo": "DEL HURTO", "articulo": "HURTO CALIFICADO. ART. 240 C.P.", "grado_deli": "NINGUNO", "tipo_notic": "DENUNCIA", "caracteriz": "HURTO A PERSONAS", "modalidad": "ATRACO", "modo": "ARMA DE FUEGO", "motivo": null, "pais": "COLOMBIA", "dane_dep": 76, "departamen": "VALLE DEL CAUCA", "dane_mpio": 76001, "municipio": "CALI", "cod_comuna": 19.0, "comuna": "Comuna 19", "cod_barrio": 1905.0, "nom_barrio": "Eucaristico", "direccion": "76001 CARRERA 36 8 37, SANTIAGO DE CALI, CALI, VALLE DEL CAUCA", "sitio": "VIA PUBLICA", "x": -76.538108825679998, "y": 3.4258289337200001, "anio": 2025, "mes": "enero", "dia": 18, "dia_semana": 7, "hora_hecho": "13:40", "barrio": "BARRIO EUCARÍSTICO", "estrato": 4, "geom": "0101000020E610000000000060702253C00000000019680B40", "fecha_hech": "2025-01-18 00:00:00" }, "geometry": { "type": "Point", "coordinates": [ -76.538108825679998, 3.42582893372 ] } },
{ "type": "Feature", "properties": { "dinamica": "HURTO", "titulo": "DELITOS CONTRA EL PATRIMONIO ECONOMICO", "capitulo": "DEL HURTO", "articulo": "HURTO CALIFICADO. ART. 240 C.P.", "grado_deli": "NINGUNO", "tipo_notic": "DENUNCIA", "caracteriz": "HURTO A CELULARES", "modalidad": "ATRACO", "modo": "ARMA DE FUEGO", "motivo": "SIN DETERMINAR", "pais": "COLOMBIA", "dane_dep": 76, "departamen": "VALLE DEL CAUCA", "dane_mpio": 76001, "municipio": "CALI", "cod_comuna": 19.0, "comuna": "Comuna 19", "cod_barrio": 1905.0, "nom_barrio": "Eucaristico", "direccion": "76001 CALLE 9 CON CARRERA 36, BARRIO EUCARISTICO, CALI, VALLE DEL CAUCA", "sitio": "VIA PUBLICA", "x": -76.537895202640001, "y": 3.4255349636100001, "anio": 2025, "mes": "enero", "dia": 18, "dia_semana": 7, "hora_hecho": "23:30", "barrio": "BARRIO EUCARÍSTICO", "estrato": 4, "geom": "0101000020E6100000000000E06C2253C0000000E07E670B40", "fecha_hech": "2025-01-18 00:00:00" }, "geometry": { "type": "Point", "coordinates": [ -76.537895202640001, 3.42553496361 ] } },
{ "type": "Feature", "properties": { "dinamica": "HURTO", "titulo": "DELITOS CONTRA EL PATRIMONIO ECONOMICO", "capitulo": "DEL HURTO", "articulo": "HURTO CALIFICADO. ART. 240 C.P.", "grado_deli": "NINGUNO", "tipo_notic": "DENUNCIA", "caracteriz": "HURTO A PERSONAS", "modalidad": "ATRACO", "modo": "ARMA DE FUEGO", "motivo": null, "pais": "COLOMBIA", "dane_dep": 76, "departamen": "VALLE DEL CAUCA", "dane_mpio": 76001, "municipio": "CALI", "cod_comuna": 19.0, "comuna": "Comuna 19", "cod_barrio": 1913.0, "nom_barrio": "El Cedro", "direccion": "76001 CALLE 6 25 67, SANTIAGO DE CALI, CALI, VALLE DEL CAUCA", "sitio": "ESTABLECIMIENTO DE COMERCIO", "x": -76.53855895996, "y": 3.4345009326899998, "anio": 2025, "mes": "enero", "dia": 21, "dia_semana": 3, "hora_hecho": "15:45", "barrio": "EL CEDRO", "estrato": 4, "geom": "0101000020E6100000000000C0772253C0000000A0DB790B40", "fecha_hech": "2025-01-21 00:00:00" }, "geometry": { "type": "Point", "coordinates": [ -76.53855895996, 3.43450093269 ] } },
{ "type": "Feature", "properties": { "dinamica": "HURTO", "titulo": "DELITOS CONTRA EL PATRIMONIO ECONOMICO", "capitulo": "DEL HURTO", "articulo": "HURTO CALIFICADO. ART. 240 C.P.", "grado_deli": "AGRAVADO", "tipo_notic": "DENUNCIA", "caracteriz": "HURTO A PERSONAS", "modalidad": "ATRACO", "modo": "ARMA DE FUEGO", "motivo": null, "pais": "COLOMBIA", "dane_dep": 76, "departamen": "VALLE DEL CAUCA", "dane_mpio": 76001, "municipio": "CALI", "cod_comuna": 19.0, "comuna": "Comuna 19", "cod_barrio": 1913.0, "nom_barrio": "El Cedro", "direccion": "76001 CARRERA 32, EL CEDRO, CALI, VALLE DEL CAUCA", "sitio": "VIA PUBLICA", "x": -76.5385055542, "y": 3.4284749031100001, "anio": 2025, "mes": "enero", "dia": 22, "dia_semana": 4, "hora_hecho": "05:00", "barrio": "EL CEDRO", "estrato": 4, "geom": "0101000020E6100000000000E0762253C000000040846D0B40", "fecha_hech": "2025-01-22 00:00:00" }, "geometry": { "type": "Point", "coordinates": [ -76.5385055542, 3.42847490311 ] } },
{ "type": "Feature", "properties": { "dinamica": "HURTO", "titulo": "DELITOS CONTRA EL PATRIMONIO ECONOMICO", "capitulo": "DEL HURTO", "articulo": "HURTO. ART. 239 C.P.", "grado_deli": "NINGUNO", "tipo_notic": "DENUNCIA", "caracteriz": "HURTO A PERSONAS", "modalidad": "COSQUILLEO", "modo": null, "motivo": null, "pais": "COLOMBIA", "dane_dep": 76, "departamen": "VALLE DEL CAUCA", "dane_mpio": 76001, "municipio": "CALI", "cod_comuna": 19.0, "comuna": "Comuna 19", "cod_barrio": 1912.0, "nom_barrio": "3 de Julio", "direccion": "76001 BARRIO/LOCALIDAD/COMUNA:3 DE JULIO/COMUNA 19,CALI/VALLE DEL CAUCA,3 DE JULIO", "sitio": "SIN INFORMACION", "x": -76.540092468259999, "y": 3.4331030845599999, "anio": 2025, "mes": "enero", "dia": 22, "dia_semana": 4, "hora_hecho": "06:33", "barrio": "3 DE JULIO", "estrato": 4, "geom": "0101000020E6100000000000E0902253C0000000C0FE760B40", "fecha_hech": "2025-01-22 00:00:00" }, "geometry": { "type": "Point", "coordinates": [ -76.540092468259999, 3.43310308456 ] } },
{ "type": "Feature", "properties": { "dinamica": "HURTO", "titulo": "DELITOS CONTRA EL PATRIMONIO ECONOMICO", "capitulo": "DEL HURTO", "articulo": "HURTO. ART. 239 C.P.", "grado_deli": "NINGUNO", "tipo_notic": "DENUNCIA", "caracteriz": "HURTO A PERSONAS", "modalidad": "COSQUILLEO", "modo": null, "motivo": null, "pais": "COLOMBIA", "dane_dep": 76, "departamen": "VALLE DEL CAUCA", "dane_mpio": 76001, "municipio": "CALI", "cod_comuna": 19.0, "comuna": "Comuna 19", "cod_barrio": 1913.0, "nom_barrio": "El Cedro", "direccion": "76001 CARRERA 34, BARRIO EUCARISTICO, CALI, VALLE DEL CAUCA", "sitio": "VIA PUBLICA", "x": -76.53847503662, "y": 3.4275588989300001, "anio": 2025, "mes": "enero", "dia": 22, "dia_semana": 4, "hora_hecho": "22:00", "barrio": "EL CEDRO", "estrato": 4, "geom": "0101000020E610000000000060762253C000000000A46B0B40", "fecha_hech": "2025-01-22 00:00:00" }, "geometry": { "type": "Point", "coordinates": [ -76.53847503662, 3.42755889893 ] } },
{ "type": "Feature", "properties": { "dinamica": "HURTO", "titulo": "DELITOS CONTRA EL PATRIMONIO ECONOMICO", "capitulo": "DEL HURTO", "articulo": "HURTO CALIFICADO. ART. 240 C.P.", "grado_deli": "NINGUNO", "tipo_notic": "DENUNCIA", "caracteriz": "HURTO A PERSONAS", "modalidad": "VIOLACION DE CERRADURA", "modo": null, "motivo": null, "pais": "COLOMBIA", "dane_dep": 76, "departamen": "VALLE DEL CAUCA", "dane_mpio": 76001, "municipio": "CALI", "cod_comuna": 19.0, "comuna": "Comuna 19", "cod_barrio": 1913.0, "nom_barrio": "El Cedro", "direccion": "76001 BANCOLOMBIA AVENIDA ROOSEVELT", "sitio": "VIA PUBLICA", "x": -76.538703918460001, "y": 3.43463206291, "anio": 2025, "mes": "enero", "dia": 24, "dia_semana": 6, "hora_hecho": "21:30", "barrio": "EL CEDRO", "estrato": 4, "geom": "0101000020E6100000000000207A2253C000000060207A0B40", "fecha_hech": "2025-01-24 00:00:00" }, "geometry": { "type": "Point", "coordinates": [ -76.538703918460001, 3.43463206291 ] } },
{ "type": "Feature", "properties": { "dinamica": "HURTO", "titulo": "DELITOS CONTRA EL PATRIMONIO ECONOMICO", "capitulo": "DEL HURTO", "articulo": "HURTO CALIFICADO. ART. 240 C.P.", "grado_deli": "NINGUNO", "tipo_notic": "DENUNCIA", "caracteriz": "HURTO DE MOTOCICLETAS", "modalidad": "HALADO", "modo": null, "motivo": null, "pais": "COLOMBIA", "dane_dep": 76, "departamen": "VALLE DEL CAUCA", "dane_mpio": 76001, "municipio": "CALI", "cod_comuna": 19.0, "comuna": "Comuna 19", "cod_barrio": 1912.0, "nom_barrio": "3 de Julio", "direccion": "76001 DAVIVIENDA ROOSEVELT", "sitio": "VIA PUBLICA", "x": -76.539443969730002, "y": 3.4351689815499999, "anio": 2025, "mes": "enero", "dia": 27, "dia_semana": 2, "hora_hecho": "00:00", "barrio": "3 DE JULIO", "estrato": 4, "geom": "0101000020E610000000000040862253C0000000E0397B0B40", "fecha_hech": "2025-01-27 00:00:00" }, "geometry": { "type": "Point", "coordinates": [ -76.539443969730002, 3.43516898155 ] } },
{ "type": "Feature", "properties": { "dinamica": "HURTO", "titulo": "DELITOS CONTRA EL PATRIMONIO ECONOMICO", "capitulo": "DEL HURTO", "articulo": "HURTO. ART. 239 C.P.", "grado_deli": "AGRAVADO", "tipo_notic": "DENUNCIA", "caracteriz": "HURTO A PERSONAS", "modalidad": "COSQUILLEO", "modo": null, "motivo": null, "pais": "COLOMBIA", "dane_dep": 76, "departamen": "VALLE DEL CAUCA", "dane_mpio": 76001, "municipio": "CALI", "cod_comuna": 19.0, "comuna": "Comuna 19", "cod_barrio": 1912.0, "nom_barrio": "3 de Julio", "direccion": "76001 CARRERA 27 5B 58", "sitio": "VIA PUBLICA", "x": -76.54005432129, "y": 3.4332690239, "anio": 2025, "mes": "enero", "dia": 27, "dia_semana": 2, "hora_hecho": "23:45", "barrio": "3 DE JULIO", "estrato": 4, "geom": "0101000020E610000000000040902253C0000000C055770B40", "fecha_hech": "2025-01-27 00:00:00" }, "geometry": { "type": "Point", "coordinates": [ -76.54005432129, 3.4332690239 ] } },
{ "type": "Feature", "properties": { "dinamica": "HURTO", "titulo": "DELITOS CONTRA EL PATRIMONIO ECONOMICO", "capitulo": "DEL HURTO", "articulo": "HURTO. ART. 239 C.P.", "grado_deli": "AGRAVADO", "tipo_notic": "DENUNCIA", "caracteriz": "HURTO A ESTABLECIMIENTOS", "modalidad": "FACTOR DE OPORTUNIDAD", "modo": null, "motivo": null, "pais": "COLOMBIA", "dane_dep": 76, "departamen": "VALLE DEL CAUCA", "dane_mpio": 76001, "municipio": "CALI", "cod_comuna": 19.0, "comuna": "Comuna 19", "cod_barrio": 1912.0, "nom_barrio": "3 de Julio", "direccion": "76001 Clinica Tascon Odontologia S A S, Calle 5C 40 69, 3 de Julio, Cali, Valle del Cauca, COL,3 DE JULIO", "sitio": "SIN INFORMACION", "x": -76.539459228520002, "y": 3.4335870742800001, "anio": 2025, "mes": "enero", "dia": 28, "dia_semana": 3, "hora_hecho": "03:30", "barrio": "3 DE JULIO", "estrato": 4, "geom": "0101000020E610000000000080862253C000000080FC770B40", "fecha_hech": "2025-01-28 00:00:00" }, "geometry": { "type": "Point", "coordinates": [ -76.539459228520002, 3.43358707428 ] } },
{ "type": "Feature", "properties": { "dinamica": "HURTO", "titulo": "DELITOS CONTRA EL PATRIMONIO ECONOMICO", "capitulo": "DEL HURTO", "articulo": "HURTO CALIFICADO. ART. 240 C.P.", "grado_deli": "NINGUNO", "tipo_notic": "DENUNCIA", "caracteriz": "HURTO DE VEHICULOS", "modalidad": "HALADO", "modo": null, "motivo": null, "pais": "COLOMBIA", "dane_dep": 76, "departamen": "VALLE DEL CAUCA", "dane_mpio": 76001, "municipio": "CALI", "cod_comuna": 19.0, "comuna": "Comuna 19", "cod_barrio": 1913.0, "nom_barrio": "El Cedro", "direccion": "76001 CALLE 7 25 60, SANTIAGO DE CALI, CALI, VALLE DEL CAUCA", "sitio": "VIA PUBLICA", "x": -76.53758239746, "y": 3.4345500469200001, "anio": 2025, "mes": "enero", "dia": 30, "dia_semana": 5, "hora_hecho": "00:00", "barrio": "EL CEDRO", "estrato": 4, "geom": "0101000020E6100000000000C0672253C000000060F5790B40", "fecha_hech": "2025-01-30 00:00:00" }, "geometry": { "type": "Point", "coordinates": [ -76.53758239746, 3.43455004692 ] } },
{ "type": "Feature", "properties": { "dinamica": "HURTO", "titulo": "DELITOS CONTRA EL PATRIMONIO ECONOMICO", "capitulo": "DEL HURTO", "articulo": "HURTO CALIFICADO. ART. 240 C.P.", "grado_deli": "AGRAVADO", "tipo_notic": "DENUNCIA", "caracteriz": "HURTO A PERSONAS", "modalidad": "ATRACO", "modo": "ARMA DE FUEGO", "motivo": null, "pais": "COLOMBIA", "dane_dep": 76, "departamen": "VALLE DEL CAUCA", "dane_mpio": 76001, "municipio": "CALI", "cod_comuna": 19.0, "comuna": "Comuna 19", "cod_barrio": 1913.0, "nom_barrio": "El Cedro", "direccion": "76001 CARRERA 27, EL CEDRO, CALI, VALLE DEL CAUCA", "sitio": "VIA PUBLICA", "x": -76.537719726559999, "y": 3.4332339763599999, "anio": 2025, "mes": "febrero", "dia": 5, "dia_semana": 4, "hora_hecho": "11:30", "barrio": "EL CEDRO", "estrato": 4, "geom": "0101000020E6100000000000006A2253C00000006043770B40", "fecha_hech": "2025-02-05 00:00:00" }, "geometry": { "type": "Point", "coordinates": [ -76.537719726559999, 3.43323397636 ] } },
{ "type": "Feature", "properties": { "dinamica": "HURTO", "titulo": "DELITOS CONTRA EL PATRIMONIO ECONOMICO", "capitulo": "DEL HURTO", "articulo": "HURTO CALIFICADO. ART. 240 C.P.", "grado_deli": "AGRAVADO", "tipo_notic": "DENUNCIA", "caracteriz": "HURTO A PERSONAS", "modalidad": "ATRACO", "modo": "ARMA BLANCA", "motivo": null, "pais": "COLOMBIA", "dane_dep": 76, "departamen": "VALLE DEL CAUCA", "dane_mpio": 76001, "municipio": "CALI", "cod_comuna": 19.0, "comuna": "Comuna 19", "cod_barrio": 1913.0, "nom_barrio": "El Cedro", "direccion": "76001 Bancolombia Avenida Roosevelt, Calle 6, 3 de Julio, Cali, Valle del Cauca, COL,EL CEDRO", "sitio": "SIN INFORMACION", "x": -76.538719177250002, "y": 3.4345049858099999, "anio": 2025, "mes": "febrero", "dia": 6, "dia_semana": 5, "hora_hecho": "19:20", "barrio": "EL CEDRO", "estrato": 4, "geom": "0101000020E6100000000000607A2253C0000000C0DD790B40", "fecha_hech": "2025-02-06 00:00:00" }, "geometry": { "type": "Point", "coordinates": [ -76.538719177250002, 3.43450498581 ] } },
{ "type": "Feature", "properties": { "dinamica": "HURTO", "titulo": "DELITOS CONTRA EL PATRIMONIO ECONOMICO", "capitulo": "DEL HURTO", "articulo": "HURTO. ART. 239 C.P.", "grado_deli": "AGRAVADO", "tipo_notic": "DENUNCIA", "caracteriz": "HURTO A PERSONAS", "modalidad": "COSQUILLEO", "modo": null, "motivo": null, "pais": "COLOMBIA", "dane_dep": 76, "departamen": "VALLE DEL CAUCA", "dane_mpio": 76001, "municipio": "CALI", "cod_comuna": 19.0, "comuna": "Comuna 19", "cod_barrio": 1912.0, "nom_barrio": "3 de Julio", "direccion": "76001 BARRIO/LOCALIDAD/COMUNA:3 DE JULIO/COMUNA 19,CALI/VALLE DEL CAUCA,3 DE JULIO", "sitio": "SIN INFORMACION", "x": -76.54029083252, "y": 3.4327659606899998, "anio": 2025, "mes": "febrero", "dia": 10, "dia_semana": 2, "hora_hecho": "04:42", "barrio": "3 DE JULIO", "estrato": 4, "geom": "0101000020E610000000000020942253C0000000004E760B40", "fecha_hech": "2025-02-10 00:00:00" }, "geometry": { "type": "Point", "coordinates": [ -76.54029083252, 3.43276596069 ] } },
{ "type": "Feature", "properties": { "dinamica": "HURTO", "titulo": "DELITOS CONTRA EL PATRIMONIO ECONOMICO", "capitulo": "DEL HURTO", "articulo": "HURTO. ART. 239 C.P.", "grado_deli": "NINGUNO", "tipo_notic": "DENUNCIA", "caracteriz": "HURTO A CELULARES", "modalidad": "RAPONAZO", "modo": null, "motivo": "SIN DETERMINAR", "pais": "COLOMBIA", "dane_dep": 76, "departamen": "VALLE DEL CAUCA", "dane_mpio": 76001, "municipio": "CALI", "cod_comuna": 19.0, "comuna": "Comuna 19", "cod_barrio": 1905.0, "nom_barrio": "Eucaristico", "direccion": "76001 CALLE 8 CON CARRERA 34, BARRIO EUCARISTICO, CALI, VALLE DEL CAUCA", "sitio": "VIA PUBLICA", "x": -76.538124084469999, "y": 3.4267799854300001, "anio": 2025, "mes": "febrero", "dia": 15, "dia_semana": 7, "hora_hecho": "18:00", "barrio": "BARRIO EUCARÍSTICO", "estrato": 4, "geom": "0101000020E6100000000000A0702253C0000000A00B6A0B40", "fecha_hech": "2025-02-15 00:00:00" }, "geometry": { "type": "Point", "coordinates": [ -76.538124084469999, 3.42677998543 ] } },
{ "type": "Feature", "properties": { "dinamica": "HURTO", "titulo": "DELITOS CONTRA EL PATRIMONIO ECONOMICO", "capitulo": "DEL HURTO", "articulo": "HURTO CALIFICADO. ART. 240 C.P.", "grado_deli": "NINGUNO", "tipo_notic": "DENUNCIA", "caracteriz": "HURTO DE VEHICULOS", "modalidad": "HALADO", "modo": null, "motivo": null, "pais": "COLOMBIA", "dane_dep": 76, "departamen": "VALLE DEL CAUCA", "dane_mpio": 76001, "municipio": "CALI", "cod_comuna": 19.0, "comuna": "Comuna 19", "cod_barrio": 1913.0, "nom_barrio": "El Cedro", "direccion": "76001 CARRERA 30A 6 97", "sitio": "VIA PUBLICA", "x": -76.538352966310001, "y": 3.4300210475899999, "anio": 2025, "mes": "febrero", "dia": 18, "dia_semana": 3, "hora_hecho": "15:00", "barrio": "EL CEDRO", "estrato": 4, "geom": "0101000020E610000000000060742253C0000000E0AE700B40", "fecha_hech": "2025-02-18 00:00:00" }, "geometry": { "type": "Point", "coordinates": [ -76.538352966310001, 3.43002104759 ] } },
{ "type": "Feature", "properties": { "dinamica": "HURTO", "titulo": "DELITOS CONTRA EL PATRIMONIO ECONOMICO", "capitulo": "DEL HURTO", "articulo": "HURTO CALIFICADO. ART. 240 C.P.", "grado_deli": "NINGUNO", "tipo_notic": "DENUNCIA", "caracteriz": "HURTO DE VEHICULOS", "modalidad": "HALADO", "modo": null, "motivo": null, "pais": "COLOMBIA", "dane_dep": 76, "departamen": "VALLE DEL CAUCA", "dane_mpio": 76001, "municipio": "CALI", "cod_comuna": 19.0, "comuna": "Comuna 19", "cod_barrio": 1913.0, "nom_barrio": "El Cedro", "direccion": "76001 CALLE 6 26 43, SANTIAGO DE CALI, CALI, VALLE DEL CAUCA", "sitio": "VIA PUBLICA", "x": -76.53857421875, "y": 3.4339039325699998, "anio": 2025, "mes": "febrero", "dia": 18, "dia_semana": 3, "hora_hecho": "21:35", "barrio": "EL CEDRO", "estrato": 4, "geom": "0101000020E610000000000000782253C0000000A0A2780B40", "fecha_hech": "2025-02-18 00:00:00" }, "geometry": { "type": "Point", "coordinates": [ -76.53857421875, 3.43390393257 ] } },
{ "type": "Feature", "properties": { "dinamica": "HURTO", "titulo": "DELITOS CONTRA EL PATRIMONIO ECONOMICO", "capitulo": "DEL HURTO", "articulo": "HURTO. ART. 239 C.P.", "grado_deli": "NINGUNO", "tipo_notic": "DENUNCIA", "caracteriz": "HURTO A CELULARES", "modalidad": "RAPONAZO", "modo": null, "motivo": "IBA HABLANDO", "pais": "COLOMBIA", "dane_dep": 76, "departamen": "VALLE DEL CAUCA", "dane_mpio": 76001, "municipio": "CALI", "cod_comuna": 19.0, "comuna": "Comuna 19", "cod_barrio": 1913.0, "nom_barrio": "El Cedro", "direccion": "76001 CALLE 6 27 29, 3 DE JULIO, CALI, VALLE DEL CAUCA", "sitio": "VIA PUBLICA", "x": -76.53881072998, "y": 3.4330260753599999, "anio": 2025, "mes": "febrero", "dia": 20, "dia_semana": 5, "hora_hecho": "05:30", "barrio": "EL CEDRO", "estrato": 4, "geom": "0101000020E6100000000000E07B2253C000000060D6760B40", "fecha_hech": "2025-02-20 00:00:00" }, "geometry": { "type": "Point", "coordinates": [ -76.53881072998, 3.43302607536 ] } },
{ "type": "Feature", "properties": { "dinamica": "HURTO", "titulo": "DELITOS CONTRA EL PATRIMONIO ECONOMICO", "capitulo": "DEL HURTO", "articulo": "HURTO CALIFICADO. ART. 240 C.P.", "grado_deli": "NINGUNO", "tipo_notic": "ACTOS URGENTES", "caracteriz": "HURTO A ESTABLECIMIENTOS", "modalidad": "ATRACO", "modo": "ARMA BLANCA", "motivo": null, "pais": "COLOMBIA", "dane_dep": 76, "departamen": "VALLE DEL CAUCA", "dane_mpio": 76001, "municipio": "CALI", "cod_comuna": 19.0, "comuna": "Comuna 19", "cod_barrio": 1905.0, "nom_barrio": "Eucaristico", "direccion": "76001 CARRERA 36A BIS, BARRIO EUCARISTICO, CALI, VALLE DEL CAUCA", "sitio": "ESTABLECIMIENTO DE COMERCIO", "x": -76.540336608890001, "y": 3.4252059459700002, "anio": 2025, "mes": "febrero", "dia": 21, "dia_semana": 6, "hora_hecho": "09:00", "barrio": "BARRIO EUCARÍSTICO", "estrato": 4, "geom": "0101000020E6100000000000E0942253C000000060D2660B40", "fecha_hech": "2025-02-21 00:00:00" }, "geometry": { "type": "Point", "coordinates": [ -76.540336608890001, 3.42520594597 ] } },
{ "type": "Feature", "properties": { "dinamica": "HURTO", "titulo": "DELITOS CONTRA EL PATRIMONIO ECONOMICO", "capitulo": "DEL HURTO", "articulo": "HURTO CALIFICADO. ART. 240 C.P.", "grado_deli": "NINGUNO", "tipo_notic": "DENUNCIA", "caracteriz": "HURTO A PERSONAS", "modalidad": "COSQUILLEO", "modo": null, "motivo": null, "pais": "COLOMBIA", "dane_dep": 76, "departamen": "VALLE DEL CAUCA", "dane_mpio": 76001, "municipio": "CALI", "cod_comuna": 19.0, "comuna": "Comuna 19", "cod_barrio": 1912.0, "nom_barrio": "3 de Julio", "direccion": "76001 CALLE 5C 26 43, SANTIAGO DE CALI, CALI, VALLE DEL CAUCA", "sitio": "TRANSPORTE MASIVO", "x": -76.539276123050001, "y": 3.43383002281, "anio": 2025, "mes": "febrero", "dia": 25, "dia_semana": 3, "hora_hecho": "09:32", "barrio": "3 DE JULIO", "estrato": 4, "geom": "0101000020E610000000000080832253C0000000E07B780B40", "fecha_hech": "2025-02-25 00:00:00" }, "geometry": { "type": "Point", "coordinates": [ -76.539276123050001, 3.43383002281 ] } },
{ "type": "Feature", "properties": { "dinamica": "HURTO", "titulo": "DELITOS CONTRA EL PATRIMONIO ECONOMICO", "capitulo": "DEL HURTO", "articulo": "HURTO. ART. 239 C.P.", "grado_deli": "NINGUNO", "tipo_notic": "DENUNCIA", "caracteriz": "HURTO A PERSONAS", "modalidad": "COSQUILLEO", "modo": null, "motivo": null, "pais": "COLOMBIA", "dane_dep": 76, "departamen": "VALLE DEL CAUCA", "dane_mpio": 76001, "municipio": "CALI", "cod_comuna": 19.0, "comuna": "Comuna 19", "cod_barrio": 1913.0, "nom_barrio": "El Cedro", "direccion": "76001 CARRERA 27 6 51, SANTIAGO DE CALI, CALI, VALLE DEL CAUCA", "sitio": "TRANSPORTE MASIVO", "x": -76.53833770752, "y": 3.4333720207199998, "anio": 2025, "mes": "febrero", "dia": 27, "dia_semana": 5, "hora_hecho": "08:22", "barrio": "EL CEDRO", "estrato": 4, "geom": "0101000020E610000000000020742253C0000000C08B770B40", "fecha_hech": "2025-02-27 00:00:00" }, "geometry": { "type": "Point", "coordinates": [ -76.53833770752, 3.43337202072 ] } },
{ "type": "Feature", "properties": { "dinamica": "HURTO", "titulo": "DELITOS CONTRA EL PATRIMONIO ECONOMICO", "capitulo": "DEL HURTO", "articulo": "HURTO CALIFICADO. ART. 240 C.P.", "grado_deli": "AGRAVADO", "tipo_notic": "DENUNCIA", "caracteriz": "HURTO A PERSONAS", "modalidad": "FLETEO", "modo": null, "motivo": null, "pais": "COLOMBIA", "dane_dep": 76, "departamen": "VALLE DEL CAUCA", "dane_mpio": 76001, "municipio": "CALI", "cod_comuna": 19.0, "comuna": "Comuna 19", "cod_barrio": 1913.0, "nom_barrio": "El Cedro", "direccion": "76001 BANCOLOMBIA", "sitio": "VIA PUBLICA", "x": -76.538688659670001, "y": 3.4342670440699998, "anio": 2025, "mes": "febrero", "dia": 28, "dia_semana": 6, "hora_hecho": "13:30", "barrio": "EL CEDRO", "estrato": 4, "geom": "0101000020E6100000000000E0792253C00000000061790B40", "fecha_hech": "2025-02-28 00:00:00" }, "geometry": { "type": "Point", "coordinates": [ -76.538688659670001, 3.43426704407 ] } },
{ "type": "Feature", "properties": { "dinamica": "HURTO", "titulo": "DELITOS CONTRA EL PATRIMONIO ECONOMICO", "capitulo": "DEL HURTO", "articulo": "HURTO CALIFICADO. ART. 240 C.P.", "grado_deli": "NINGUNO", "tipo_notic": "DENUNCIA", "caracteriz": "HURTO A PERSONAS", "modalidad": "FACTOR DE OPORTUNIDAD", "modo": null, "motivo": null, "pais": "COLOMBIA", "dane_dep": 76, "departamen": "VALLE DEL CAUCA", "dane_mpio": 76001, "municipio": "CALI", "cod_comuna": 19.0, "comuna": "Comuna 19", "cod_barrio": 1906.0, "nom_barrio": "San Fernando Nuevo", "direccion": "76001 Calle 5B5 36 65, San Fernando Nuevo, Cali, Valle del Cauca, COL,SAN FERNANDO NUEVO", "sitio": "SIN INFORMACION", "x": -76.540031433110002, "y": 3.42692494392, "anio": 2025, "mes": "febrero", "dia": 28, "dia_semana": 6, "hora_hecho": "18:21", "barrio": "SAN FERNANDO NUEVO", "estrato": 4, "geom": "0101000020E6100000000000E08F2253C0000000A0576A0B40", "fecha_hech": "2025-02-28 00:00:00" }, "geometry": { "type": "Point", "coordinates": [ -76.540031433110002, 3.42692494392 ] } },
{ "type": "Feature", "properties": { "dinamica": "HURTO", "titulo": "DELITOS CONTRA EL PATRIMONIO ECONOMICO", "capitulo": "DEL HURTO", "articulo": "HURTO CALIFICADO. ART. 240 C.P.", "grado_deli": "NINGUNO", "tipo_notic": "DENUNCIA", "caracteriz": "HURTO DE VEHICULOS", "modalidad": "HALADO", "modo": null, "motivo": null, "pais": "COLOMBIA", "dane_dep": 76, "departamen": "VALLE DEL CAUCA", "dane_mpio": 76001, "municipio": "CALI", "cod_comuna": 19.0, "comuna": "Comuna 19", "cod_barrio": 1913.0, "nom_barrio": "El Cedro", "direccion": "76001 CARRERA 28 6 25", "sitio": "VIA PUBLICA", "x": -76.53867340088, "y": 3.4326679706599998, "anio": 2025, "mes": "marzo", "dia": 1, "dia_semana": 7, "hora_hecho": "01:00", "barrio": "EL CEDRO", "estrato": 4, "geom": "0101000020E6100000000000A0792253C0000000A01A760B40", "fecha_hech": "2025-03-01 00:00:00" }, "geometry": { "type": "Point", "coordinates": [ -76.53867340088, 3.43266797066 ] } },
{ "type": "Feature", "properties": { "dinamica": "HURTO", "titulo": "DELITOS CONTRA EL PATRIMONIO ECONOMICO", "capitulo": "DEL HURTO", "articulo": "HURTO. ART. 239 C.P.", "grado_deli": "NINGUNO", "tipo_notic": "QUERELLA", "caracteriz": "HURTO A PERSONAS", "modalidad": "FACTOR DE OPORTUNIDAD", "modo": null, "motivo": null, "pais": "COLOMBIA", "dane_dep": 76, "departamen": "VALLE DEL CAUCA", "dane_mpio": 76001, "municipio": "CALI", "cod_comuna": 19.0, "comuna": "Comuna 19", "cod_barrio": 1905.0, "nom_barrio": "Eucaristico", "direccion": "76001 CALLE 8 34 2", "sitio": "VIA PUBLICA", "x": -76.538230896000002, "y": 3.4267439842199998, "anio": 2025, "mes": "marzo", "dia": 1, "dia_semana": 7, "hora_hecho": "15:30", "barrio": "BARRIO EUCARÍSTICO", "estrato": 4, "geom": "0101000020E610000000000060722253C0000000C0F8690B40", "fecha_hech": "2025-03-01 00:00:00" }, "geometry": { "type": "Point", "coordinates": [ -76.538230896, 3.42674398422 ] } },
{ "type": "Feature", "properties": { "dinamica": "HURTO", "titulo": "DELITOS CONTRA EL PATRIMONIO ECONOMICO", "capitulo": "DEL HURTO", "articulo": "HURTO CALIFICADO. ART. 240 C.P.", "grado_deli": "NINGUNO", "tipo_notic": "DENUNCIA", "caracteriz": "HURTO A PERSONAS", "modalidad": "VIOLACION DE CERRADURA", "modo": null, "motivo": null, "pais": "COLOMBIA", "dane_dep": 76, "departamen": "VALLE DEL CAUCA", "dane_mpio": 76001, "municipio": "CALI", "cod_comuna": 19.0, "comuna": "Comuna 19", "cod_barrio": 1905.0, "nom_barrio": "Eucaristico", "direccion": "76001 Clínica Rey David, Barrio Eucaristico, Cali, Valle del Cauca, COL,BARRIO EUCARÍSTICO", "sitio": "SIN INFORMACION", "x": -76.53881072998, "y": 3.4277100563, "anio": 2025, "mes": "marzo", "dia": 1, "dia_semana": 7, "hora_hecho": "22:00", "barrio": "BARRIO EUCARÍSTICO", "estrato": 4, "geom": "0101000020E6100000000000E07B2253C000000040F36B0B40", "fecha_hech": "2025-03-01 00:00:00" }, "geometry": { "type": "Point", "coordinates": [ -76.53881072998, 3.4277100563 ] } },
{ "type": "Feature", "properties": { "dinamica": "HURTO", "titulo": "DELITOS CONTRA EL PATRIMONIO ECONOMICO", "capitulo": "DEL HURTO", "articulo": "HURTO. ART. 239 C.P.", "grado_deli": "NINGUNO", "tipo_notic": "QUERELLA", "caracteriz": "HURTO A PERSONAS", "modalidad": "FACTOR DE OPORTUNIDAD", "modo": null, "motivo": null, "pais": "COLOMBIA", "dane_dep": 76, "departamen": "VALLE DEL CAUCA", "dane_mpio": 76001, "municipio": "CALI", "cod_comuna": 19.0, "comuna": "Comuna 19", "cod_barrio": 1905.0, "nom_barrio": "Eucaristico", "direccion": "76001 CARRERA 36, BARRIO EUCARISTICO, CALI, VALLE DEL CAUCA", "sitio": "VIA PUBLICA", "x": -76.538925170900001, "y": 3.42598009109, "anio": 2025, "mes": "marzo", "dia": 5, "dia_semana": 4, "hora_hecho": "16:00", "barrio": "BARRIO EUCARÍSTICO", "estrato": 4, "geom": "0101000020E6100000000000C07D2253C00000004068680B40", "fecha_hech": "2025-03-05 00:00:00" }, "geometry": { "type": "Point", "coordinates": [ -76.538925170900001, 3.42598009109 ] } },
{ "type": "Feature", "properties": { "dinamica": "HURTO", "titulo": "DELITOS CONTRA EL PATRIMONIO ECONOMICO", "capitulo": "DEL HURTO", "articulo": "HURTO CALIFICADO. ART. 240 C.P.", "grado_deli": "NINGUNO", "tipo_notic": "DENUNCIA", "caracteriz": "HURTO A PERSONAS", "modalidad": "ATRACO", "modo": "ARMA DE FUEGO", "motivo": null, "pais": "COLOMBIA", "dane_dep": 76, "departamen": "VALLE DEL CAUCA", "dane_mpio": 76001, "municipio": "CALI", "cod_comuna": 19.0, "comuna": "Comuna 19", "cod_barrio": 1905.0, "nom_barrio": "Eucaristico", "direccion": "76001 CALLE 6 34 05, SANTIAGO DE CALI, CALI, VALLE DEL CAUCA", "sitio": "VIA PUBLICA", "x": -76.539001464839998, "y": 3.4278690815, "anio": 2025, "mes": "marzo", "dia": 5, "dia_semana": 4, "hora_hecho": "17:30", "barrio": "BARRIO EUCARÍSTICO", "estrato": 4, "geom": "0101000020E6100000000000007F2253C0000000A0466C0B40", "fecha_hech": "2025-03-05 00:00:00" }, "geometry": { "type": "Point", "coordinates": [ -76.539001464839998, 3.4278690815 ] } },
{ "type": "Feature", "properties": { "dinamica": "HURTO", "titulo": "DELITOS CONTRA EL PATRIMONIO ECONOMICO", "capitulo": "DEL HURTO", "articulo": "HURTO CALIFICADO. ART. 240 C.P.", "grado_deli": "NINGUNO", "tipo_notic": "DENUNCIA", "caracteriz": "HURTO DE MOTOCICLETAS", "modalidad": "ATRACO", "modo": "ARMA DE FUEGO", "motivo": null, "pais": "COLOMBIA", "dane_dep": 76, "departamen": "VALLE DEL CAUCA", "dane_mpio": 76001, "municipio": "CALI", "cod_comuna": 19.0, "comuna": "Comuna 19", "cod_barrio": 1914.0, "nom_barrio": "Champagnat", "direccion": "76001 CARRERA 32, EL CEDRO, CALI, VALLE DEL CAUCA", "sitio": "VIA PUBLICA", "x": -76.536865234380002, "y": 3.4278619289400001, "anio": 2025, "mes": "marzo", "dia": 6, "dia_semana": 5, "hora_hecho": "00:00", "barrio": "CHAMPAGNAT", "estrato": 4, "geom": "0101000020E6100000000000005C2253C0000000E0426C0B40", "fecha_hech": "2025-03-06 00:00:00" }, "geometry": { "type": "Point", "coordinates": [ -76.536865234380002, 3.42786192894 ] } },
{ "type": "Feature", "properties": { "dinamica": "HURTO", "titulo": "DELITOS CONTRA EL PATRIMONIO ECONOMICO", "capitulo": "DEL HURTO", "articulo": "HURTO. ART. 239 C.P.", "grado_deli": "NINGUNO", "tipo_notic": "DENUNCIA", "caracteriz": "HURTO A PERSONAS", "modalidad": "RAPONAZO", "modo": null, "motivo": null, "pais": "COLOMBIA", "dane_dep": 76, "departamen": "VALLE DEL CAUCA", "dane_mpio": 76001, "municipio": "CALI", "cod_comuna": 19.0, "comuna": "Comuna 19", "cod_barrio": 1912.0, "nom_barrio": "3 de Julio", "direccion": "76001 CARRERA 26 CON CALLE 5C, 3 DE JULIO, CALI, VALLE DEL CAUCA", "sitio": "VIA PUBLICA", "x": -76.539672851559999, "y": 3.4343919754000001, "anio": 2025, "mes": "marzo", "dia": 10, "dia_semana": 2, "hora_hecho": "04:30", "barrio": "3 DE JULIO", "estrato": 4, "geom": "0101000020E6100000000000008A2253C000000080A2790B40", "fecha_hech": "2025-03-10 00:00:00" }, "geometry": { "type": "Point", "coordinates": [ -76.539672851559999, 3.4343919754 ] } },
{ "type": "Feature", "properties": { "dinamica": "HURTO", "titulo": "DELITOS CONTRA EL PATRIMONIO ECONOMICO", "capitulo": "DEL HURTO", "articulo": "HURTO CALIFICADO. ART. 240 C.P.", "grado_deli": "AGRAVADO", "tipo_notic": "DENUNCIA", "caracteriz": "HURTO DE VEHICULOS", "modalidad": "HALADO", "modo": null, "motivo": null, "pais": "COLOMBIA", "dane_dep": 76, "departamen": "VALLE DEL CAUCA", "dane_mpio": 76001, "municipio": "CALI", "cod_comuna": 19.0, "comuna": "Comuna 19", "cod_barrio": 1913.0, "nom_barrio": "El Cedro", "direccion": "76001 Carrera 25 6 17, Santiago De Cali, Cali, Valle Del Cauca, COL,EL CEDRO", "sitio": "SIN INFORMACION", "x": -76.538482666020002, "y": 3.43535709381, "anio": 2025, "mes": "marzo", "dia": 10, "dia_semana": 2, "hora_hecho": "19:00", "barrio": "EL CEDRO", "estrato": 4, "geom": "0101000020E610000000000080762253C0000000809C7B0B40", "fecha_hech": "2025-03-10 00:00:00" }, "geometry": { "type": "Point", "coordinates": [ -76.538482666020002, 3.43535709381 ] } },
{ "type": "Feature", "properties": { "dinamica": "HURTO", "titulo": "DELITOS CONTRA EL PATRIMONIO ECONOMICO", "capitulo": "DEL HURTO", "articulo": "HURTO CALIFICADO. ART. 240 C.P.", "grado_deli": "NINGUNO", "tipo_notic": "DENUNCIA", "caracteriz": "HURTO DE VEHICULOS", "modalidad": "HALADO", "modo": null, "motivo": null, "pais": "COLOMBIA", "dane_dep": 76, "departamen": "VALLE DEL CAUCA", "dane_mpio": 76001, "municipio": "CALI", "cod_comuna": 19.0, "comuna": "Comuna 19", "cod_barrio": 1905.0, "nom_barrio": "Eucaristico", "direccion": "76001 CARRERA 36 8 99", "sitio": "VIA PUBLICA", "x": -76.537910461430002, "y": 3.4255900383000002, "anio": 2025, "mes": "marzo", "dia": 14, "dia_semana": 6, "hora_hecho": "13:25", "barrio": "BARRIO EUCARÍSTICO", "estrato": 4, "geom": "0101000020E6100000000000206D2253C0000000C09B670B40", "fecha_hech": "2025-03-14 00:00:00" }, "geometry": { "type": "Point", "coordinates": [ -76.537910461430002, 3.4255900383 ] } },
{ "type": "Feature", "properties": { "dinamica": "HURTO", "titulo": "DELITOS CONTRA EL PATRIMONIO ECONOMICO", "capitulo": "DEL HURTO", "articulo": "HURTO CALIFICADO. ART. 240 C.P.", "grado_deli": "NINGUNO", "tipo_notic": "DENUNCIA", "caracteriz": "HURTO A ESTABLECIMIENTOS", "modalidad": "VENTOSA", "modo": null, "motivo": null, "pais": "COLOMBIA", "dane_dep": 76, "departamen": "VALLE DEL CAUCA", "dane_mpio": 76001, "municipio": "CALI", "cod_comuna": 19.0, "comuna": "Comuna 19", "cod_barrio": 1913.0, "nom_barrio": "El Cedro", "direccion": "76001 Carrera 24a 6 85, Santiago De Cali, Cali, Valle Del Cauca, COL,EL CEDRO", "sitio": "SIN INFORMACION", "x": -76.538116455080001, "y": 3.4362668991100001, "anio": 2025, "mes": "marzo", "dia": 15, "dia_semana": 7, "hora_hecho": "09:00", "barrio": "EL CEDRO", "estrato": 4, "geom": "0101000020E610000000000080702253C000000080797D0B40", "fecha_hech": "2025-03-15 00:00:00" }, "geometry": { "type": "Point", "coordinates": [ -76.538116455080001, 3.43626689911 ] } },
{ "type": "Feature", "properties": { "dinamica": "HURTO", "titulo": "DELITOS CONTRA EL PATRIMONIO ECONOMICO", "capitulo": "DEL HURTO", "articulo": "HURTO. ART. 239 C.P.", "grado_deli": "NINGUNO", "tipo_notic": "DENUNCIA", "caracteriz": "HURTO A PERSONAS", "modalidad": "ENGAÑO", "modo": null, "motivo": null, "pais": "COLOMBIA", "dane_dep": 76, "departamen": "VALLE DEL CAUCA", "dane_mpio": 76001, "municipio": "CALI", "cod_comuna": 19.0, "comuna": "Comuna 19", "cod_barrio": 1913.0, "nom_barrio": "El Cedro", "direccion": "76001 CALLE 9 32A 16, SANTIAGO DE CALI, CALI, VALLE DEL CAUCA", "sitio": "VIA PUBLICA", "x": -76.53759765625, "y": 3.42698097229, "anio": 2025, "mes": "marzo", "dia": 17, "dia_semana": 2, "hora_hecho": "19:10", "barrio": "EL CEDRO", "estrato": 4, "geom": "0101000020E610000000000000682253C000000000756A0B40", "fecha_hech": "2025-03-17 00:00:00" }, "geometry": { "type": "Point", "coordinates": [ -76.53759765625, 3.42698097229 ] } },
{ "type": "Feature", "properties": { "dinamica": "HURTO", "titulo": "DELITOS CONTRA EL PATRIMONIO ECONOMICO", "capitulo": "DEL HURTO", "articulo": "HURTO CALIFICADO. ART. 240 C.P.", "grado_deli": "AGRAVADO", "tipo_notic": "DENUNCIA", "caracteriz": "HURTO A PERSONAS", "modalidad": "ATRACO", "modo": "ARMA DE FUEGO", "motivo": null, "pais": "COLOMBIA", "dane_dep": 76, "departamen": "VALLE DEL CAUCA", "dane_mpio": 76001, "municipio": "CALI", "cod_comuna": 19.0, "comuna": "Comuna 19", "cod_barrio": 1906.0, "nom_barrio": "San Fernando Nuevo", "direccion": "76001 CALLE 6 34 28, SANTIAGO DE CALI, CALI, VALLE DEL CAUCA", "sitio": "VIA PUBLICA", "x": -76.539794921880002, "y": 3.42771792412, "anio": 2025, "mes": "marzo", "dia": 20, "dia_semana": 5, "hora_hecho": "11:40", "barrio": "SAN FERNANDO NUEVO", "estrato": 4, "geom": "0101000020E6100000000000008C2253C000000060F76B0B40", "fecha_hech": "2025-03-20 00:00:00" }, "geometry": { "type": "Point", "coordinates": [ -76.539794921880002, 3.42771792412 ] } },
{ "type": "Feature", "properties": { "dinamica": "HURTO", "titulo": "DELITOS CONTRA EL PATRIMONIO ECONOMICO", "capitulo": "DEL HURTO", "articulo": "HURTO CALIFICADO. ART. 240 C.P.", "grado_deli": "NINGUNO", "tipo_notic": "DENUNCIA", "caracteriz": "HURTO DE VEHICULOS", "modalidad": "HALADO", "modo": null, "motivo": null, "pais": "COLOMBIA", "dane_dep": 76, "departamen": "VALLE DEL CAUCA", "dane_mpio": 76001, "municipio": "CALI", "cod_comuna": 19.0, "comuna": "Comuna 19", "cod_barrio": 1912.0, "nom_barrio": "3 de Julio", "direccion": "76001", "sitio": "SIN INFORMACION", "x": -76.539810180659998, "y": 3.43261599541, "anio": 2025, "mes": "marzo", "dia": 22, "dia_semana": 7, "hora_hecho": "23:00", "barrio": null, "estrato": 4, "geom": "0101000020E6100000000000408C2253C000000060FF750B40", "fecha_hech": "2025-03-22 00:00:00" }, "geometry": { "type": "Point", "coordinates": [ -76.539810180659998, 3.43261599541 ] } },
{ "type": "Feature", "properties": { "dinamica": "HURTO", "titulo": "DELITOS CONTRA EL PATRIMONIO ECONOMICO", "capitulo": "DEL HURTO", "articulo": "HURTO. ART. 239 C.P.", "grado_deli": "AGRAVADO", "tipo_notic": "DENUNCIA", "caracteriz": "HURTO A PERSONAS", "modalidad": "ATRACO", "modo": "SIN ARMA", "motivo": null, "pais": "COLOMBIA", "dane_dep": 76, "departamen": "VALLE DEL CAUCA", "dane_mpio": 76001, "municipio": "CALI", "cod_comuna": 19.0, "comuna": "Comuna 19", "cod_barrio": 1912.0, "nom_barrio": "3 de Julio", "direccion": "76001 Calle 6, 3 de Julio, Cali, Valle del Cauca, COL,EL CEDRO", "sitio": "SIN INFORMACION", "x": -76.538864135739999, "y": 3.4328379631, "anio": 2025, "mes": "marzo", "dia": 23, "dia_semana": 1, "hora_hecho": "05:30", "barrio": "EL CEDRO", "estrato": 4, "geom": "0101000020E6100000000000C07C2253C0000000C073760B40", "fecha_hech": "2025-03-23 00:00:00" }, "geometry": { "type": "Point", "coordinates": [ -76.538864135739999, 3.4328379631 ] } },
{ "type": "Feature", "properties": { "dinamica": "HURTO", "titulo": "DELITOS CONTRA EL PATRIMONIO ECONOMICO", "capitulo": "DEL HURTO", "articulo": "HURTO CALIFICADO. ART. 240 C.P.", "grado_deli": "NINGUNO", "tipo_notic": "DENUNCIA", "caracteriz": "HURTO A PERSONAS", "modalidad": "VIOLACION DE CERRADURA", "modo": null, "motivo": null, "pais": "COLOMBIA", "dane_dep": 76, "departamen": "VALLE DEL CAUCA", "dane_mpio": 76001, "municipio": "CALI", "cod_comuna": 19.0, "comuna": "Comuna 19", "cod_barrio": 1913.0, "nom_barrio": "El Cedro", "direccion": "76001 BANCOLOMBIA AVENIDA ROOSEVELT", "sitio": "VIA PUBLICA", "x": -76.538703918460001, "y": 3.43463206291, "anio": 2025, "mes": "marzo", "dia": 24, "dia_semana": 2, "hora_hecho": "19:30", "barrio": "EL CEDRO", "estrato": 4, "geom": "0101000020E6100000000000207A2253C000000060207A0B40", "fecha_hech": "2025-03-24 00:00:00" }, "geometry": { "type": "Point", "coordinates": [ -76.538703918460001, 3.43463206291 ] } },
{ "type": "Feature", "properties": { "dinamica": "HURTO", "titulo": "DELITOS CONTRA EL PATRIMONIO ECONOMICO", "capitulo": "DEL HURTO", "articulo": "HURTO CALIFICADO. ART. 240 C.P.", "grado_deli": "NINGUNO", "tipo_notic": "DENUNCIA", "caracteriz": "HURTO A RESIDENCIA", "modalidad": "VIOLACION DE CERRADURA", "modo": null, "motivo": null, "pais": "COLOMBIA", "dane_dep": 76, "departamen": "VALLE DEL CAUCA", "dane_mpio": 76001, "municipio": "CALI", "cod_comuna": 19.0, "comuna": "Comuna 19", "cod_barrio": 1913.0, "nom_barrio": "El Cedro", "direccion": "76001 CALLE 6 24 121, SANTIAGO DE CALI, CALI, VALLE DEL CAUCA", "sitio": "DOMICILIO", "x": -76.53849029541, "y": 3.4363219738000002, "anio": 2025, "mes": "marzo", "dia": 25, "dia_semana": 3, "hora_hecho": "07:00", "barrio": "EL CEDRO", "estrato": 4, "geom": "0101000020E6100000000000A0762253C000000060967D0B40", "fecha_hech": "2025-03-25 00:00:00" }, "geometry": { "type": "Point", "coordinates": [ -76.53849029541, 3.4363219738 ] } },
{ "type": "Feature", "properties": { "dinamica": "HURTO", "titulo": "DELITOS CONTRA EL PATRIMONIO ECONOMICO", "capitulo": "DEL HURTO", "articulo": "HURTO. ART. 239 C.P.", "grado_deli": "NINGUNO", "tipo_notic": "DENUNCIA", "caracteriz": "HURTO A PERSONAS", "modalidad": "ENGAÑO", "modo": null, "motivo": null, "pais": "COLOMBIA", "dane_dep": 76, "departamen": "VALLE DEL CAUCA", "dane_mpio": 76001, "municipio": "CALI", "cod_comuna": 19.0, "comuna": "Comuna 19", "cod_barrio": 1913.0, "nom_barrio": "El Cedro", "direccion": "76001 CALLE 8 CON CARRERA 32, EL CEDRO, CALI, VALLE DEL CAUCA", "sitio": "VIA PUBLICA", "x": -76.537727355960001, "y": 3.42811393738, "anio": 2025, "mes": "marzo", "dia": 26, "dia_semana": 4, "hora_hecho": "09:29", "barrio": "EL CEDRO", "estrato": 4, "geom": "0101000020E6100000000000206A2253C000000000C76C0B40", "fecha_hech": "2025-03-26 00:00:00" }, "geometry": { "type": "Point", "coordinates": [ -76.537727355960001, 3.42811393738 ] } },
{ "type": "Feature", "properties": { "dinamica": "HURTO", "titulo": "DELITOS CONTRA EL PATRIMONIO ECONOMICO", "capitulo": "DEL HURTO", "articulo": "HURTO. ART. 239 C.P.", "grado_deli": "NINGUNO", "tipo_notic": "DENUNCIA", "caracteriz": "HURTO A PERSONAS", "modalidad": "ENGAÑO", "modo": null, "motivo": null, "pais": "COLOMBIA", "dane_dep": 76, "departamen": "VALLE DEL CAUCA", "dane_mpio": 76001, "municipio": "CALI", "cod_comuna": 19.0, "comuna": "Comuna 19", "cod_barrio": 1913.0, "nom_barrio": "El Cedro", "direccion": "76001 CARRERA 28 6 100, SANTIAGO DE CALI, CALI, VALLE DEL CAUCA", "sitio": "VIA PUBLICA", "x": -76.53784942627, "y": 3.4323620796199998, "anio": 2025, "mes": "marzo", "dia": 28, "dia_semana": 6, "hora_hecho": "15:00", "barrio": "EL CEDRO", "estrato": 4, "geom": "0101000020E6100000000000206C2253C0000000407A750B40", "fecha_hech": "2025-03-28 00:00:00" }, "geometry": { "type": "Point", "coordinates": [ -76.53784942627, 3.43236207962 ] } },
{ "type": "Feature", "properties": { "dinamica": "HURTO", "titulo": "DELITOS CONTRA EL PATRIMONIO ECONOMICO", "capitulo": "DEL HURTO", "articulo": "HURTO CALIFICADO. ART. 240 C.P.", "grado_deli": "NINGUNO", "tipo_notic": "DENUNCIA", "caracteriz": "HURTO DE AUTOPARTES", "modalidad": "RAPONAZO", "modo": null, "motivo": null, "pais": "COLOMBIA", "dane_dep": 76, "departamen": "VALLE DEL CAUCA", "dane_mpio": 76001, "municipio": "CALI", "cod_comuna": 19.0, "comuna": "Comuna 19", "cod_barrio": 1905.0, "nom_barrio": "Eucaristico", "direccion": "76001 CALLE 7 CON CARRERA 34, BARRIO EUCARISTICO, CALI, VALLE DEL CAUCA", "sitio": "VIA PUBLICA", "x": -76.53855895996, "y": 3.42747497559, "anio": 2025, "mes": "marzo", "dia": 31, "dia_semana": 2, "hora_hecho": "07:30", "barrio": "BARRIO EUCARÍSTICO", "estrato": 4, "geom": "0101000020E6100000000000C0772253C000000000786B0B40", "fecha_hech": "2025-03-31 00:00:00" }, "geometry": { "type": "Point", "coordinates": [ -76.53855895996, 3.42747497559 ] } },
{ "type": "Feature", "properties": { "dinamica": "HURTO", "titulo": "DELITOS CONTRA EL PATRIMONIO ECONOMICO", "capitulo": "DEL HURTO", "articulo": "HURTO CALIFICADO. ART. 240 C.P.", "grado_deli": "AGRAVADO", "tipo_notic": "ACTOS URGENTES", "caracteriz": "HURTO A PERSONAS", "modalidad": "ATRACO", "modo": "ARMA BLANCA", "motivo": null, "pais": "COLOMBIA", "dane_dep": 76, "departamen": "VALLE DEL CAUCA", "dane_mpio": 76001, "municipio": "CALI", "cod_comuna": 19.0, "comuna": "Comuna 19", "cod_barrio": 1913.0, "nom_barrio": "El Cedro", "direccion": "76001 CARRERA 24 7, EL CEDRO, CALI, VALLE DEL CAUCA", "sitio": "VIA PUBLICA", "x": -76.537254333500002, "y": 3.4364850521100001, "anio": 2025, "mes": "abril", "dia": 1, "dia_semana": 3, "hora_hecho": "11:05", "barrio": "EL CEDRO", "estrato": 4, "geom": "0101000020E610000000000060622253C0000000E0EB7D0B40", "fecha_hech": "2025-04-01 00:00:00" }, "geometry": { "type": "Point", "coordinates": [ -76.537254333500002, 3.43648505211 ] } },
{ "type": "Feature", "properties": { "dinamica": "HURTO", "titulo": "DELITOS CONTRA EL PATRIMONIO ECONOMICO", "capitulo": "DEL HURTO", "articulo": "HURTO CALIFICADO. ART. 240 C.P.", "grado_deli": "NINGUNO", "tipo_notic": "DENUNCIA", "caracteriz": "HURTO A PERSONAS", "modalidad": "ATRACO", "modo": "ARMA DE FUEGO", "motivo": null, "pais": "COLOMBIA", "dane_dep": 76, "departamen": "VALLE DEL CAUCA", "dane_mpio": 76001, "municipio": "CALI", "cod_comuna": 19.0, "comuna": "Comuna 19", "cod_barrio": 1912.0, "nom_barrio": "3 de Julio", "direccion": "76001 Calle 5b 25 109, Santiago De Cali, Cali, Valle Del Cauca, COL,3 DE JULIO", "sitio": "SIN INFORMACION", "x": -76.540237426760001, "y": 3.4346799850499998, "anio": 2025, "mes": "abril", "dia": 2, "dia_semana": 4, "hora_hecho": "14:50", "barrio": "3 DE JULIO", "estrato": 4, "geom": "0101000020E610000000000040932253C000000080397A0B40", "fecha_hech": "2025-04-02 00:00:00" }, "geometry": { "type": "Point", "coordinates": [ -76.540237426760001, 3.43467998505 ] } },
{ "type": "Feature", "properties": { "dinamica": "HURTO", "titulo": "DELITOS CONTRA EL PATRIMONIO ECONOMICO", "capitulo": "DEL HURTO", "articulo": "HURTO CALIFICADO. ART. 240 C.P.", "grado_deli": "NINGUNO", "tipo_notic": "DENUNCIA", "caracteriz": "HURTO DE MOTOCICLETAS", "modalidad": "ATRACO", "modo": "ARMA DE FUEGO", "motivo": null, "pais": "COLOMBIA", "dane_dep": 76, "departamen": "VALLE DEL CAUCA", "dane_mpio": 76001, "municipio": "CALI", "cod_comuna": 19.0, "comuna": "Comuna 19", "cod_barrio": 1912.0, "nom_barrio": "3 de Julio", "direccion": "76001 AVENIDA ALFONSO BONILLA ARAGÓN 46", "sitio": "VIA PUBLICA", "x": -76.53916168213, "y": 3.4367690086399998, "anio": 2025, "mes": "abril", "dia": 3, "dia_semana": 5, "hora_hecho": "00:00", "barrio": "3 DE JULIO", "estrato": 4, "geom": "0101000020E6100000000000A0812253C0000000C0807E0B40", "fecha_hech": "2025-04-03 00:00:00" }, "geometry": { "type": "Point", "coordinates": [ -76.53916168213, 3.43676900864 ] } },
{ "type": "Feature", "properties": { "dinamica": "HURTO", "titulo": "DELITOS CONTRA EL PATRIMONIO ECONOMICO", "capitulo": "DEL HURTO", "articulo": "HURTO CALIFICADO. ART. 240 C.P.", "grado_deli": "NINGUNO", "tipo_notic": "DENUNCIA", "caracteriz": "HURTO A PERSONAS", "modalidad": "ATRACO", "modo": "ARMA DE FUEGO", "motivo": null, "pais": "COLOMBIA", "dane_dep": 76, "departamen": "VALLE DEL CAUCA", "dane_mpio": 76001, "municipio": "CALI", "cod_comuna": 19.0, "comuna": "Comuna 19", "cod_barrio": 1905.0, "nom_barrio": "Eucaristico", "direccion": "76001 CALLE 6 34 37, SANTIAGO DE CALI, CALI, VALLE DEL CAUCA", "sitio": "VIA PUBLICA", "x": -76.539115905759999, "y": 3.42764997482, "anio": 2025, "mes": "abril", "dia": 3, "dia_semana": 5, "hora_hecho": "18:30", "barrio": "BARRIO EUCARÍSTICO", "estrato": 4, "geom": "0101000020E6100000000000E0802253C0000000C0D36B0B40", "fecha_hech": "2025-04-03 00:00:00" }, "geometry": { "type": "Point", "coordinates": [ -76.539115905759999, 3.42764997482 ] } },
{ "type": "Feature", "properties": { "dinamica": "HURTO", "titulo": "DELITOS CONTRA EL PATRIMONIO ECONOMICO", "capitulo": "DEL HURTO", "articulo": "HURTO. ART. 239 C.P.", "grado_deli": "AGRAVADO", "tipo_notic": "DENUNCIA", "caracteriz": "HURTO A PERSONAS", "modalidad": "RAPONAZO", "modo": null, "motivo": null, "pais": "COLOMBIA", "dane_dep": 76, "departamen": "VALLE DEL CAUCA", "dane_mpio": 76001, "municipio": "CALI", "cod_comuna": 19.0, "comuna": "Comuna 19", "cod_barrio": 1913.0, "nom_barrio": "El Cedro", "direccion": "76001 CARRERA 28 6 12", "sitio": "VIA PUBLICA", "x": -76.538772583010001, "y": 3.43250107765, "anio": 2025, "mes": "abril", "dia": 5, "dia_semana": 7, "hora_hecho": "15:30", "barrio": "EL CEDRO", "estrato": 4, "geom": "0101000020E6100000000000407B2253C000000020C3750B40", "fecha_hech": "2025-04-05 00:00:00" }, "geometry": { "type": "Point", "coordinates": [ -76.538772583010001, 3.43250107765 ] } },
{ "type": "Feature", "properties": { "dinamica": "HURTO", "titulo": "DELITOS CONTRA EL PATRIMONIO ECONOMICO", "capitulo": "DEL HURTO", "articulo": "HURTO CALIFICADO. ART. 240 C.P.", "grado_deli": "NINGUNO", "tipo_notic": "DENUNCIA", "caracteriz": "HURTO DE AUTOPARTES", "modalidad": "FACTOR DE OPORTUNIDAD", "modo": null, "motivo": null, "pais": "COLOMBIA", "dane_dep": 76, "departamen": "VALLE DEL CAUCA", "dane_mpio": 76001, "municipio": "CALI", "cod_comuna": 19.0, "comuna": "Comuna 19", "cod_barrio": 1913.0, "nom_barrio": "El Cedro", "direccion": "76001 AVENIDA ROOSEVELT 25 23", "sitio": "VIA PUBLICA", "x": -76.53865814209, "y": 3.43497991562, "anio": 2025, "mes": "abril", "dia": 10, "dia_semana": 5, "hora_hecho": "19:00", "barrio": "EL CEDRO", "estrato": 4, "geom": "0101000020E610000000000060792253C0000000C0D67A0B40", "fecha_hech": "2025-04-10 00:00:00" }, "geometry": { "type": "Point", "coordinates": [ -76.53865814209, 3.43497991562 ] } },
{ "type": "Feature", "properties": { "dinamica": "HURTO", "titulo": "DELITOS CONTRA EL PATRIMONIO ECONOMICO", "capitulo": "DEL HURTO", "articulo": "HURTO CALIFICADO. ART. 240 C.P.", "grado_deli": "AGRAVADO", "tipo_notic": "DENUNCIA", "caracteriz": "HURTO A PERSONAS", "modalidad": "RAPONAZO", "modo": null, "motivo": null, "pais": "COLOMBIA", "dane_dep": 76, "departamen": "VALLE DEL CAUCA", "dane_mpio": 76001, "municipio": "CALI", "cod_comuna": 19.0, "comuna": "Comuna 19", "cod_barrio": 1905.0, "nom_barrio": "Eucaristico", "direccion": "76001 Calle 7 36 60, Barrio Eucaristico, Cali, Valle del Cauca, COL,BARRIO EUCARÍSTICO", "sitio": "SIN INFORMACION", "x": -76.539245605470001, "y": 3.42590808868, "anio": 2025, "mes": "abril", "dia": 16, "dia_semana": 4, "hora_hecho": "21:30", "barrio": "BARRIO EUCARÍSTICO", "estrato": 4, "geom": "0101000020E610000000000000832253C00000008042680B40", "fecha_hech": "2025-04-16 00:00:00" }, "geometry": { "type": "Point", "coordinates": [ -76.539245605470001, 3.42590808868 ] } },
{ "type": "Feature", "properties": { "dinamica": "HURTO", "titulo": "DELITOS CONTRA EL PATRIMONIO ECONOMICO", "capitulo": "DEL HURTO", "articulo": "HURTO CALIFICADO. ART. 240 C.P.", "grado_deli": "AGRAVADO", "tipo_notic": "DENUNCIA", "caracteriz": "HURTO A RESIDENCIA", "modalidad": "LLAVE MAESTRA", "modo": null, "motivo": null, "pais": "COLOMBIA", "dane_dep": 76, "departamen": "VALLE DEL CAUCA", "dane_mpio": 76001, "municipio": "CALI", "cod_comuna": 19.0, "comuna": "Comuna 19", "cod_barrio": 1912.0, "nom_barrio": "3 de Julio", "direccion": "76001 Calle 5C 29 37, 3 de Julio, Cali, Valle del Cauca, COL,3 DE JULIO", "sitio": "SIN INFORMACION", "x": -76.539405822749998, "y": 3.43153190613, "anio": 2025, "mes": "abril", "dia": 18, "dia_semana": 6, "hora_hecho": "00:00", "barrio": "3 DE JULIO", "estrato": 4, "geom": "0101000020E6100000000000A0852253C000000000C7730B40", "fecha_hech": "2025-04-18 00:00:00" }, "geometry": { "type": "Point", "coordinates": [ -76.539405822749998, 3.43153190613 ] } },
{ "type": "Feature", "properties": { "dinamica": "HURTO", "titulo": "DELITOS CONTRA EL PATRIMONIO ECONOMICO", "capitulo": "DEL HURTO", "articulo": "HURTO CALIFICADO. ART. 240 C.P.", "grado_deli": "NINGUNO", "tipo_notic": "DENUNCIA", "caracteriz": "HURTO DE VEHICULOS", "modalidad": "HALADO", "modo": null, "motivo": null, "pais": "COLOMBIA", "dane_dep": 76, "departamen": "VALLE DEL CAUCA", "dane_mpio": 76001, "municipio": "CALI", "cod_comuna": 19.0, "comuna": "Comuna 19", "cod_barrio": 1906.0, "nom_barrio": "San Fernando Nuevo", "direccion": "76001 CALLE 5B4 34 135", "sitio": "VIA PUBLICA", "x": -76.539741516109999, "y": 3.4277229309099999, "anio": 2025, "mes": "abril", "dia": 18, "dia_semana": 6, "hora_hecho": "19:45", "barrio": "SAN FERNANDO NUEVO", "estrato": 4, "geom": "0101000020E6100000000000208B2253C000000000FA6B0B40", "fecha_hech": "2025-04-18 00:00:00" }, "geometry": { "type": "Point", "coordinates": [ -76.539741516109999, 3.42772293091 ] } },
{ "type": "Feature", "properties": { "dinamica": "HURTO", "titulo": "DELITOS CONTRA EL PATRIMONIO ECONOMICO", "capitulo": "DEL HURTO", "articulo": "HURTO. ART. 239 C.P.", "grado_deli": "AGRAVADO", "tipo_notic": "DENUNCIA", "caracteriz": "HURTO A PERSONAS", "modalidad": "FACTOR DE OPORTUNIDAD", "modo": null, "motivo": null, "pais": "COLOMBIA", "dane_dep": 76, "departamen": "VALLE DEL CAUCA", "dane_mpio": 76001, "municipio": "CALI", "cod_comuna": 19.0, "comuna": "Comuna 19", "cod_barrio": 1905.0, "nom_barrio": "Eucaristico", "direccion": "76001 Carrera 36C 5B5 85, San Fernando Nuevo, Cali, Valle del Cauca, COL,BARRIO EUCARÍSTICO", "sitio": "SIN INFORMACION", "x": -76.541023254389998, "y": 3.42602205276, "anio": 2025, "mes": "abril", "dia": 21, "dia_semana": 2, "hora_hecho": "23:08", "barrio": "BARRIO EUCARÍSTICO", "estrato": 4, "geom": "0101000020E610000000000020A02253C0000000407E680B40", "fecha_hech": "2025-04-21 00:00:00" }, "geometry": { "type": "Point", "coordinates": [ -76.541023254389998, 3.42602205276 ] } },
{ "type": "Feature", "properties": { "dinamica": "HURTO", "titulo": "DELITOS CONTRA EL PATRIMONIO ECONOMICO", "capitulo": "DEL HURTO", "articulo": "HURTO CALIFICADO. ART. 240 C.P.", "grado_deli": "NINGUNO", "tipo_notic": "DENUNCIA", "caracteriz": "HURTO A PERSONAS", "modalidad": "RAPONAZO", "modo": null, "motivo": null, "pais": "COLOMBIA", "dane_dep": 76, "departamen": "VALLE DEL CAUCA", "dane_mpio": 76001, "municipio": "CALI", "cod_comuna": 19.0, "comuna": "Comuna 19", "cod_barrio": 1905.0, "nom_barrio": "Eucaristico", "direccion": "76001", "sitio": "SIN INFORMACION", "x": -76.538665771479998, "y": 3.4255459308599998, "anio": 2025, "mes": "abril", "dia": 22, "dia_semana": 3, "hora_hecho": "15:12", "barrio": null, "estrato": 4, "geom": "0101000020E610000000000080792253C0000000A084670B40", "fecha_hech": "2025-04-22 00:00:00" }, "geometry": { "type": "Point", "coordinates": [ -76.538665771479998, 3.42554593086 ] } },
{ "type": "Feature", "properties": { "dinamica": "HURTO", "titulo": "DELITOS CONTRA EL PATRIMONIO ECONOMICO", "capitulo": "DEL HURTO", "articulo": "HURTO CALIFICADO. ART. 240 C.P.", "grado_deli": "NINGUNO", "tipo_notic": "DENUNCIA", "caracteriz": "HURTO DE MOTOCICLETAS", "modalidad": "HALADO", "modo": null, "motivo": null, "pais": "COLOMBIA", "dane_dep": 76, "departamen": "VALLE DEL CAUCA", "dane_mpio": 76001, "municipio": "CALI", "cod_comuna": 19.0, "comuna": "Comuna 19", "cod_barrio": 1913.0, "nom_barrio": "El Cedro", "direccion": "76001 AVENIDA ROOSEVELT 25 39", "sitio": "VIA PUBLICA", "x": -76.53874206543, "y": 3.4348809719100002, "anio": 2025, "mes": "abril", "dia": 25, "dia_semana": 6, "hora_hecho": "19:10", "barrio": "EL CEDRO", "estrato": 4, "geom": "0101000020E6100000000000C07A2253C0000000E0A27A0B40", "fecha_hech": "2025-04-25 00:00:00" }, "geometry": { "type": "Point", "coordinates": [ -76.53874206543, 3.43488097191 ] } },
{ "type": "Feature", "properties": { "dinamica": "HURTO", "titulo": "DELITOS CONTRA EL PATRIMONIO ECONOMICO", "capitulo": "DEL HURTO", "articulo": "HURTO CALIFICADO. ART. 240 C.P.", "grado_deli": "AGRAVADO", "tipo_notic": "DENUNCIA", "caracteriz": "HURTO A PERSONAS", "modalidad": "ATRACO", "modo": "ARMA DE FUEGO", "motivo": null, "pais": "COLOMBIA", "dane_dep": 76, "departamen": "VALLE DEL CAUCA", "dane_mpio": 76001, "municipio": "CALI", "cod_comuna": 19.0, "comuna": "Comuna 19", "cod_barrio": 1913.0, "nom_barrio": "El Cedro", "direccion": "76001 CARRERA 24A, 3 DE JULIO, CALI, VALLE DEL CAUCA", "sitio": "VIA PUBLICA", "x": -76.53865814209, "y": 3.4361040592199998, "anio": 2025, "mes": "abril", "dia": 25, "dia_semana": 6, "hora_hecho": "22:00", "barrio": "EL CEDRO", "estrato": 4, "geom": "0101000020E610000000000060792253C000000020247D0B40", "fecha_hech": "2025-04-25 00:00:00" }, "geometry": { "type": "Point", "coordinates": [ -76.53865814209, 3.43610405922 ] } },
{ "type": "Feature", "properties": { "dinamica": "HURTO", "titulo": "DELITOS CONTRA EL PATRIMONIO ECONOMICO", "capitulo": "DEL HURTO", "articulo": "HURTO CALIFICADO. ART. 240 C.P.", "grado_deli": "AGRAVADO", "tipo_notic": "DENUNCIA", "caracteriz": "HURTO A PERSONAS", "modalidad": "ATRACO", "modo": "ARMA DE FUEGO", "motivo": null, "pais": "COLOMBIA", "dane_dep": 76, "departamen": "VALLE DEL CAUCA", "dane_mpio": 76001, "municipio": "CALI", "cod_comuna": 19.0, "comuna": "Comuna 19", "cod_barrio": 1913.0, "nom_barrio": "El Cedro", "direccion": "76001 KR 26 OCCIDENTE CL 6 A-24 SUR", "sitio": "SIN INFORMACION", "x": -76.537826538090002, "y": 3.43428993225, "anio": 2025, "mes": "abril", "dia": 26, "dia_semana": 7, "hora_hecho": "01:30", "barrio": null, "estrato": 4, "geom": "0101000020E6100000000000C06B2253C0000000006D790B40", "fecha_hech": "2025-04-26 00:00:00" }, "geometry": { "type": "Point", "coordinates": [ -76.537826538090002, 3.43428993225 ] } },
{ "type": "Feature", "properties": { "dinamica": "HURTO", "titulo": "DELITOS CONTRA EL PATRIMONIO ECONOMICO", "capitulo": "DEL HURTO", "articulo": "HURTO CALIFICADO. ART. 240 C.P.", "grado_deli": "AGRAVADO", "tipo_notic": "DENUNCIA", "caracteriz": "HURTO A PERSONAS", "modalidad": "ATRACO", "modo": "ARMA DE FUEGO", "motivo": null, "pais": "COLOMBIA", "dane_dep": 76, "departamen": "VALLE DEL CAUCA", "dane_mpio": 76001, "municipio": "CALI", "cod_comuna": 19.0, "comuna": "Comuna 19", "cod_barrio": 1913.0, "nom_barrio": "El Cedro", "direccion": "76001 KR 26 OCCIDENTE CL 6 A-24 SUR", "sitio": "SIN INFORMACION", "x": -76.53783416748, "y": 3.4342279434199998, "anio": 2025, "mes": "abril", "dia": 26, "dia_semana": 7, "hora_hecho": "02:30", "barrio": null, "estrato": 4, "geom": "0101000020E6100000000000E06B2253C0000000804C790B40", "fecha_hech": "2025-04-26 00:00:00" }, "geometry": { "type": "Point", "coordinates": [ -76.53783416748, 3.43422794342 ] } },
{ "type": "Feature", "properties": { "dinamica": "HURTO", "titulo": "DELITOS CONTRA EL PATRIMONIO ECONOMICO", "capitulo": "DEL HURTO", "articulo": "HURTO CALIFICADO. ART. 240 C.P.", "grado_deli": "NINGUNO", "tipo_notic": "DENUNCIA", "caracteriz": "HURTO A ESTABLECIMIENTOS", "modalidad": "VIOLACION DE CERRADURA", "modo": null, "motivo": null, "pais": "COLOMBIA", "dane_dep": 76, "departamen": "VALLE DEL CAUCA", "dane_mpio": 76001, "municipio": "CALI", "cod_comuna": 19.0, "comuna": "Comuna 19", "cod_barrio": 1913.0, "nom_barrio": "El Cedro", "direccion": "76001 Carrera 26 6A 9, El Cedro, Cali, Valle del Cauca, COL,EL CEDRO", "sitio": "SIN INFORMACION", "x": -76.537551879879999, "y": 3.43424510956, "anio": 2025, "mes": "abril", "dia": 28, "dia_semana": 2, "hora_hecho": "14:30", "barrio": "EL CEDRO", "estrato": 4, "geom": "0101000020E610000000000040672253C00000008055790B40", "fecha_hech": "2025-04-28 00:00:00" }, "geometry": { "type": "Point", "coordinates": [ -76.537551879879999, 3.43424510956 ] } },
{ "type": "Feature", "properties": { "dinamica": "HURTO", "titulo": "DELITOS CONTRA EL PATRIMONIO ECONOMICO", "capitulo": "DEL HURTO", "articulo": "HURTO CALIFICADO. ART. 240 C.P.", "grado_deli": "NINGUNO", "tipo_notic": "DENUNCIA", "caracteriz": "HURTO A PERSONAS", "modalidad": "ROMPIMIENTO DE VIDRIO", "modo": null, "motivo": null, "pais": "COLOMBIA", "dane_dep": 76, "departamen": "VALLE DEL CAUCA", "dane_mpio": 76001, "municipio": "CALI", "cod_comuna": 19.0, "comuna": "Comuna 19", "cod_barrio": 1905.0, "nom_barrio": "Eucaristico", "direccion": "76001 CARRERA 36A BIS, BARRIO EUCARISTICO, CALI, VALLE DEL CAUCA", "sitio": "VIA PUBLICA", "x": -76.540336608890001, "y": 3.4252059459700002, "anio": 2025, "mes": "abril", "dia": 28, "dia_semana": 2, "hora_hecho": "22:28", "barrio": "BARRIO EUCARÍSTICO", "estrato": 4, "geom": "0101000020E6100000000000E0942253C000000060D2660B40", "fecha_hech": "2025-04-28 00:00:00" }, "geometry": { "type": "Point", "coordinates": [ -76.540336608890001, 3.42520594597 ] } },
{ "type": "Feature", "properties": { "dinamica": "HURTO", "titulo": "DELITOS CONTRA EL PATRIMONIO ECONOMICO", "capitulo": "DEL HURTO", "articulo": "HURTO CALIFICADO. ART. 240 C.P.", "grado_deli": "NINGUNO", "tipo_notic": "DENUNCIA", "caracteriz": "HURTO DE MOTOCICLETAS", "modalidad": "HALADO", "modo": null, "motivo": null, "pais": "COLOMBIA", "dane_dep": 76, "departamen": "VALLE DEL CAUCA", "dane_mpio": 76001, "municipio": "CALI", "cod_comuna": 19.0, "comuna": "Comuna 19", "cod_barrio": 1906.0, "nom_barrio": "San Fernando Nuevo", "direccion": "76001 CALLE 5B4 34 29, SAN FERNANDO NUEVO, CALI, VALLE DEL CAUCA", "sitio": "VIA PUBLICA", "x": -76.539665222170001, "y": 3.4279758930200002, "anio": 2025, "mes": "abril", "dia": 29, "dia_semana": 3, "hora_hecho": "19:30", "barrio": "SAN FERNANDO NUEVO", "estrato": 4, "geom": "0101000020E6100000000000E0892253C0000000A07E6C0B40", "fecha_hech": "2025-04-29 00:00:00" }, "geometry": { "type": "Point", "coordinates": [ -76.539665222170001, 3.42797589302 ] } },
{ "type": "Feature", "properties": { "dinamica": "HURTO", "titulo": "DELITOS CONTRA EL PATRIMONIO ECONOMICO", "capitulo": "DEL HURTO", "articulo": "HURTO CALIFICADO. ART. 240 C.P.", "grado_deli": "AGRAVADO", "tipo_notic": "DENUNCIA", "caracteriz": "HURTO A PERSONAS", "modalidad": "ATRACO", "modo": "ARMA DE FUEGO", "motivo": null, "pais": "COLOMBIA", "dane_dep": 76, "departamen": "VALLE DEL CAUCA", "dane_mpio": 76001, "municipio": "CALI", "cod_comuna": 19.0, "comuna": "Comuna 19", "cod_barrio": 1906.0, "nom_barrio": "San Fernando Nuevo", "direccion": "76001 Calle 5B4 34 58, San Fernando Nuevo, Cali, Valle del Cauca, COL,SAN FERNANDO NUEVO", "sitio": "SIN INFORMACION", "x": -76.539833068850001, "y": 3.42806911469, "anio": 2025, "mes": "mayo", "dia": 2, "dia_semana": 6, "hora_hecho": "03:40", "barrio": "SAN FERNANDO NUEVO", "estrato": 4, "geom": "0101000020E6100000000000A08C2253C000000080AF6C0B40", "fecha_hech": "2025-05-02 00:00:00" }, "geometry": { "type": "Point", "coordinates": [ -76.539833068850001, 3.42806911469 ] } },
{ "type": "Feature", "properties": { "dinamica": "HURTO", "titulo": "DELITOS CONTRA EL PATRIMONIO ECONOMICO", "capitulo": "DEL HURTO", "articulo": "HURTO CALIFICADO. ART. 240 C.P.", "grado_deli": "NINGUNO", "tipo_notic": "DENUNCIA", "caracteriz": "HURTO A PERSONAS", "modalidad": "ATRACO", "modo": "ARMA DE FUEGO", "motivo": null, "pais": "COLOMBIA", "dane_dep": 76, "departamen": "VALLE DEL CAUCA", "dane_mpio": 76001, "municipio": "CALI", "cod_comuna": 19.0, "comuna": "Comuna 19", "cod_barrio": 1906.0, "nom_barrio": "San Fernando Nuevo", "direccion": "76001 CALLE 5B4 34 58, SAN FERNANDO NUEVO, CALI, VALLE DEL CAUCA", "sitio": "VIA PUBLICA", "x": -76.539833068850001, "y": 3.42806911469, "anio": 2025, "mes": "mayo", "dia": 2, "dia_semana": 6, "hora_hecho": "03:40", "barrio": "SAN FERNANDO NUEVO", "estrato": 4, "geom": "0101000020E6100000000000A08C2253C000000080AF6C0B40", "fecha_hech": "2025-05-02 00:00:00" }, "geometry": { "type": "Point", "coordinates": [ -76.539833068850001, 3.42806911469 ] } },
{ "type": "Feature", "properties": { "dinamica": "HURTO", "titulo": "DELITOS CONTRA EL PATRIMONIO ECONOMICO", "capitulo": "DEL HURTO", "articulo": "HURTO CALIFICADO. ART. 240 C.P.", "grado_deli": "NINGUNO", "tipo_notic": "DENUNCIA", "caracteriz": "HURTO A PERSONAS", "modalidad": "VIOLACION DE CERRADURA", "modo": null, "motivo": null, "pais": "COLOMBIA", "dane_dep": 76, "departamen": "VALLE DEL CAUCA", "dane_mpio": 76001, "municipio": "CALI", "cod_comuna": 19.0, "comuna": "Comuna 19", "cod_barrio": 1905.0, "nom_barrio": "Eucaristico", "direccion": "76001 Carrera 36Abis 6 35, Barrio Eucaristico, Cali, Valle del Cauca, COL,BARRIO EUCARÍSTICO", "sitio": "SIN INFORMACION", "x": -76.539840698239999, "y": 3.4254040718100001, "anio": 2025, "mes": "mayo", "dia": 2, "dia_semana": 6, "hora_hecho": "19:00", "barrio": "BARRIO EUCARÍSTICO", "estrato": 4, "geom": "0101000020E6100000000000C08C2253C0000000403A670B40", "fecha_hech": "2025-05-02 00:00:00" }, "geometry": { "type": "Point", "coordinates": [ -76.539840698239999, 3.42540407181 ] } },
{ "type": "Feature", "properties": { "dinamica": "HURTO", "titulo": "DELITOS CONTRA EL PATRIMONIO ECONOMICO", "capitulo": "DEL HURTO", "articulo": "HURTO CALIFICADO. ART. 240 C.P.", "grado_deli": "AGRAVADO", "tipo_notic": "DENUNCIA", "caracteriz": "HURTO A PERSONAS", "modalidad": "ATRACO", "modo": "ARMA DE FUEGO", "motivo": null, "pais": "COLOMBIA", "dane_dep": 76, "departamen": "VALLE DEL CAUCA", "dane_mpio": 76001, "municipio": "CALI", "cod_comuna": 19.0, "comuna": "Comuna 19", "cod_barrio": 1913.0, "nom_barrio": "El Cedro", "direccion": "76001 CALLE 7 26 55, EL CEDRO, CALI, VALLE DEL CAUCA", "sitio": "VIA PUBLICA", "x": -76.53751373291, "y": 3.43380904198, "anio": 2025, "mes": "mayo", "dia": 5, "dia_semana": 2, "hora_hecho": "07:30", "barrio": "EL CEDRO", "estrato": 4, "geom": "0101000020E6100000000000A0662253C0000000E070780B40", "fecha_hech": "2025-05-05 00:00:00" }, "geometry": { "type": "Point", "coordinates": [ -76.53751373291, 3.43380904198 ] } },
{ "type": "Feature", "properties": { "dinamica": "HURTO", "titulo": "DELITOS CONTRA EL PATRIMONIO ECONOMICO", "capitulo": "DEL HURTO", "articulo": "HURTO CALIFICADO. ART. 240 C.P.", "grado_deli": "NINGUNO", "tipo_notic": "DENUNCIA", "caracteriz": "HURTO A PERSONAS", "modalidad": "ROMPIMIENTO DE VIDRIO", "modo": null, "motivo": null, "pais": "COLOMBIA", "dane_dep": 76, "departamen": "VALLE DEL CAUCA", "dane_mpio": 76001, "municipio": "CALI", "cod_comuna": 19.0, "comuna": "Comuna 19", "cod_barrio": 1913.0, "nom_barrio": "El Cedro", "direccion": "76001 ESTACIÓN DE SERVÍCIO ROOSVELT", "sitio": "VIA PUBLICA", "x": -76.538795471189999, "y": 3.4321451187099998, "anio": 2025, "mes": "mayo", "dia": 6, "dia_semana": 3, "hora_hecho": "07:30", "barrio": "EL CEDRO", "estrato": 4, "geom": "0101000020E6100000000000A07B2253C00000008008750B40", "fecha_hech": "2025-05-06 00:00:00" }, "geometry": { "type": "Point", "coordinates": [ -76.538795471189999, 3.43214511871 ] } },
{ "type": "Feature", "properties": { "dinamica": "HURTO", "titulo": "DELITOS CONTRA EL PATRIMONIO ECONOMICO", "capitulo": "DEL HURTO", "articulo": "HURTO CALIFICADO. ART. 240 C.P.", "grado_deli": "NINGUNO", "tipo_notic": "DENUNCIA", "caracteriz": "HURTO A PERSONAS", "modalidad": "ATRACO", "modo": "ARMA DE FUEGO", "motivo": null, "pais": "COLOMBIA", "dane_dep": 76, "departamen": "VALLE DEL CAUCA", "dane_mpio": 76001, "municipio": "CALI", "cod_comuna": 19.0, "comuna": "Comuna 19", "cod_barrio": 1913.0, "nom_barrio": "El Cedro", "direccion": "76001 CALLE 6A 26 14", "sitio": "VIA PUBLICA", "x": -76.538215637210001, "y": 3.4341900348699999, "anio": 2025, "mes": "mayo", "dia": 10, "dia_semana": 7, "hora_hecho": "11:10", "barrio": "EL CEDRO", "estrato": 4, "geom": "0101000020E610000000000020722253C0000000A038790B40", "fecha_hech": "2025-05-10 00:00:00" }, "geometry": { "type": "Point", "coordinates": [ -76.538215637210001, 3.43419003487 ] } },
{ "type": "Feature", "properties": { "dinamica": "HURTO", "titulo": "DELITOS CONTRA EL PATRIMONIO ECONOMICO", "capitulo": "DEL HURTO", "articulo": "HURTO CALIFICADO. ART. 240 C.P.", "grado_deli": "AGRAVADO", "tipo_notic": "DENUNCIA", "caracteriz": "HURTO A CELULARES", "modalidad": "RAPONAZO", "modo": null, "motivo": "SIN DETERMINAR", "pais": "COLOMBIA", "dane_dep": 76, "departamen": "VALLE DEL CAUCA", "dane_mpio": 76001, "municipio": "CALI", "cod_comuna": 19.0, "comuna": "Comuna 19", "cod_barrio": 1912.0, "nom_barrio": "3 de Julio", "direccion": "76001 Calle 6 con Carrera 26, 3 de Julio, Cali, Valle del Cauca, COL,3 DE JULIO", "sitio": "SIN INFORMACION", "x": -76.538818359380002, "y": 3.4343628883399999, "anio": 2025, "mes": "mayo", "dia": 16, "dia_semana": 6, "hora_hecho": "14:44", "barrio": "3 DE JULIO", "estrato": 4, "geom": "0101000020E6100000000000007C2253C00000004093790B40", "fecha_hech": "2025-05-16 00:00:00" }, "geometry": { "type": "Point", "coordinates": [ -76.538818359380002, 3.43436288834 ] } },
{ "type": "Feature", "properties": { "dinamica": "HURTO", "titulo": "DELITOS CONTRA EL PATRIMONIO ECONOMICO", "capitulo": "DEL HURTO", "articulo": "HURTO CALIFICADO. ART. 240 C.P.", "grado_deli": "NINGUNO", "tipo_notic": "DENUNCIA", "caracteriz": "HURTO A RESIDENCIA", "modalidad": "VIOLACION DE CERRADURA", "modo": null, "motivo": null, "pais": "COLOMBIA", "dane_dep": 76, "departamen": "VALLE DEL CAUCA", "dane_mpio": 76001, "municipio": "CALI", "cod_comuna": 19.0, "comuna": "Comuna 19", "cod_barrio": 1905.0, "nom_barrio": "Eucaristico", "direccion": "76001 Calle 9 34 6, Barrio Eucaristico, Cali, Valle del Cauca, COL,BARRIO EUCARÍSTICO", "sitio": "SIN INFORMACION", "x": -76.537811279300001, "y": 3.4255900383000002, "anio": 2025, "mes": "mayo", "dia": 16, "dia_semana": 6, "hora_hecho": "19:30", "barrio": "BARRIO EUCARÍSTICO", "estrato": 4, "geom": "0101000020E6100000000000806B2253C0000000C09B670B40", "fecha_hech": "2025-05-16 00:00:00" }, "geometry": { "type": "Point", "coordinates": [ -76.537811279300001, 3.4255900383 ] } },
{ "type": "Feature", "properties": { "dinamica": "HURTO", "titulo": "DELITOS CONTRA EL PATRIMONIO ECONOMICO", "capitulo": "DEL HURTO", "articulo": "HURTO CALIFICADO. ART. 240 C.P.", "grado_deli": "NINGUNO", "tipo_notic": "DENUNCIA", "caracteriz": "HURTO DE MOTOCICLETAS", "modalidad": "ATRACO", "modo": "ARMA DE FUEGO", "motivo": null, "pais": "COLOMBIA", "dane_dep": 76, "departamen": "VALLE DEL CAUCA", "dane_mpio": 76001, "municipio": "CALI", "cod_comuna": 19.0, "comuna": "Comuna 19", "cod_barrio": 1912.0, "nom_barrio": "3 de Julio", "direccion": "76001 CALLE 5B 27 30, 3 DE JULIO, CALI, VALLE DEL CAUCA", "sitio": "VIA PUBLICA", "x": -76.540473937990001, "y": 3.4328138828300001, "anio": 2025, "mes": "mayo", "dia": 16, "dia_semana": 6, "hora_hecho": "23:50", "barrio": "3 DE JULIO", "estrato": 4, "geom": "0101000020E610000000000020972253C00000002067760B40", "fecha_hech": "2025-05-16 00:00:00" }, "geometry": { "type": "Point", "coordinates": [ -76.540473937990001, 3.43281388283 ] } },
{ "type": "Feature", "properties": { "dinamica": "HURTO", "titulo": "DELITOS CONTRA EL PATRIMONIO ECONOMICO", "capitulo": "DEL HURTO", "articulo": "HURTO CALIFICADO. ART. 240 C.P.", "grado_deli": "NINGUNO", "tipo_notic": "DENUNCIA", "caracteriz": "HURTO A PERSONAS", "modalidad": "COSQUILLEO", "modo": null, "motivo": null, "pais": "COLOMBIA", "dane_dep": 76, "departamen": "VALLE DEL CAUCA", "dane_mpio": 76001, "municipio": "CALI", "cod_comuna": 19.0, "comuna": "Comuna 19", "cod_barrio": 1913.0, "nom_barrio": "El Cedro", "direccion": "76001 HOTEL LA MILAGROSA CALI, CALLE 6 29 50, EL CEDRO, CALI, VALLE DEL CAUCA, COL,EL CEDRO", "sitio": "VIA PUBLICA", "x": -76.5386428833, "y": 3.43123102188, "anio": 2025, "mes": "mayo", "dia": 18, "dia_semana": 1, "hora_hecho": "06:45", "barrio": "EL CEDRO", "estrato": 4, "geom": "0101000020E610000000000020792253C00000004029730B40", "fecha_hech": "2025-05-18 00:00:00" }, "geometry": { "type": "Point", "coordinates": [ -76.5386428833, 3.43123102188 ] } },
{ "type": "Feature", "properties": { "dinamica": "HURTO", "titulo": "DELITOS CONTRA EL PATRIMONIO ECONOMICO", "capitulo": "DEL HURTO", "articulo": "HURTO CALIFICADO. ART. 240 C.P.", "grado_deli": "NINGUNO", "tipo_notic": "DENUNCIA", "caracteriz": "HURTO DE MOTOCICLETAS", "modalidad": "ATRACO", "modo": "ARMA DE FUEGO", "motivo": null, "pais": "COLOMBIA", "dane_dep": 76, "departamen": "VALLE DEL CAUCA", "dane_mpio": 76001, "municipio": "CALI", "cod_comuna": 19.0, "comuna": "Comuna 19", "cod_barrio": 1912.0, "nom_barrio": "3 de Julio", "direccion": "76001 CALLE 5 24 99", "sitio": "VIA PUBLICA", "x": -76.539878845209998, "y": 3.43605899811, "anio": 2025, "mes": "mayo", "dia": 19, "dia_semana": 2, "hora_hecho": "22:00", "barrio": "3 DE JULIO", "estrato": 4, "geom": "0101000020E6100000000000608D2253C0000000800C7D0B40", "fecha_hech": "2025-05-19 00:00:00" }, "geometry": { "type": "Point", "coordinates": [ -76.539878845209998, 3.43605899811 ] } },
{ "type": "Feature", "properties": { "dinamica": "HURTO", "titulo": "DELITOS CONTRA EL PATRIMONIO ECONOMICO", "capitulo": "DEL HURTO", "articulo": "HURTO CALIFICADO. ART. 240 C.P.", "grado_deli": "AGRAVADO", "tipo_notic": "DENUNCIA", "caracteriz": "HURTO A PERSONAS", "modalidad": "ATRACO", "modo": "ARMA DE FUEGO", "motivo": null, "pais": "COLOMBIA", "dane_dep": 76, "departamen": "VALLE DEL CAUCA", "dane_mpio": 76001, "municipio": "CALI", "cod_comuna": 19.0, "comuna": "Comuna 19", "cod_barrio": 1905.0, "nom_barrio": "Eucaristico", "direccion": "76001 CALLE 6 34 36", "sitio": "VIA PUBLICA", "x": -76.539268493649999, "y": 3.4276869297000001, "anio": 2025, "mes": "mayo", "dia": 20, "dia_semana": 3, "hora_hecho": "23:05", "barrio": "BARRIO EUCARÍSTICO", "estrato": 4, "geom": "0101000020E610000000000060832253C000000020E76B0B40", "fecha_hech": "2025-05-20 00:00:00" }, "geometry": { "type": "Point", "coordinates": [ -76.539268493649999, 3.4276869297 ] } },
{ "type": "Feature", "properties": { "dinamica": "HURTO", "titulo": "DELITOS CONTRA EL PATRIMONIO ECONOMICO", "capitulo": "DEL HURTO", "articulo": "HURTO CALIFICADO. ART. 240 C.P.", "grado_deli": "AGRAVADO", "tipo_notic": "DENUNCIA", "caracteriz": "HURTO A PERSONAS", "modalidad": "ATRACO", "modo": "ARMA DE FUEGO", "motivo": null, "pais": "COLOMBIA", "dane_dep": 76, "departamen": "VALLE DEL CAUCA", "dane_mpio": 76001, "municipio": "CALI", "cod_comuna": 19.0, "comuna": "Comuna 19", "cod_barrio": 1905.0, "nom_barrio": "Eucaristico", "direccion": "76001 Calle 6 34, Barrio Eucaristico, Cali, Valle del Cauca, COL,BARRIO EUCARÍSTICO", "sitio": "SIN INFORMACION", "x": -76.539154052729998, "y": 3.4279038906100001, "anio": 2025, "mes": "mayo", "dia": 20, "dia_semana": 3, "hora_hecho": "23:05", "barrio": "BARRIO EUCARÍSTICO", "estrato": 4, "geom": "0101000020E610000000000080812253C0000000E0586C0B40", "fecha_hech": "2025-05-20 00:00:00" }, "geometry": { "type": "Point", "coordinates": [ -76.539154052729998, 3.42790389061 ] } },
{ "type": "Feature", "properties": { "dinamica": "HURTO", "titulo": "DELITOS CONTRA EL PATRIMONIO ECONOMICO", "capitulo": "DEL HURTO", "articulo": "HURTO CALIFICADO. ART. 240 C.P.", "grado_deli": "AGRAVADO", "tipo_notic": "DENUNCIA", "caracteriz": "HURTO A ESTABLECIMIENTOS", "modalidad": "VENTOSA", "modo": null, "motivo": null, "pais": "COLOMBIA", "dane_dep": 76, "departamen": "VALLE DEL CAUCA", "dane_mpio": 76001, "municipio": "CALI", "cod_comuna": 19.0, "comuna": "Comuna 19", "cod_barrio": 1913.0, "nom_barrio": "El Cedro", "direccion": "76001 CALLE 7 27 46, EL CEDRO, CALI, VALLE DEL CAUCA", "sitio": "ESTABLECIMIENTO DE COMERCIO", "x": -76.537673950200002, "y": 3.4327819347399999, "anio": 2025, "mes": "mayo", "dia": 24, "dia_semana": 7, "hora_hecho": "05:23", "barrio": "EL CEDRO", "estrato": 4, "geom": "0101000020E610000000000040692253C00000006056760B40", "fecha_hech": "2025-05-24 00:00:00" }, "geometry": { "type": "Point", "coordinates": [ -76.537673950200002, 3.43278193474 ] } },
{ "type": "Feature", "properties": { "dinamica": "HURTO", "titulo": "DELITOS CONTRA EL PATRIMONIO ECONOMICO", "capitulo": "DEL HURTO", "articulo": "HURTO CALIFICADO. ART. 240 C.P.", "grado_deli": "AGRAVADO", "tipo_notic": "DENUNCIA", "caracteriz": "HURTO A PERSONAS", "modalidad": "ATRACO", "modo": "ARMA DE FUEGO", "motivo": null, "pais": "COLOMBIA", "dane_dep": 76, "departamen": "VALLE DEL CAUCA", "dane_mpio": 76001, "municipio": "CALI", "cod_comuna": 19.0, "comuna": "Comuna 19", "cod_barrio": 1913.0, "nom_barrio": "El Cedro", "direccion": "76001 AVENIDA ROOSEVELT 29 11", "sitio": "VIA PUBLICA", "x": -76.53889465332, "y": 3.4316198825800002, "anio": 2025, "mes": "mayo", "dia": 24, "dia_semana": 7, "hora_hecho": "13:00", "barrio": "EL CEDRO", "estrato": 4, "geom": "0101000020E6100000000000407D2253C000000020F5730B40", "fecha_hech": "2025-05-24 00:00:00" }, "geometry": { "type": "Point", "coordinates": [ -76.53889465332, 3.43161988258 ] } },
{ "type": "Feature", "properties": { "dinamica": "HURTO", "titulo": "DELITOS CONTRA EL PATRIMONIO ECONOMICO", "capitulo": "DEL HURTO", "articulo": "HURTO CALIFICADO. ART. 240 C.P.", "grado_deli": "NINGUNO", "tipo_notic": "DENUNCIA", "caracteriz": "HURTO DE VEHICULOS", "modalidad": "HALADO", "modo": null, "motivo": null, "pais": "COLOMBIA", "dane_dep": 76, "departamen": "VALLE DEL CAUCA", "dane_mpio": 76001, "municipio": "CALI", "cod_comuna": 19.0, "comuna": "Comuna 19", "cod_barrio": 1905.0, "nom_barrio": "Eucaristico", "direccion": "76001 CARRERA 36 CON CALLE 8, BARRIO EUCARISTICO, CALI, VALLE DEL CAUCA", "sitio": "VIA PUBLICA", "x": -76.538513183589998, "y": 3.4257791042300001, "anio": 2025, "mes": "mayo", "dia": 25, "dia_semana": 1, "hora_hecho": "17:00", "barrio": "BARRIO EUCARÍSTICO", "estrato": 4, "geom": "0101000020E610000000000000772253C0000000E0FE670B40", "fecha_hech": "2025-05-25 00:00:00" }, "geometry": { "type": "Point", "coordinates": [ -76.538513183589998, 3.42577910423 ] } },
{ "type": "Feature", "properties": { "dinamica": "HURTO", "titulo": "DELITOS CONTRA EL PATRIMONIO ECONOMICO", "capitulo": "DEL HURTO", "articulo": "HURTO. ART. 239 C.P.", "grado_deli": "NINGUNO", "tipo_notic": "DENUNCIA", "caracteriz": "HURTO A ESTABLECIMIENTOS", "modalidad": "FACTOR DE OPORTUNIDAD", "modo": null, "motivo": null, "pais": "COLOMBIA", "dane_dep": 76, "departamen": "VALLE DEL CAUCA", "dane_mpio": 76001, "municipio": "CALI", "cod_comuna": 19.0, "comuna": "Comuna 19", "cod_barrio": 1913.0, "nom_barrio": "El Cedro", "direccion": "76001 AVENIDA ROOSEVELT 25 21", "sitio": "ENTIDAD FINANCIERA", "x": -76.538703918460001, "y": 3.4349949359899998, "anio": 2025, "mes": "mayo", "dia": 26, "dia_semana": 2, "hora_hecho": "11:00", "barrio": "EL CEDRO", "estrato": 4, "geom": "0101000020E6100000000000207A2253C0000000A0DE7A0B40", "fecha_hech": "2025-05-26 00:00:00" }, "geometry": { "type": "Point", "coordinates": [ -76.538703918460001, 3.43499493599 ] } },
{ "type": "Feature", "properties": { "dinamica": "HURTO", "titulo": "DELITOS CONTRA EL PATRIMONIO ECONOMICO", "capitulo": "DEL HURTO", "articulo": "HURTO. ART. 239 C.P.", "grado_deli": "NINGUNO", "tipo_notic": "QUERELLA", "caracteriz": "HURTO A ESTABLECIMIENTOS", "modalidad": "FACTOR DE OPORTUNIDAD", "modo": null, "motivo": null, "pais": "COLOMBIA", "dane_dep": 76, "departamen": "VALLE DEL CAUCA", "dane_mpio": 76001, "municipio": "CALI", "cod_comuna": 19.0, "comuna": "Comuna 19", "cod_barrio": 1913.0, "nom_barrio": "El Cedro", "direccion": "76001 Calle 8 32 58, El Cedro, Cali, Valle del Cauca, COL,EL CEDRO", "sitio": "SIN INFORMACION", "x": -76.537895202640001, "y": 3.4278008937800002, "anio": 2025, "mes": "mayo", "dia": 26, "dia_semana": 2, "hora_hecho": "20:00", "barrio": "EL CEDRO", "estrato": 4, "geom": "0101000020E6100000000000E06C2253C0000000E0226C0B40", "fecha_hech": "2025-05-26 00:00:00" }, "geometry": { "type": "Point", "coordinates": [ -76.537895202640001, 3.42780089378 ] } },
{ "type": "Feature", "properties": { "dinamica": "HURTO", "titulo": "DELITOS CONTRA EL PATRIMONIO ECONOMICO", "capitulo": "DEL HURTO", "articulo": "HURTO CALIFICADO. ART. 240 C.P.", "grado_deli": "NINGUNO", "tipo_notic": "DENUNCIA", "caracteriz": "HURTO DE MOTOCICLETAS", "modalidad": "ATRACO", "modo": "ARMA CONTUNDENTE", "motivo": null, "pais": "COLOMBIA", "dane_dep": 76, "departamen": "VALLE DEL CAUCA", "dane_mpio": 76001, "municipio": "CALI", "cod_comuna": 19.0, "comuna": "Comuna 19", "cod_barrio": 1905.0, "nom_barrio": "Eucaristico", "direccion": "76001 CALLE 6 34 15", "sitio": "VIA PUBLICA", "x": -76.539093017580001, "y": 3.4280469417599999, "anio": 2025, "mes": "mayo", "dia": 27, "dia_semana": 3, "hora_hecho": "22:00", "barrio": "BARRIO EUCARÍSTICO", "estrato": 4, "geom": "0101000020E610000000000080802253C0000000E0A36C0B40", "fecha_hech": "2025-05-27 00:00:00" }, "geometry": { "type": "Point", "coordinates": [ -76.539093017580001, 3.42804694176 ] } },
{ "type": "Feature", "properties": { "dinamica": "HURTO", "titulo": "DELITOS CONTRA EL PATRIMONIO ECONOMICO", "capitulo": "DEL HURTO", "articulo": "HURTO CALIFICADO. ART. 240 C.P.", "grado_deli": "NINGUNO", "tipo_notic": "DENUNCIA", "caracteriz": "HURTO A CELULARES", "modalidad": "FACTOR DE OPORTUNIDAD", "modo": null, "motivo": null, "pais": "COLOMBIA", "dane_dep": 76, "departamen": "VALLE DEL CAUCA", "dane_mpio": 76001, "municipio": "CALI", "cod_comuna": 19.0, "comuna": "Comuna 19", "cod_barrio": 1913.0, "nom_barrio": "El Cedro", "direccion": "76001 CALLE 6 CON CARRERA 34, 3 DE JULIO, CALI, VALLE DEL CAUCA, COL,EL CEDRO", "sitio": "ESTABLECIMIENTO PUBLICO", "x": -76.539039611820002, "y": 3.4283289909399999, "anio": 2025, "mes": "mayo", "dia": 28, "dia_semana": 4, "hora_hecho": "01:33", "barrio": "EL CEDRO", "estrato": 4, "geom": "0101000020E6100000000000A07F2253C0000000C0376D0B40", "fecha_hech": "2025-05-28 00:00:00" }, "geometry": { "type": "Point", "coordinates": [ -76.539039611820002, 3.42832899094 ] } },
{ "type": "Feature", "properties": { "dinamica": "HURTO", "titulo": "DELITOS CONTRA EL PATRIMONIO ECONOMICO", "capitulo": "DEL HURTO", "articulo": "HURTO CALIFICADO. ART. 240 C.P.", "grado_deli": "AGRAVADO", "tipo_notic": "DENUNCIA", "caracteriz": "HURTO DE MOTOCICLETAS", "modalidad": "ATRACO", "modo": "ARMA DE FUEGO", "motivo": null, "pais": "COLOMBIA", "dane_dep": 76, "departamen": "VALLE DEL CAUCA", "dane_mpio": 76001, "municipio": "CALI", "cod_comuna": 19.0, "comuna": "Comuna 19", "cod_barrio": 1905.0, "nom_barrio": "Eucaristico", "direccion": "76001 CALLE 7 35 148", "sitio": "VIA PUBLICA", "x": -76.539108276370001, "y": 3.4261379241899999, "anio": 2025, "mes": "mayo", "dia": 28, "dia_semana": 4, "hora_hecho": "23:30", "barrio": "BARRIO EUCARÍSTICO", "estrato": 4, "geom": "0101000020E6100000000000C0802253C000000000BB680B40", "fecha_hech": "2025-05-28 00:00:00" }, "geometry": { "type": "Point", "coordinates": [ -76.539108276370001, 3.42613792419 ] } },
{ "type": "Feature", "properties": { "dinamica": "HURTO", "titulo": "DELITOS CONTRA EL PATRIMONIO ECONOMICO", "capitulo": "DEL HURTO", "articulo": "HURTO. ART. 239 C.P.", "grado_deli": "AGRAVADO", "tipo_notic": "DENUNCIA", "caracteriz": "HURTO A ESTABLECIMIENTOS", "modalidad": "VIOLACION DE CERRADURA", "modo": null, "motivo": null, "pais": "COLOMBIA", "dane_dep": 76, "departamen": "VALLE DEL CAUCA", "dane_mpio": 76001, "municipio": "CALI", "cod_comuna": 19.0, "comuna": "Comuna 19", "cod_barrio": 1912.0, "nom_barrio": "3 de Julio", "direccion": "76001 CALLE 5C 26 106", "sitio": "VEHICULO", "x": -76.539794921880002, "y": 3.4336669445000001, "anio": 2025, "mes": "mayo", "dia": 30, "dia_semana": 6, "hora_hecho": "11:33", "barrio": "3 DE JULIO", "estrato": 4, "geom": "0101000020E6100000000000008C2253C00000006026780B40", "fecha_hech": "2025-05-30 00:00:00" }, "geometry": { "type": "Point", "coordinates": [ -76.539794921880002, 3.4336669445 ] } },
{ "type": "Feature", "properties": { "dinamica": "HURTO", "titulo": "DELITOS CONTRA EL PATRIMONIO ECONOMICO", "capitulo": "DEL HURTO", "articulo": "HURTO CALIFICADO. ART. 240 C.P.", "grado_deli": "NINGUNO", "tipo_notic": "DENUNCIA", "caracteriz": "HURTO DE MOTOCICLETAS", "modalidad": "HALADO", "modo": null, "motivo": null, "pais": "COLOMBIA", "dane_dep": 76, "departamen": "VALLE DEL CAUCA", "dane_mpio": 76001, "municipio": "CALI", "cod_comuna": 19.0, "comuna": "Comuna 19", "cod_barrio": 1905.0, "nom_barrio": "Eucaristico", "direccion": "76001 CALLE 6 34 1", "sitio": "VIA PUBLICA", "x": -76.539054870610002, "y": 3.4281840324399999, "anio": 2025, "mes": "junio", "dia": 4, "dia_semana": 4, "hora_hecho": "21:20", "barrio": "BARRIO EUCARÍSTICO", "estrato": 4, "geom": "0101000020E6100000000000E07F2253C0000000C0EB6C0B40", "fecha_hech": "2025-06-04 00:00:00" }, "geometry": { "type": "Point", "coordinates": [ -76.539054870610002, 3.42818403244 ] } },
{ "type": "Feature", "properties": { "dinamica": "HURTO", "titulo": "DELITOS CONTRA EL PATRIMONIO ECONOMICO", "capitulo": "DEL HURTO", "articulo": "HURTO. ART. 239 C.P.", "grado_deli": "AGRAVADO", "tipo_notic": "DENUNCIA", "caracteriz": "HURTO A RESIDENCIA", "modalidad": "FACTOR DE OPORTUNIDAD", "modo": null, "motivo": null, "pais": "COLOMBIA", "dane_dep": 76, "departamen": "VALLE DEL CAUCA", "dane_mpio": 76001, "municipio": "CALI", "cod_comuna": 19.0, "comuna": "Comuna 19", "cod_barrio": 1913.0, "nom_barrio": "El Cedro", "direccion": "76001 CALLE 7, EL CEDRO, CALI, VALLE DEL CAUCA", "sitio": "DOMICILIO", "x": -76.538467407230002, "y": 3.42853307724, "anio": 2025, "mes": "junio", "dia": 9, "dia_semana": 2, "hora_hecho": "00:00", "barrio": "EL CEDRO", "estrato": 4, "geom": "0101000020E610000000000040762253C0000000C0A26D0B40", "fecha_hech": "2025-06-09 00:00:00" }, "geometry": { "type": "Point", "coordinates": [ -76.538467407230002, 3.42853307724 ] } },
{ "type": "Feature", "properties": { "dinamica": "HURTO", "titulo": "DELITOS CONTRA EL PATRIMONIO ECONOMICO", "capitulo": "DEL HURTO", "articulo": "HURTO CALIFICADO. ART. 240 C.P.", "grado_deli": "AGRAVADO", "tipo_notic": "DENUNCIA", "caracteriz": "HURTO A PERSONAS", "modalidad": "ATRACO", "modo": "ARMA BLANCA", "motivo": null, "pais": "COLOMBIA", "dane_dep": 76, "departamen": "VALLE DEL CAUCA", "dane_mpio": 76001, "municipio": "CALI", "cod_comuna": 19.0, "comuna": "Comuna 19", "cod_barrio": 1914.0, "nom_barrio": "Champagnat", "direccion": "76001 Carrera 32, El Cedro, Cali, Valle del Cauca, COL,CHAMPAGNAT", "sitio": "SIN INFORMACION", "x": -76.536865234380002, "y": 3.4278619289400001, "anio": 2025, "mes": "junio", "dia": 9, "dia_semana": 2, "hora_hecho": "23:00", "barrio": "CHAMPAGNAT", "estrato": 4, "geom": "0101000020E6100000000000005C2253C0000000E0426C0B40", "fecha_hech": "2025-06-09 00:00:00" }, "geometry": { "type": "Point", "coordinates": [ -76.536865234380002, 3.42786192894 ] } },
{ "type": "Feature", "properties": { "dinamica": "HURTO", "titulo": "DELITOS CONTRA EL PATRIMONIO ECONOMICO", "capitulo": "DEL HURTO", "articulo": "HURTO. ART. 239 C.P.", "grado_deli": "AGRAVADO", "tipo_notic": "DENUNCIA", "caracteriz": "HURTO A PERSONAS", "modalidad": "RAPONAZO", "modo": null, "motivo": null, "pais": "COLOMBIA", "dane_dep": 76, "departamen": "VALLE DEL CAUCA", "dane_mpio": 76001, "municipio": "CALI", "cod_comuna": 19.0, "comuna": "Comuna 19", "cod_barrio": 1913.0, "nom_barrio": "El Cedro", "direccion": "76001 CALLE 8 CON CARRERA 34, BARRIO EUCARISTICO, CALI, VALLE DEL CAUCA", "sitio": "VIA PUBLICA", "x": -76.538055419919999, "y": 3.427038908, "anio": 2025, "mes": "junio", "dia": 13, "dia_semana": 6, "hora_hecho": "20:10", "barrio": "EL CEDRO", "estrato": 4, "geom": "0101000020E6100000000000806F2253C000000060936A0B40", "fecha_hech": "2025-06-13 00:00:00" }, "geometry": { "type": "Point", "coordinates": [ -76.538055419919999, 3.427038908 ] } },
{ "type": "Feature", "properties": { "dinamica": "HURTO", "titulo": "DELITOS CONTRA EL PATRIMONIO ECONOMICO", "capitulo": "DEL HURTO", "articulo": "HURTO CALIFICADO. ART. 240 C.P.", "grado_deli": "NINGUNO", "tipo_notic": "DENUNCIA", "caracteriz": "HURTO DE AUTOPARTES", "modalidad": "FACTOR DE OPORTUNIDAD", "modo": null, "motivo": null, "pais": "COLOMBIA", "dane_dep": 76, "departamen": "VALLE DEL CAUCA", "dane_mpio": 76001, "municipio": "CALI", "cod_comuna": 19.0, "comuna": "Comuna 19", "cod_barrio": 1905.0, "nom_barrio": "Eucaristico", "direccion": "76001 CARRERA 36, BARRIO EUCARISTICO, CALI, VALLE DEL CAUCA", "sitio": "VIA PUBLICA", "x": -76.539100646969999, "y": 3.4260959625199998, "anio": 2025, "mes": "junio", "dia": 14, "dia_semana": 7, "hora_hecho": "23:00", "barrio": "BARRIO EUCARÍSTICO", "estrato": 4, "geom": "0101000020E6100000000000A0802253C000000000A5680B40", "fecha_hech": "2025-06-14 00:00:00" }, "geometry": { "type": "Point", "coordinates": [ -76.539100646969999, 3.42609596252 ] } },
{ "type": "Feature", "properties": { "dinamica": "HURTO", "titulo": "DELITOS CONTRA EL PATRIMONIO ECONOMICO", "capitulo": "DEL HURTO", "articulo": "HURTO CALIFICADO. ART. 240 C.P.", "grado_deli": "NINGUNO", "tipo_notic": "DENUNCIA", "caracteriz": "HURTO DE MOTOCICLETAS", "modalidad": "ATRACO", "modo": "ARMA DE FUEGO", "motivo": null, "pais": "COLOMBIA", "dane_dep": 76, "departamen": "VALLE DEL CAUCA", "dane_mpio": 76001, "municipio": "CALI", "cod_comuna": 19.0, "comuna": "Comuna 19", "cod_barrio": 1912.0, "nom_barrio": "3 de Julio", "direccion": "76001 CALLE 5 24A 91, MIRAFLORES, CALI, VALLE DEL CAUCA", "sitio": "VIA PUBLICA", "x": -76.539878845209998, "y": 3.4360809326199999, "anio": 2025, "mes": "junio", "dia": 17, "dia_semana": 3, "hora_hecho": "00:00", "barrio": "3 DE JULIO", "estrato": 4, "geom": "0101000020E6100000000000608D2253C000000000187D0B40", "fecha_hech": "2025-06-17 00:00:00" }, "geometry": { "type": "Point", "coordinates": [ -76.539878845209998, 3.43608093262 ] } },
{ "type": "Feature", "properties": { "dinamica": "HURTO", "titulo": "DELITOS CONTRA EL PATRIMONIO ECONOMICO", "capitulo": "DEL HURTO", "articulo": "HURTO CALIFICADO. ART. 240 C.P.", "grado_deli": "NINGUNO", "tipo_notic": "DENUNCIA", "caracteriz": "HURTO DE VEHICULOS", "modalidad": "FACTOR DE OPORTUNIDAD", "modo": null, "motivo": null, "pais": "COLOMBIA", "dane_dep": 76, "departamen": "VALLE DEL CAUCA", "dane_mpio": 76001, "municipio": "CALI", "cod_comuna": 19.0, "comuna": "Comuna 19", "cod_barrio": 1912.0, "nom_barrio": "3 de Julio", "direccion": "76001 CARRERA 27 5B 1", "sitio": "ZONA DE PARQUEO", "x": -76.540473937990001, "y": 3.43334794044, "anio": 2025, "mes": "junio", "dia": 19, "dia_semana": 5, "hora_hecho": "00:00", "barrio": "3 DE JULIO", "estrato": 4, "geom": "0101000020E610000000000020972253C0000000207F770B40", "fecha_hech": "2025-06-19 00:00:00" }, "geometry": { "type": "Point", "coordinates": [ -76.540473937990001, 3.43334794044 ] } },
{ "type": "Feature", "properties": { "dinamica": "HURTO", "titulo": "DELITOS CONTRA EL PATRIMONIO ECONOMICO", "capitulo": "DEL HURTO", "articulo": "HURTO CALIFICADO. ART. 240 C.P.", "grado_deli": "NINGUNO", "tipo_notic": "DENUNCIA", "caracteriz": "HURTO DE MOTOCICLETAS", "modalidad": "ATRACO", "modo": "ARMA DE FUEGO", "motivo": null, "pais": "COLOMBIA", "dane_dep": 76, "departamen": "VALLE DEL CAUCA", "dane_mpio": 76001, "municipio": "CALI", "cod_comuna": 19.0, "comuna": "Comuna 19", "cod_barrio": 1912.0, "nom_barrio": "3 de Julio", "direccion": "76001 CALLE 6 26 148", "sitio": "VIA PUBLICA", "x": -76.53889465332, "y": 3.4333729744000001, "anio": 2025, "mes": "junio", "dia": 22, "dia_semana": 1, "hora_hecho": "02:00", "barrio": "3 DE JULIO", "estrato": 4, "geom": "0101000020E6100000000000407D2253C0000000408C770B40", "fecha_hech": "2025-06-22 00:00:00" }, "geometry": { "type": "Point", "coordinates": [ -76.53889465332, 3.4333729744 ] } },
{ "type": "Feature", "properties": { "dinamica": "HURTO", "titulo": "DELITOS CONTRA EL PATRIMONIO ECONOMICO", "capitulo": "DEL HURTO", "articulo": "HURTO CALIFICADO. ART. 240 C.P.", "grado_deli": "AGRAVADO", "tipo_notic": "DENUNCIA", "caracteriz": "HURTO A PERSONAS", "modalidad": "ATRACO", "modo": "ARMA BLANCA", "motivo": null, "pais": "COLOMBIA", "dane_dep": 76, "departamen": "VALLE DEL CAUCA", "dane_mpio": 76001, "municipio": "CALI", "cod_comuna": 19.0, "comuna": "Comuna 19", "cod_barrio": 1913.0, "nom_barrio": "El Cedro", "direccion": "76001 CL 7 SUR CON CON KR 30 CALLE 7 CARRERA 30", "sitio": "SIN INFORMACION", "x": -76.53798675537, "y": 3.4300980567899999, "anio": 2025, "mes": "junio", "dia": 22, "dia_semana": 1, "hora_hecho": "23:30", "barrio": null, "estrato": 4, "geom": "0101000020E6100000000000606E2253C000000040D7700B40", "fecha_hech": "2025-06-22 00:00:00" }, "geometry": { "type": "Point", "coordinates": [ -76.53798675537, 3.43009805679 ] } },
{ "type": "Feature", "properties": { "dinamica": "HURTO", "titulo": "DELITOS CONTRA EL PATRIMONIO ECONOMICO", "capitulo": "DEL HURTO", "articulo": "HURTO CALIFICADO. ART. 240 C.P.", "grado_deli": "AGRAVADO", "tipo_notic": "DENUNCIA", "caracteriz": "HURTO A PERSONAS", "modalidad": "ATRACO", "modo": "SIN ARMA", "motivo": null, "pais": "COLOMBIA", "dane_dep": 76, "departamen": "VALLE DEL CAUCA", "dane_mpio": 76001, "municipio": "CALI", "cod_comuna": 19.0, "comuna": "Comuna 19", "cod_barrio": 1912.0, "nom_barrio": "3 de Julio", "direccion": "76001", "sitio": "SIN INFORMACION", "x": -76.54019165039, "y": 3.4333209991500002, "anio": 2025, "mes": "junio", "dia": 26, "dia_semana": 5, "hora_hecho": "15:00", "barrio": null, "estrato": 4, "geom": "0101000020E610000000000080922253C00000000071770B40", "fecha_hech": "2025-06-26 00:00:00" }, "geometry": { "type": "Point", "coordinates": [ -76.54019165039, 3.43332099915 ] } },
{ "type": "Feature", "properties": { "dinamica": "HURTO", "titulo": "DELITOS CONTRA EL PATRIMONIO ECONOMICO", "capitulo": "DEL HURTO", "articulo": "HURTO CALIFICADO. ART. 240 C.P.", "grado_deli": "NINGUNO", "tipo_notic": "DENUNCIA", "caracteriz": "HURTO A CELULARES", "modalidad": "RAPONAZO", "modo": null, "motivo": "SIN DETERMINAR", "pais": "COLOMBIA", "dane_dep": 76, "departamen": "VALLE DEL CAUCA", "dane_mpio": 76001, "municipio": "CALI", "cod_comuna": 19.0, "comuna": "Comuna 19", "cod_barrio": 1912.0, "nom_barrio": "3 de Julio", "direccion": "76001 Calle 6 26 8, 3 de Julio, Cali, Valle del Cauca, COL,3 DE JULIO", "sitio": "SIN INFORMACION", "x": -76.538879394529999, "y": 3.4342501163499999, "anio": 2025, "mes": "junio", "dia": 26, "dia_semana": 5, "hora_hecho": "16:00", "barrio": "3 DE JULIO", "estrato": 4, "geom": "0101000020E6100000000000007D2253C00000002058790B40", "fecha_hech": "2025-06-26 00:00:00" }, "geometry": { "type": "Point", "coordinates": [ -76.538879394529999, 3.43425011635 ] } },
{ "type": "Feature", "properties": { "dinamica": "HURTO", "titulo": "DELITOS CONTRA EL PATRIMONIO ECONOMICO", "capitulo": "DEL HURTO", "articulo": "HURTO. ART. 239 C.P.", "grado_deli": "NINGUNO", "tipo_notic": "DENUNCIA", "caracteriz": "HURTO A ESTABLECIMIENTOS", "modalidad": "FACTOR DE OPORTUNIDAD", "modo": null, "motivo": null, "pais": "COLOMBIA", "dane_dep": 76, "departamen": "VALLE DEL CAUCA", "dane_mpio": 76001, "municipio": "CALI", "cod_comuna": 19.0, "comuna": "Comuna 19", "cod_barrio": 1913.0, "nom_barrio": "El Cedro", "direccion": "76001 CALLE 7 27 46, EL CEDRO, CALI, VALLE DEL CAUCA", "sitio": "OTRO", "x": -76.537673950200002, "y": 3.4327819347399999, "anio": 2025, "mes": "junio", "dia": 27, "dia_semana": 6, "hora_hecho": "16:00", "barrio": "EL CEDRO", "estrato": 4, "geom": "0101000020E610000000000040692253C00000006056760B40", "fecha_hech": "2025-06-27 00:00:00" }, "geometry": { "type": "Point", "coordinates": [ -76.537673950200002, 3.43278193474 ] } },
{ "type": "Feature", "properties": { "dinamica": "HURTO", "titulo": "DELITOS CONTRA EL PATRIMONIO ECONOMICO", "capitulo": "DEL HURTO", "articulo": "HURTO CALIFICADO. ART. 240 C.P.", "grado_deli": "AGRAVADO", "tipo_notic": "DENUNCIA", "caracteriz": "HURTO A PERSONAS", "modalidad": "ATRACO", "modo": "ARMA DE FUEGO", "motivo": null, "pais": "COLOMBIA", "dane_dep": 76, "departamen": "VALLE DEL CAUCA", "dane_mpio": 76001, "municipio": "CALI", "cod_comuna": 19.0, "comuna": "Comuna 19", "cod_barrio": 1905.0, "nom_barrio": "Eucaristico", "direccion": "76001 CARRERA 34 6 44", "sitio": "VIA PUBLICA", "x": -76.53882598877, "y": 3.4277620315599999, "anio": 2025, "mes": "junio", "dia": 28, "dia_semana": 7, "hora_hecho": "00:00", "barrio": "BARRIO EUCARÍSTICO", "estrato": 4, "geom": "0101000020E6100000000000207C2253C0000000800E6C0B40", "fecha_hech": "2025-06-28 00:00:00" }, "geometry": { "type": "Point", "coordinates": [ -76.53882598877, 3.42776203156 ] } },
{ "type": "Feature", "properties": { "dinamica": "HURTO", "titulo": "DELITOS CONTRA EL PATRIMONIO ECONOMICO", "capitulo": "DEL HURTO", "articulo": "HURTO CALIFICADO. ART. 240 C.P.", "grado_deli": "NINGUNO", "tipo_notic": "DENUNCIA", "caracteriz": "HURTO DE VEHICULOS", "modalidad": "HALADO", "modo": null, "motivo": null, "pais": "COLOMBIA", "dane_dep": 76, "departamen": "VALLE DEL CAUCA", "dane_mpio": 76001, "municipio": "CALI", "cod_comuna": 19.0, "comuna": "Comuna 19", "cod_barrio": 1912.0, "nom_barrio": "3 de Julio", "direccion": "76001 CARRERA 29 5B 49, 3 DE JULIO, CALI, VALLE DEL CAUCA", "sitio": "VIA PUBLICA", "x": -76.539710998540002, "y": 3.4320740699800001, "anio": 2025, "mes": "junio", "dia": 29, "dia_semana": 1, "hora_hecho": "00:00", "barrio": "3 DE JULIO", "estrato": 4, "geom": "0101000020E6100000000000A08A2253C000000040E3740B40", "fecha_hech": "2025-06-29 00:00:00" }, "geometry": { "type": "Point", "coordinates": [ -76.539710998540002, 3.43207406998 ] } },
{ "type": "Feature", "properties": { "dinamica": "HURTO", "titulo": "DELITOS CONTRA EL PATRIMONIO ECONOMICO", "capitulo": "DEL HURTO", "articulo": "HURTO CALIFICADO. ART. 240 C.P.", "grado_deli": "NINGUNO", "tipo_notic": "DENUNCIA", "caracteriz": "HURTO DE VEHICULOS", "modalidad": "HALADO", "modo": null, "motivo": null, "pais": "COLOMBIA", "dane_dep": 76, "departamen": "VALLE DEL CAUCA", "dane_mpio": 76001, "municipio": "CALI", "cod_comuna": 19.0, "comuna": "Comuna 19", "cod_barrio": 1912.0, "nom_barrio": "3 de Julio", "direccion": "76001 CARRERA 29 5B 49, 3 DE JULIO, CALI, VALLE DEL CAUCA", "sitio": "VIA PUBLICA", "x": -76.539710998540002, "y": 3.4320740699800001, "anio": 2025, "mes": "junio", "dia": 29, "dia_semana": 1, "hora_hecho": "00:00", "barrio": "3 DE JULIO", "estrato": 4, "geom": "0101000020E6100000000000A08A2253C000000040E3740B40", "fecha_hech": "2025-06-29 00:00:00" }, "geometry": { "type": "Point", "coordinates": [ -76.539710998540002, 3.43207406998 ] } },
{ "type": "Feature", "properties": { "dinamica": "HURTO", "titulo": "DELITOS CONTRA EL PATRIMONIO ECONOMICO", "capitulo": "DEL HURTO", "articulo": "HURTO. ART. 239 C.P.", "grado_deli": "AGRAVADO", "tipo_notic": "DENUNCIA", "caracteriz": "HURTO A PERSONAS", "modalidad": "RAPONAZO", "modo": null, "motivo": null, "pais": "COLOMBIA", "dane_dep": 76, "departamen": "VALLE DEL CAUCA", "dane_mpio": 76001, "municipio": "CALI", "cod_comuna": 19.0, "comuna": "Comuna 19", "cod_barrio": 1906.0, "nom_barrio": "San Fernando Nuevo", "direccion": "76001 CARRERA 36 5B3 65, SAN FERNANDO NUEVO, CALI, VALLE DEL CAUCA", "sitio": "VIA PUBLICA", "x": -76.54076385498, "y": 3.4280500412000001, "anio": 2025, "mes": "junio", "dia": 29, "dia_semana": 1, "hora_hecho": "16:00", "barrio": "SAN FERNANDO NUEVO", "estrato": 4, "geom": "0101000020E6100000000000E09B2253C000000080A56C0B40", "fecha_hech": "2025-06-29 00:00:00" }, "geometry": { "type": "Point", "coordinates": [ -76.54076385498, 3.4280500412 ] } },
{ "type": "Feature", "properties": { "dinamica": "HURTO", "titulo": "DELITOS CONTRA EL PATRIMONIO ECONOMICO", "capitulo": "DEL HURTO", "articulo": "HURTO CALIFICADO. ART. 240 C.P.", "grado_deli": "NINGUNO", "tipo_notic": "DENUNCIA", "caracteriz": "HURTO A PERSONAS", "modalidad": "VIOLACION DE CERRADURA", "modo": null, "motivo": null, "pais": "COLOMBIA", "dane_dep": 76, "departamen": "VALLE DEL CAUCA", "dane_mpio": 76001, "municipio": "CALI", "cod_comuna": 19.0, "comuna": "Comuna 19", "cod_barrio": 1905.0, "nom_barrio": "Eucaristico", "direccion": "76001 CARRERA 36, BARRIO EUCARISTICO, CALI, VALLE DEL CAUCA", "sitio": "VIA PUBLICA", "x": -76.53874206543, "y": 3.4258880615199998, "anio": 2025, "mes": "junio", "dia": 29, "dia_semana": 1, "hora_hecho": "23:00", "barrio": "BARRIO EUCARÍSTICO", "estrato": 4, "geom": "0101000020E6100000000000C07A2253C00000000038680B40", "fecha_hech": "2025-06-29 00:00:00" }, "geometry": { "type": "Point", "coordinates": [ -76.53874206543, 3.42588806152 ] } },
{ "type": "Feature", "properties": { "dinamica": "HURTO", "titulo": "DELITOS CONTRA EL PATRIMONIO ECONOMICO", "capitulo": "DEL HURTO", "articulo": "HURTO CALIFICADO. ART. 240 C.P.", "grado_deli": "TENTATIVA", "tipo_notic": "ACTOS URGENTES", "caracteriz": "HURTO DE AUTOPARTES", "modalidad": "FACTOR DE OPORTUNIDAD", "modo": null, "motivo": null, "pais": "COLOMBIA", "dane_dep": 76, "departamen": "VALLE DEL CAUCA", "dane_mpio": 76001, "municipio": "CALI", "cod_comuna": 19.0, "comuna": "Comuna 19", "cod_barrio": 1912.0, "nom_barrio": "3 de Julio", "direccion": "76001 CALLE 5C 29 1", "sitio": "VIA PUBLICA", "x": -76.539558410639998, "y": 3.4317679405199999, "anio": 2025, "mes": "julio", "dia": 2, "dia_semana": 4, "hora_hecho": "14:51", "barrio": "3 DE JULIO", "estrato": 4, "geom": "0101000020E610000000000020882253C0000000C042740B40", "fecha_hech": "2025-07-02 00:00:00" }, "geometry": { "type": "Point", "coordinates": [ -76.539558410639998, 3.43176794052 ] } },
{ "type": "Feature", "properties": { "dinamica": "HURTO", "titulo": "DELITOS CONTRA EL PATRIMONIO ECONOMICO", "capitulo": "DEL HURTO", "articulo": "HURTO. ART. 239 C.P.", "grado_deli": "AGRAVADO", "tipo_notic": "DENUNCIA", "caracteriz": "HURTO A ESTABLECIMIENTOS", "modalidad": "FACTOR DE OPORTUNIDAD", "modo": null, "motivo": null, "pais": "COLOMBIA", "dane_dep": 76, "departamen": "VALLE DEL CAUCA", "dane_mpio": 76001, "municipio": "CALI", "cod_comuna": 19.0, "comuna": "Comuna 19", "cod_barrio": 1913.0, "nom_barrio": "El Cedro", "direccion": "76001 CALLE 6 28 51, 3 DE JULIO, CALI, VALLE DEL CAUCA", "sitio": "ESTACION DE SERVICIO", "x": -76.53882598877, "y": 3.4321680069, "anio": 2025, "mes": "julio", "dia": 4, "dia_semana": 6, "hora_hecho": "23:24", "barrio": "EL CEDRO", "estrato": 4, "geom": "0101000020E6100000000000207C2253C00000008014750B40", "fecha_hech": "2025-07-04 00:00:00" }, "geometry": { "type": "Point", "coordinates": [ -76.53882598877, 3.4321680069 ] } },
{ "type": "Feature", "properties": { "dinamica": "HURTO", "titulo": "DELITOS CONTRA EL PATRIMONIO ECONOMICO", "capitulo": "DEL HURTO", "articulo": "HURTO. ART. 239 C.P.", "grado_deli": "AGRAVADO", "tipo_notic": "DENUNCIA", "caracteriz": "HURTO A CELULARES", "modalidad": "FACTOR DE OPORTUNIDAD", "modo": null, "motivo": null, "pais": "COLOMBIA", "dane_dep": 76, "departamen": "VALLE DEL CAUCA", "dane_mpio": 76001, "municipio": "CALI", "cod_comuna": 19.0, "comuna": "Comuna 19", "cod_barrio": 1913.0, "nom_barrio": "El Cedro", "direccion": "76001 Carrera 28 6 37, El Cedro, Cali, Valle del Cauca, COL,EL CEDRO", "sitio": "SIN INFORMACION", "x": -76.538467407230002, "y": 3.4326910972600002, "anio": 2025, "mes": "julio", "dia": 6, "dia_semana": 1, "hora_hecho": "06:40", "barrio": "EL CEDRO", "estrato": 4, "geom": "0101000020E610000000000040762253C0000000C026760B40", "fecha_hech": "2025-07-06 00:00:00" }, "geometry": { "type": "Point", "coordinates": [ -76.538467407230002, 3.43269109726 ] } },
{ "type": "Feature", "properties": { "dinamica": "HURTO", "titulo": "DELITOS CONTRA EL PATRIMONIO ECONOMICO", "capitulo": "DEL HURTO", "articulo": "HURTO CALIFICADO. ART. 240 C.P.", "grado_deli": "NINGUNO", "tipo_notic": "DENUNCIA", "caracteriz": "HURTO A ESTABLECIMIENTOS", "modalidad": "ATRACO", "modo": "ARMA DE FUEGO", "motivo": null, "pais": "COLOMBIA", "dane_dep": 76, "departamen": "VALLE DEL CAUCA", "dane_mpio": 76001, "municipio": "CALI", "cod_comuna": 19.0, "comuna": "Comuna 19", "cod_barrio": 1912.0, "nom_barrio": "3 de Julio", "direccion": "76001 CALLE 6 28 70, 3 DE JULIO, CALI, VALLE DEL CAUCA", "sitio": "ESTABLECIMIENTO DE COMERCIO", "x": -76.539115905759999, "y": 3.43197202682, "anio": 2025, "mes": "julio", "dia": 6, "dia_semana": 1, "hora_hecho": "20:40", "barrio": "3 DE JULIO", "estrato": 4, "geom": "0101000020E6100000000000E0802253C0000000C0AD740B40", "fecha_hech": "2025-07-06 00:00:00" }, "geometry": { "type": "Point", "coordinates": [ -76.539115905759999, 3.43197202682 ] } },
{ "type": "Feature", "properties": { "dinamica": "HURTO", "titulo": "DELITOS CONTRA EL PATRIMONIO ECONOMICO", "capitulo": "DEL HURTO", "articulo": "HURTO. ART. 239 C.P.", "grado_deli": "AGRAVADO", "tipo_notic": "DENUNCIA", "caracteriz": "HURTO A PERSONAS", "modalidad": "COSQUILLEO", "modo": null, "motivo": null, "pais": "COLOMBIA", "dane_dep": 76, "departamen": "VALLE DEL CAUCA", "dane_mpio": 76001, "municipio": "CALI", "cod_comuna": 19.0, "comuna": "Comuna 19", "cod_barrio": 1912.0, "nom_barrio": "3 de Julio", "direccion": "76001 CALLE 6, 3 DE JULIO, CALI, VALLE DEL CAUCA", "sitio": "TRANSPORTE PUBLICO URBANO", "x": -76.538795471189999, "y": 3.4346380233799998, "anio": 2025, "mes": "julio", "dia": 7, "dia_semana": 2, "hora_hecho": "18:00", "barrio": "3 DE JULIO", "estrato": 4, "geom": "0101000020E6100000000000A07B2253C000000080237A0B40", "fecha_hech": "2025-07-07 00:00:00" }, "geometry": { "type": "Point", "coordinates": [ -76.538795471189999, 3.43463802338 ] } },
{ "type": "Feature", "properties": { "dinamica": "HURTO", "titulo": "DELITOS CONTRA EL PATRIMONIO ECONOMICO", "capitulo": "DEL HURTO", "articulo": "HURTO CALIFICADO. ART. 240 C.P.", "grado_deli": "NINGUNO", "tipo_notic": "DENUNCIA", "caracteriz": "HURTO A ESTABLECIMIENTOS", "modalidad": "ATRACO", "modo": "SIN ARMA", "motivo": null, "pais": "COLOMBIA", "dane_dep": 76, "departamen": "VALLE DEL CAUCA", "dane_mpio": 76001, "municipio": "CALI", "cod_comuna": 19.0, "comuna": "Comuna 19", "cod_barrio": 1906.0, "nom_barrio": "San Fernando Nuevo", "direccion": "76001 Calle 5B4 36 06, San Fernando Nuevo, Cali, Valle del Cauca, COL,SAN FERNANDO NUEVO", "sitio": "SIN INFORMACION", "x": -76.540504455570002, "y": 3.4276540279400001, "anio": 2025, "mes": "julio", "dia": 10, "dia_semana": 5, "hora_hecho": "06:25", "barrio": "SAN FERNANDO NUEVO", "estrato": 4, "geom": "0101000020E6100000000000A0972253C0000000E0D56B0B40", "fecha_hech": "2025-07-10 00:00:00" }, "geometry": { "type": "Point", "coordinates": [ -76.540504455570002, 3.42765402794 ] } },
{ "type": "Feature", "properties": { "dinamica": "HURTO", "titulo": "DELITOS CONTRA EL PATRIMONIO ECONOMICO", "capitulo": "DEL HURTO", "articulo": "HURTO CALIFICADO. ART. 240 C.P.", "grado_deli": "AGRAVADO", "tipo_notic": "DENUNCIA", "caracteriz": "HURTO DE MOTOCICLETAS", "modalidad": "HALADO", "modo": null, "motivo": null, "pais": "COLOMBIA", "dane_dep": 76, "departamen": "VALLE DEL CAUCA", "dane_mpio": 76001, "municipio": "CALI", "cod_comuna": 19.0, "comuna": "Comuna 19", "cod_barrio": 1906.0, "nom_barrio": "San Fernando Nuevo", "direccion": "76001 CALLE 5B4 36B 94", "sitio": "VIA PUBLICA", "x": -76.541702270510001, "y": 3.42658901215, "anio": 2025, "mes": "julio", "dia": 11, "dia_semana": 6, "hora_hecho": "11:00", "barrio": "SAN FERNANDO NUEVO", "estrato": 4, "geom": "0101000020E610000000000040AB2253C000000080A7690B40", "fecha_hech": "2025-07-11 00:00:00" }, "geometry": { "type": "Point", "coordinates": [ -76.541702270510001, 3.42658901215 ] } },
{ "type": "Feature", "properties": { "dinamica": "HURTO", "titulo": "DELITOS CONTRA EL PATRIMONIO ECONOMICO", "capitulo": "DEL HURTO", "articulo": "HURTO CALIFICADO. ART. 240 C.P.", "grado_deli": "NINGUNO", "tipo_notic": "DENUNCIA", "caracteriz": "HURTO A PERSONAS", "modalidad": "ATRACO", "modo": "ARMA DE FUEGO", "motivo": null, "pais": "COLOMBIA", "dane_dep": 76, "departamen": "VALLE DEL CAUCA", "dane_mpio": 76001, "municipio": "CALI", "cod_comuna": 19.0, "comuna": "Comuna 19", "cod_barrio": 1912.0, "nom_barrio": "3 de Julio", "direccion": "76001 CALLE 6 CON CARRERA 26, 3 DE JULIO, CALI, VALLE DEL CAUCA", "sitio": "VIA PUBLICA", "x": -76.538818359380002, "y": 3.4343628883399999, "anio": 2025, "mes": "julio", "dia": 12, "dia_semana": 7, "hora_hecho": "20:00", "barrio": "3 DE JULIO", "estrato": 4, "geom": "0101000020E6100000000000007C2253C00000004093790B40", "fecha_hech": "2025-07-12 00:00:00" }, "geometry": { "type": "Point", "coordinates": [ -76.538818359380002, 3.43436288834 ] } },
{ "type": "Feature", "properties": { "dinamica": "HURTO", "titulo": "DELITOS CONTRA EL PATRIMONIO ECONOMICO", "capitulo": "DEL HURTO", "articulo": "HURTO CALIFICADO. ART. 240 C.P.", "grado_deli": "NINGUNO", "tipo_notic": "DENUNCIA", "caracteriz": "HURTO A PERSONAS", "modalidad": "FACTOR DE OPORTUNIDAD", "modo": null, "motivo": null, "pais": "COLOMBIA", "dane_dep": 76, "departamen": "VALLE DEL CAUCA", "dane_mpio": 76001, "municipio": "CALI", "cod_comuna": 19.0, "comuna": "Comuna 19", "cod_barrio": 1905.0, "nom_barrio": "Eucaristico", "direccion": "76001 Calle 7 35 70, Barrio Eucaristico, Cali, Valle del Cauca, COL,BARRIO EUCARÍSTICO", "sitio": "SIN INFORMACION", "x": -76.539093017580001, "y": 3.4265010356899999, "anio": 2025, "mes": "julio", "dia": 15, "dia_semana": 3, "hora_hecho": "10:41", "barrio": "BARRIO EUCARÍSTICO", "estrato": 4, "geom": "0101000020E610000000000080802253C00000006079690B40", "fecha_hech": "2025-07-15 00:00:00" }, "geometry": { "type": "Point", "coordinates": [ -76.539093017580001, 3.42650103569 ] } },
{ "type": "Feature", "properties": { "dinamica": "HURTO", "titulo": "DELITOS CONTRA EL PATRIMONIO ECONOMICO", "capitulo": "DEL HURTO", "articulo": "HURTO CALIFICADO. ART. 240 C.P.", "grado_deli": "NINGUNO", "tipo_notic": "DENUNCIA", "caracteriz": "HURTO A PERSONAS", "modalidad": "ROMPIMIENTO DE VIDRIO", "modo": null, "motivo": null, "pais": "COLOMBIA", "dane_dep": 76, "departamen": "VALLE DEL CAUCA", "dane_mpio": 76001, "municipio": "CALI", "cod_comuna": 19.0, "comuna": "Comuna 19", "cod_barrio": 1913.0, "nom_barrio": "El Cedro", "direccion": "76001 Calle 6A con Carrera 27, El Cedro, Cali, Valle del Cauca, COL,EL CEDRO", "sitio": "SIN INFORMACION", "x": -76.53816986084, "y": 3.4332621097599998, "anio": 2025, "mes": "julio", "dia": 15, "dia_semana": 3, "hora_hecho": "18:40", "barrio": "EL CEDRO", "estrato": 4, "geom": "0101000020E610000000000060712253C00000002052770B40", "fecha_hech": "2025-07-15 00:00:00" }, "geometry": { "type": "Point", "coordinates": [ -76.53816986084, 3.43326210976 ] } },
{ "type": "Feature", "properties": { "dinamica": "HURTO", "titulo": "DELITOS CONTRA EL PATRIMONIO ECONOMICO", "capitulo": "DEL HURTO", "articulo": "HURTO. ART. 239 C.P.", "grado_deli": "NINGUNO", "tipo_notic": "QUERELLA", "caracteriz": "HURTO A PERSONAS", "modalidad": "RAPONAZO", "modo": null, "motivo": null, "pais": "COLOMBIA", "dane_dep": 76, "departamen": "VALLE DEL CAUCA", "dane_mpio": 76001, "municipio": "CALI", "cod_comuna": 19.0, "comuna": "Comuna 19", "cod_barrio": 1905.0, "nom_barrio": "Eucaristico", "direccion": "76001 Calle 8 con Carrera 34, Barrio Eucaristico, Cali, Valle del Cauca, COL,BARRIO EUCARÍSTICO", "sitio": "SIN INFORMACION", "x": -76.538124084469999, "y": 3.4267799854300001, "anio": 2025, "mes": "julio", "dia": 15, "dia_semana": 3, "hora_hecho": "19:30", "barrio": "BARRIO EUCARÍSTICO", "estrato": 4, "geom": "0101000020E6100000000000A0702253C0000000A00B6A0B40", "fecha_hech": "2025-07-15 00:00:00" }, "geometry": { "type": "Point", "coordinates": [ -76.538124084469999, 3.42677998543 ] } },
{ "type": "Feature", "properties": { "dinamica": "HURTO", "titulo": "DELITOS CONTRA EL PATRIMONIO ECONOMICO", "capitulo": "DEL HURTO", "articulo": "HURTO. ART. 239 C.P.", "grado_deli": "NINGUNO", "tipo_notic": "DENUNCIA", "caracteriz": "HURTO A CELULARES", "modalidad": "RAPONAZO", "modo": null, "motivo": "SIN DETERMINAR", "pais": "COLOMBIA", "dane_dep": 76, "departamen": "VALLE DEL CAUCA", "dane_mpio": 76001, "municipio": "CALI", "cod_comuna": 19.0, "comuna": "Comuna 19", "cod_barrio": 1905.0, "nom_barrio": "Eucaristico", "direccion": "76001 CALLE 9 34 1, BARRIO EUCARISTICO, CALI, VALLE DEL CAUCA", "sitio": "VIA PUBLICA", "x": -76.53793334961, "y": 3.42560911179, "anio": 2025, "mes": "julio", "dia": 17, "dia_semana": 5, "hora_hecho": "05:15", "barrio": "BARRIO EUCARÍSTICO", "estrato": 4, "geom": "0101000020E6100000000000806D2253C0000000C0A5670B40", "fecha_hech": "2025-07-17 00:00:00" }, "geometry": { "type": "Point", "coordinates": [ -76.53793334961, 3.42560911179 ] } },
{ "type": "Feature", "properties": { "dinamica": "HURTO", "titulo": "DELITOS CONTRA EL PATRIMONIO ECONOMICO", "capitulo": "DEL HURTO", "articulo": "HURTO CALIFICADO. ART. 240 C.P.", "grado_deli": "NINGUNO", "tipo_notic": "DENUNCIA", "caracteriz": "HURTO DE VEHICULOS", "modalidad": "HALADO", "modo": null, "motivo": null, "pais": "COLOMBIA", "dane_dep": 76, "departamen": "VALLE DEL CAUCA", "dane_mpio": 76001, "municipio": "CALI", "cod_comuna": 19.0, "comuna": "Comuna 19", "cod_barrio": 1905.0, "nom_barrio": "Eucaristico", "direccion": "76001 CALLE 8, BARRIO EUCARISTICO, CALI, VALLE DEL CAUCA", "sitio": "VIA PUBLICA", "x": -76.5380859375, "y": 3.4269099235499998, "anio": 2025, "mes": "julio", "dia": 17, "dia_semana": 5, "hora_hecho": "16:00", "barrio": "BARRIO EUCARÍSTICO", "estrato": 4, "geom": "0101000020E610000000000000702253C0000000C04F6A0B40", "fecha_hech": "2025-07-17 00:00:00" }, "geometry": { "type": "Point", "coordinates": [ -76.5380859375, 3.42690992355 ] } },
{ "type": "Feature", "properties": { "dinamica": "HURTO", "titulo": "DELITOS CONTRA EL PATRIMONIO ECONOMICO", "capitulo": "DEL HURTO", "articulo": "HURTO CALIFICADO. ART. 240 C.P.", "grado_deli": "NINGUNO", "tipo_notic": "DENUNCIA", "caracteriz": "HURTO A PERSONAS", "modalidad": "ATRACO", "modo": "SUSTANCIA TÓXICA", "motivo": null, "pais": "COLOMBIA", "dane_dep": 76, "departamen": "VALLE DEL CAUCA", "dane_mpio": 76001, "municipio": "CALI", "cod_comuna": 19.0, "comuna": "Comuna 19", "cod_barrio": 1912.0, "nom_barrio": "3 de Julio", "direccion": "76001 Calle 6 con Carrera 27, 3 de Julio, Cali, Valle del Cauca, COL,3 DE JULIO", "sitio": "SIN INFORMACION", "x": -76.538856506350001, "y": 3.43329405785, "anio": 2025, "mes": "julio", "dia": 18, "dia_semana": 6, "hora_hecho": "05:00", "barrio": "3 DE JULIO", "estrato": 4, "geom": "0101000020E6100000000000A07C2253C0000000E062770B40", "fecha_hech": "2025-07-18 00:00:00" }, "geometry": { "type": "Point", "coordinates": [ -76.538856506350001, 3.43329405785 ] } },
{ "type": "Feature", "properties": { "dinamica": "HURTO", "titulo": "DELITOS CONTRA EL PATRIMONIO ECONOMICO", "capitulo": "DEL HURTO", "articulo": "HURTO. ART. 239 C.P.", "grado_deli": "AGRAVADO", "tipo_notic": "DENUNCIA", "caracteriz": "HURTO A PERSONAS", "modalidad": "RAPONAZO", "modo": null, "motivo": null, "pais": "COLOMBIA", "dane_dep": 76, "departamen": "VALLE DEL CAUCA", "dane_mpio": 76001, "municipio": "CALI", "cod_comuna": 19.0, "comuna": "Comuna 19", "cod_barrio": 1912.0, "nom_barrio": "3 de Julio", "direccion": "76001 CL 6 SUR CON KR 26-201 OCCIDENTE", "sitio": "SIN INFORMACION", "x": -76.539031982419999, "y": 3.4340469837200001, "anio": 2025, "mes": "julio", "dia": 18, "dia_semana": 6, "hora_hecho": "17:00", "barrio": null, "estrato": 4, "geom": "0101000020E6100000000000807F2253C0000000A0ED780B40", "fecha_hech": "2025-07-18 00:00:00" }, "geometry": { "type": "Point", "coordinates": [ -76.539031982419999, 3.43404698372 ] } },
{ "type": "Feature", "properties": { "dinamica": "HURTO", "titulo": "DELITOS CONTRA EL PATRIMONIO ECONOMICO", "capitulo": "DEL HURTO", "articulo": "HURTO CALIFICADO. ART. 240 C.P.", "grado_deli": "NINGUNO", "tipo_notic": "DENUNCIA", "caracteriz": "HURTO A PERSONAS", "modalidad": "ATRACO", "modo": "ARMA DE FUEGO", "motivo": null, "pais": "COLOMBIA", "dane_dep": 76, "departamen": "VALLE DEL CAUCA", "dane_mpio": 76001, "municipio": "CALI", "cod_comuna": 19.0, "comuna": "Comuna 19", "cod_barrio": 1913.0, "nom_barrio": "El Cedro", "direccion": "76001 Carrera 34 con Calle 6, Barrio Eucaristico, Cali, Valle del Cauca, COL,EL CEDRO", "sitio": "SIN INFORMACION", "x": -76.539039611820002, "y": 3.4283289909399999, "anio": 2025, "mes": "julio", "dia": 20, "dia_semana": 1, "hora_hecho": "15:25", "barrio": "EL CEDRO", "estrato": 4, "geom": "0101000020E6100000000000A07F2253C0000000C0376D0B40", "fecha_hech": "2025-07-20 00:00:00" }, "geometry": { "type": "Point", "coordinates": [ -76.539039611820002, 3.42832899094 ] } },
{ "type": "Feature", "properties": { "dinamica": "HURTO", "titulo": "DELITOS CONTRA EL PATRIMONIO ECONOMICO", "capitulo": "DEL HURTO", "articulo": "HURTO CALIFICADO. ART. 240 C.P.", "grado_deli": "NINGUNO", "tipo_notic": "DENUNCIA", "caracteriz": "HURTO DE BICICLETAS", "modalidad": "HALADO", "modo": null, "motivo": null, "pais": "COLOMBIA", "dane_dep": 76, "departamen": "VALLE DEL CAUCA", "dane_mpio": 76001, "municipio": "CALI", "cod_comuna": 19.0, "comuna": "Comuna 19", "cod_barrio": 1912.0, "nom_barrio": "3 de Julio", "direccion": "76001 Calle 6 25 50, 3 de Julio, Cali, Valle del Cauca, COL,3 DE JULIO", "sitio": "SIN INFORMACION", "x": -76.538841247560001, "y": 3.4348149299599999, "anio": 2025, "mes": "julio", "dia": 22, "dia_semana": 3, "hora_hecho": "12:30", "barrio": "3 DE JULIO", "estrato": 4, "geom": "0101000020E6100000000000607C2253C000000040807A0B40", "fecha_hech": "2025-07-22 00:00:00" }, "geometry": { "type": "Point", "coordinates": [ -76.538841247560001, 3.43481492996 ] } },
{ "type": "Feature", "properties": { "dinamica": "HURTO", "titulo": "DELITOS CONTRA EL PATRIMONIO ECONOMICO", "capitulo": "DEL HURTO", "articulo": "HURTO CALIFICADO. ART. 240 C.P.", "grado_deli": "NINGUNO", "tipo_notic": "DENUNCIA", "caracteriz": "HURTO A RESIDENCIA", "modalidad": "FACTOR DE OPORTUNIDAD", "modo": null, "motivo": null, "pais": "COLOMBIA", "dane_dep": 76, "departamen": "VALLE DEL CAUCA", "dane_mpio": 76001, "municipio": "CALI", "cod_comuna": 19.0, "comuna": "Comuna 19", "cod_barrio": 1912.0, "nom_barrio": "3 de Julio", "direccion": "76001 CARRERA 28 5B, 3 DE JULIO, CALI, VALLE DEL CAUCA", "sitio": "EDIFICIO", "x": -76.539222717290002, "y": 3.4325408935500001, "anio": 2025, "mes": "julio", "dia": 24, "dia_semana": 5, "hora_hecho": "05:30", "barrio": "3 DE JULIO", "estrato": 4, "geom": "0101000020E6100000000000A0822253C000000000D8750B40", "fecha_hech": "2025-07-24 00:00:00" }, "geometry": { "type": "Point", "coordinates": [ -76.539222717290002, 3.43254089355 ] } },
{ "type": "Feature", "properties": { "dinamica": "HURTO", "titulo": "DELITOS CONTRA EL PATRIMONIO ECONOMICO", "capitulo": "DEL HURTO", "articulo": "HURTO CALIFICADO. ART. 240 C.P.", "grado_deli": "NINGUNO", "tipo_notic": "DENUNCIA", "caracteriz": "HURTO DE MOTOCICLETAS", "modalidad": "ATRACO", "modo": "ARMA DE FUEGO", "motivo": null, "pais": "COLOMBIA", "dane_dep": 76, "departamen": "VALLE DEL CAUCA", "dane_mpio": 76001, "municipio": "CALI", "cod_comuna": 19.0, "comuna": "Comuna 19", "cod_barrio": 1913.0, "nom_barrio": "El Cedro", "direccion": "76001 CALLE 8 32 2", "sitio": "VIA PUBLICA", "x": -76.53775024414, "y": 3.4281039238000002, "anio": 2025, "mes": "agosto", "dia": 1, "dia_semana": 6, "hora_hecho": "22:20", "barrio": "EL CEDRO", "estrato": 4, "geom": "0101000020E6100000000000806A2253C0000000C0C16C0B40", "fecha_hech": "2025-08-01 00:00:00" }, "geometry": { "type": "Point", "coordinates": [ -76.53775024414, 3.4281039238 ] } },
{ "type": "Feature", "properties": { "dinamica": "HURTO", "titulo": "DELITOS CONTRA EL PATRIMONIO ECONOMICO", "capitulo": "DEL HURTO", "articulo": "HURTO CALIFICADO. ART. 240 C.P.", "grado_deli": "NINGUNO", "tipo_notic": "DENUNCIA", "caracteriz": "HURTO A PERSONAS", "modalidad": "FACTOR DE OPORTUNIDAD", "modo": null, "motivo": null, "pais": "COLOMBIA", "dane_dep": 76, "departamen": "VALLE DEL CAUCA", "dane_mpio": 76001, "municipio": "CALI", "cod_comuna": 19.0, "comuna": "Comuna 19", "cod_barrio": 1913.0, "nom_barrio": "El Cedro", "direccion": "76001 Calle 7 25 60, El Cedro, Cali, Valle del Cauca, COL,EL CEDRO", "sitio": "SIN INFORMACION", "x": -76.537567138669999, "y": 3.4345149993900002, "anio": 2025, "mes": "agosto", "dia": 2, "dia_semana": 7, "hora_hecho": "15:30", "barrio": "EL CEDRO", "estrato": 4, "geom": "0101000020E610000000000080672253C000000000E3790B40", "fecha_hech": "2025-08-02 00:00:00" }, "geometry": { "type": "Point", "coordinates": [ -76.537567138669999, 3.43451499939 ] } },
{ "type": "Feature", "properties": { "dinamica": "HURTO", "titulo": "DELITOS CONTRA EL PATRIMONIO ECONOMICO", "capitulo": "DEL HURTO", "articulo": "HURTO CALIFICADO. ART. 240 C.P.", "grado_deli": "NINGUNO", "tipo_notic": "DENUNCIA", "caracteriz": "HURTO DE MOTOCICLETAS", "modalidad": "ATRACO", "modo": "ARMA DE FUEGO", "motivo": null, "pais": "COLOMBIA", "dane_dep": 76, "departamen": "VALLE DEL CAUCA", "dane_mpio": 76001, "municipio": "CALI", "cod_comuna": 19.0, "comuna": "Comuna 19", "cod_barrio": 1905.0, "nom_barrio": "Eucaristico", "direccion": "76001 CARRERA 37 2BIS 6, BARRIO EUCARISTICO, CALI, VALLE DEL CAUCA", "sitio": "VIA PUBLICA", "x": -76.540573120120001, "y": 3.4252409935000001, "anio": 2025, "mes": "agosto", "dia": 4, "dia_semana": 2, "hora_hecho": "00:00", "barrio": "BARRIO EUCARÍSTICO", "estrato": 4, "geom": "0101000020E6100000000000C0982253C0000000C0E4660B40", "fecha_hech": "2025-08-04 00:00:00" }, "geometry": { "type": "Point", "coordinates": [ -76.540573120120001, 3.4252409935 ] } },
{ "type": "Feature", "properties": { "dinamica": "HURTO", "titulo": "DELITOS CONTRA EL PATRIMONIO ECONOMICO", "capitulo": "DEL HURTO", "articulo": "HURTO. ART. 239 C.P.", "grado_deli": "NINGUNO", "tipo_notic": "QUERELLA", "caracteriz": "HURTO A PERSONAS", "modalidad": "FACTOR DE OPORTUNIDAD", "modo": null, "motivo": null, "pais": "COLOMBIA", "dane_dep": 76, "departamen": "VALLE DEL CAUCA", "dane_mpio": 76001, "municipio": "CALI", "cod_comuna": 19.0, "comuna": "Comuna 19", "cod_barrio": 1913.0, "nom_barrio": "El Cedro", "direccion": "76001 Carrera 32A 8 33, El Cedro, Cali, Valle del Cauca, COL,EL CEDRO", "sitio": "SIN INFORMACION", "x": -76.53751373291, "y": 3.4276061057999998, "anio": 2025, "mes": "agosto", "dia": 4, "dia_semana": 2, "hora_hecho": "19:00", "barrio": "EL CEDRO", "estrato": 4, "geom": "0101000020E6100000000000A0662253C0000000C0BC6B0B40", "fecha_hech": "2025-08-04 00:00:00" }, "geometry": { "type": "Point", "coordinates": [ -76.53751373291, 3.4276061058 ] } },
{ "type": "Feature", "properties": { "dinamica": "HURTO", "titulo": "DELITOS CONTRA EL PATRIMONIO ECONOMICO", "capitulo": "DEL HURTO", "articulo": "HURTO CALIFICADO. ART. 240 C.P.", "grado_deli": "NINGUNO", "tipo_notic": "DENUNCIA", "caracteriz": "HURTO DE VEHICULOS", "modalidad": "HALADO", "modo": null, "motivo": null, "pais": "COLOMBIA", "dane_dep": 76, "departamen": "VALLE DEL CAUCA", "dane_mpio": 76001, "municipio": "CALI", "cod_comuna": 19.0, "comuna": "Comuna 19", "cod_barrio": 1906.0, "nom_barrio": "San Fernando Nuevo", "direccion": "76001 CALLE 5B4 36 36, SAN FERNANDO NUEVO, CALI, VALLE DEL CAUCA", "sitio": "VIA PUBLICA", "x": -76.54062652588, "y": 3.4274609088900001, "anio": 2025, "mes": "agosto", "dia": 5, "dia_semana": 3, "hora_hecho": "13:00", "barrio": "SAN FERNANDO NUEVO", "estrato": 4, "geom": "0101000020E6100000000000A0992253C0000000A0706B0B40", "fecha_hech": "2025-08-05 00:00:00" }, "geometry": { "type": "Point", "coordinates": [ -76.54062652588, 3.42746090889 ] } },
{ "type": "Feature", "properties": { "dinamica": "HURTO", "titulo": "DELITOS CONTRA EL PATRIMONIO ECONOMICO", "capitulo": "DEL HURTO", "articulo": "HURTO CALIFICADO. ART. 240 C.P.", "grado_deli": "NINGUNO", "tipo_notic": "DENUNCIA", "caracteriz": "HURTO A ESTABLECIMIENTOS", "modalidad": "ATRACO", "modo": "ARMA DE FUEGO", "motivo": null, "pais": "COLOMBIA", "dane_dep": 76, "departamen": "VALLE DEL CAUCA", "dane_mpio": 76001, "municipio": "CALI", "cod_comuna": 19.0, "comuna": "Comuna 19", "cod_barrio": 1906.0, "nom_barrio": "San Fernando Nuevo", "direccion": "76001 Calle 5B4 36 06, San Fernando Nuevo, Cali, Valle del Cauca, COL,SAN FERNANDO NUEVO", "sitio": "SIN INFORMACION", "x": -76.540504455570002, "y": 3.4276540279400001, "anio": 2025, "mes": "agosto", "dia": 8, "dia_semana": 6, "hora_hecho": "04:08", "barrio": "SAN FERNANDO NUEVO", "estrato": 4, "geom": "0101000020E6100000000000A0972253C0000000E0D56B0B40", "fecha_hech": "2025-08-08 00:00:00" }, "geometry": { "type": "Point", "coordinates": [ -76.540504455570002, 3.42765402794 ] } },
{ "type": "Feature", "properties": { "dinamica": "HURTO", "titulo": "DELITOS CONTRA EL PATRIMONIO ECONOMICO", "capitulo": "DEL HURTO", "articulo": "HURTO CALIFICADO. ART. 240 C.P.", "grado_deli": "AGRAVADO", "tipo_notic": "DENUNCIA", "caracteriz": "HURTO A PERSONAS", "modalidad": "ATRACO", "modo": "ARMA BLANCA", "motivo": null, "pais": "COLOMBIA", "dane_dep": 76, "departamen": "VALLE DEL CAUCA", "dane_mpio": 76001, "municipio": "CALI", "cod_comuna": 19.0, "comuna": "Comuna 19", "cod_barrio": 1913.0, "nom_barrio": "El Cedro", "direccion": "76001 CARRERA 29 6 61", "sitio": "VIA PUBLICA", "x": -76.53840637207, "y": 3.4319670200300001, "anio": 2025, "mes": "agosto", "dia": 11, "dia_semana": 2, "hora_hecho": "21:12", "barrio": "EL CEDRO", "estrato": 4, "geom": "0101000020E610000000000040752253C000000020AB740B40", "fecha_hech": "2025-08-11 00:00:00" }, "geometry": { "type": "Point", "coordinates": [ -76.53840637207, 3.43196702003 ] } },
{ "type": "Feature", "properties": { "dinamica": "HURTO", "titulo": "DELITOS CONTRA EL PATRIMONIO ECONOMICO", "capitulo": "DEL HURTO", "articulo": "HURTO CALIFICADO. ART. 240 C.P.", "grado_deli": "AGRAVADO", "tipo_notic": "DENUNCIA", "caracteriz": "HURTO A ESTABLECIMIENTOS", "modalidad": "VANDALISMO/SAQUEO", "modo": null, "motivo": null, "pais": "COLOMBIA", "dane_dep": 76, "departamen": "VALLE DEL CAUCA", "dane_mpio": 76001, "municipio": "CALI", "cod_comuna": 19.0, "comuna": "Comuna 19", "cod_barrio": 1912.0, "nom_barrio": "3 de Julio", "direccion": "76001 3 DE JULIO, CALI, VALLE DEL CAUCA, COL,3 DE JULIO", "sitio": "VIA PUBLICA", "x": -76.54051208496, "y": 3.4327249527000001, "anio": 2025, "mes": "agosto", "dia": 12, "dia_semana": 3, "hora_hecho": "01:19", "barrio": "3 DE JULIO", "estrato": 4, "geom": "0101000020E6100000000000C0972253C00000008038760B40", "fecha_hech": "2025-08-12 00:00:00" }, "geometry": { "type": "Point", "coordinates": [ -76.54051208496, 3.4327249527 ] } },
{ "type": "Feature", "properties": { "dinamica": "HURTO", "titulo": "DELITOS CONTRA EL PATRIMONIO ECONOMICO", "capitulo": "DEL HURTO", "articulo": "HURTO. ART. 239 C.P.", "grado_deli": "NINGUNO", "tipo_notic": "DENUNCIA", "caracteriz": "HURTO A PERSONAS", "modalidad": "RAPONAZO", "modo": null, "motivo": null, "pais": "COLOMBIA", "dane_dep": 76, "departamen": "VALLE DEL CAUCA", "dane_mpio": 76001, "municipio": "CALI", "cod_comuna": 19.0, "comuna": "Comuna 19", "cod_barrio": 1913.0, "nom_barrio": "El Cedro", "direccion": "76001 Carrera 30 con Calle 7, El Cedro, Cali, Valle del Cauca, COL,EL CEDRO", "sitio": "SIN INFORMACION", "x": -76.537887573239999, "y": 3.4303441047700001, "anio": 2025, "mes": "agosto", "dia": 12, "dia_semana": 3, "hora_hecho": "13:43", "barrio": "EL CEDRO", "estrato": 4, "geom": "0101000020E6100000000000C06C2253C00000004058710B40", "fecha_hech": "2025-08-12 00:00:00" }, "geometry": { "type": "Point", "coordinates": [ -76.537887573239999, 3.43034410477 ] } },
{ "type": "Feature", "properties": { "dinamica": "HURTO", "titulo": "DELITOS CONTRA EL PATRIMONIO ECONOMICO", "capitulo": "DEL HURTO", "articulo": "HURTO. ART. 239 C.P.", "grado_deli": "AGRAVADO", "tipo_notic": "DENUNCIA", "caracteriz": "HURTO A CELULARES", "modalidad": "ENGAÑO", "modo": null, "motivo": null, "pais": "COLOMBIA", "dane_dep": 76, "departamen": "VALLE DEL CAUCA", "dane_mpio": 76001, "municipio": "CALI", "cod_comuna": 19.0, "comuna": "Comuna 19", "cod_barrio": 1905.0, "nom_barrio": "Eucaristico", "direccion": "76001 CL 5 f SUR CON KR 36-72 CL 5 f 36 72", "sitio": "SIN INFORMACION", "x": -76.540283203119998, "y": 3.4261529445600001, "anio": 2025, "mes": "agosto", "dia": 13, "dia_semana": 4, "hora_hecho": "12:30", "barrio": null, "estrato": 4, "geom": "0101000020E610000000000000942253C0000000E0C2680B40", "fecha_hech": "2025-08-13 00:00:00" }, "geometry": { "type": "Point", "coordinates": [ -76.540283203119998, 3.42615294456 ] } },
{ "type": "Feature", "properties": { "dinamica": "HURTO", "titulo": "DELITOS CONTRA EL PATRIMONIO ECONOMICO", "capitulo": "DEL HURTO", "articulo": "HURTO CALIFICADO. ART. 240 C.P.", "grado_deli": "NINGUNO", "tipo_notic": "DENUNCIA", "caracteriz": "HURTO A CELULARES", "modalidad": "ATRACO", "modo": "ARMA DE FUEGO", "motivo": "SIN DETERMINAR", "pais": "COLOMBIA", "dane_dep": 76, "departamen": "VALLE DEL CAUCA", "dane_mpio": 76001, "municipio": "CALI", "cod_comuna": 19.0, "comuna": "Comuna 19", "cod_barrio": 1913.0, "nom_barrio": "El Cedro", "direccion": "76001 Carrera 28 6 95, El Cedro, Cali, Valle del Cauca, COL,EL CEDRO", "sitio": "SIN INFORMACION", "x": -76.537902832029999, "y": 3.4327290058100002, "anio": 2025, "mes": "agosto", "dia": 20, "dia_semana": 4, "hora_hecho": "01:15", "barrio": "EL CEDRO", "estrato": 4, "geom": "0101000020E6100000000000006D2253C0000000A03A760B40", "fecha_hech": "2025-08-20 00:00:00" }, "geometry": { "type": "Point", "coordinates": [ -76.537902832029999, 3.43272900581 ] } },
{ "type": "Feature", "properties": { "dinamica": "HURTO", "titulo": "DELITOS CONTRA EL PATRIMONIO ECONOMICO", "capitulo": "DEL HURTO", "articulo": "HURTO. ART. 239 C.P.", "grado_deli": "NINGUNO", "tipo_notic": "DENUNCIA", "caracteriz": "HURTO A PERSONAS", "modalidad": "COSQUILLEO", "modo": null, "motivo": null, "pais": "COLOMBIA", "dane_dep": 76, "departamen": "VALLE DEL CAUCA", "dane_mpio": 76001, "municipio": "CALI", "cod_comuna": 19.0, "comuna": "Comuna 19", "cod_barrio": 1912.0, "nom_barrio": "3 de Julio", "direccion": "76001 Comerc Y Distri Hbg Sa, Carrera 27 5B 17, 3 de Julio, Cali, Valle del Cauca, COL,3 DE JULIO", "sitio": "SIN INFORMACION", "x": -76.540168762210001, "y": 3.4334518909499998, "anio": 2025, "mes": "agosto", "dia": 22, "dia_semana": 6, "hora_hecho": "10:30", "barrio": "3 DE JULIO", "estrato": 4, "geom": "0101000020E610000000000020922253C0000000A0B5770B40", "fecha_hech": "2025-08-22 00:00:00" }, "geometry": { "type": "Point", "coordinates": [ -76.540168762210001, 3.43345189095 ] } },
{ "type": "Feature", "properties": { "dinamica": "HURTO", "titulo": "DELITOS CONTRA EL PATRIMONIO ECONOMICO", "capitulo": "DEL HURTO", "articulo": "HURTO. ART. 239 C.P.", "grado_deli": "NINGUNO", "tipo_notic": "QUERELLA", "caracteriz": "HURTO A PERSONAS", "modalidad": "RAPONAZO", "modo": null, "motivo": null, "pais": "COLOMBIA", "dane_dep": 76, "departamen": "VALLE DEL CAUCA", "dane_mpio": 76001, "municipio": "CALI", "cod_comuna": 19.0, "comuna": "Comuna 19", "cod_barrio": 1912.0, "nom_barrio": "3 de Julio", "direccion": "76001 Carrera 26 5B 45, 3 de Julio, Cali, Valle del Cauca, COL,3 DE JULIO", "sitio": "SIN INFORMACION", "x": -76.53995513916, "y": 3.4347031116500002, "anio": 2025, "mes": "agosto", "dia": 22, "dia_semana": 6, "hora_hecho": "16:41", "barrio": "3 DE JULIO", "estrato": 4, "geom": "0101000020E6100000000000A08E2253C0000000A0457A0B40", "fecha_hech": "2025-08-22 00:00:00" }, "geometry": { "type": "Point", "coordinates": [ -76.53995513916, 3.43470311165 ] } },
{ "type": "Feature", "properties": { "dinamica": "HURTO", "titulo": "DELITOS CONTRA EL PATRIMONIO ECONOMICO", "capitulo": "DEL HURTO", "articulo": "HURTO CALIFICADO. ART. 240 C.P.", "grado_deli": "NINGUNO", "tipo_notic": "DENUNCIA", "caracteriz": "HURTO A PERSONAS", "modalidad": "ATRACO", "modo": "ARMA BLANCA", "motivo": null, "pais": "COLOMBIA", "dane_dep": 76, "departamen": "VALLE DEL CAUCA", "dane_mpio": 76001, "municipio": "CALI", "cod_comuna": 19.0, "comuna": "Comuna 19", "cod_barrio": 1905.0, "nom_barrio": "Eucaristico", "direccion": "76001 Carrera 36 con Calle 9, Barrio Eucaristico, Cali, Valle del Cauca, COL,BARRIO EUCARÍSTICO", "sitio": "SIN INFORMACION", "x": -76.537895202640001, "y": 3.4255349636100001, "anio": 2025, "mes": "agosto", "dia": 23, "dia_semana": 7, "hora_hecho": "01:00", "barrio": "BARRIO EUCARÍSTICO", "estrato": 4, "geom": "0101000020E6100000000000E06C2253C0000000E07E670B40", "fecha_hech": "2025-08-23 00:00:00" }, "geometry": { "type": "Point", "coordinates": [ -76.537895202640001, 3.42553496361 ] } },
{ "type": "Feature", "properties": { "dinamica": "HURTO", "titulo": "DELITOS CONTRA EL PATRIMONIO ECONOMICO", "capitulo": "DEL HURTO", "articulo": "HURTO. ART. 239 C.P.", "grado_deli": "NINGUNO", "tipo_notic": "DENUNCIA", "caracteriz": "HURTO DE BICICLETAS", "modalidad": "FACTOR DE OPORTUNIDAD", "modo": null, "motivo": null, "pais": "COLOMBIA", "dane_dep": 76, "departamen": "VALLE DEL CAUCA", "dane_mpio": 76001, "municipio": "CALI", "cod_comuna": 19.0, "comuna": "Comuna 19", "cod_barrio": 1905.0, "nom_barrio": "Eucaristico", "direccion": "76001 Calle 9 34 1, Barrio Eucaristico, Cali, Valle del Cauca, COL,BARRIO EUCARÍSTICO", "sitio": "SIN INFORMACION", "x": -76.53793334961, "y": 3.42560911179, "anio": 2025, "mes": "agosto", "dia": 27, "dia_semana": 4, "hora_hecho": "13:00", "barrio": "BARRIO EUCARÍSTICO", "estrato": 4, "geom": "0101000020E6100000000000806D2253C0000000C0A5670B40", "fecha_hech": "2025-08-27 00:00:00" }, "geometry": { "type": "Point", "coordinates": [ -76.53793334961, 3.42560911179 ] } },
{ "type": "Feature", "properties": { "dinamica": "HURTO", "titulo": "DELITOS CONTRA EL PATRIMONIO ECONOMICO", "capitulo": "DEL HURTO", "articulo": "HURTO. ART. 239 C.P.", "grado_deli": "AGRAVADO", "tipo_notic": "DENUNCIA", "caracteriz": "HURTO A ESTABLECIMIENTOS", "modalidad": "VENTOSA", "modo": null, "motivo": null, "pais": "COLOMBIA", "dane_dep": 76, "departamen": "VALLE DEL CAUCA", "dane_mpio": 76001, "municipio": "CALI", "cod_comuna": 19.0, "comuna": "Comuna 19", "cod_barrio": 1913.0, "nom_barrio": "El Cedro", "direccion": "76001 CL 7 SUR CON KR 27-8 CALLE 7 No 27 08", "sitio": "LUGAR DE TRABAJO", "x": -76.53758239746, "y": 3.4331529140499999, "anio": 2025, "mes": "agosto", "dia": 28, "dia_semana": 5, "hora_hecho": "07:00", "barrio": null, "estrato": 4, "geom": "0101000020E6100000000000C0672253C0000000E018770B40", "fecha_hech": "2025-08-28 00:00:00" }, "geometry": { "type": "Point", "coordinates": [ -76.53758239746, 3.43315291405 ] } },
{ "type": "Feature", "properties": { "dinamica": "HURTO", "titulo": "DELITOS CONTRA EL PATRIMONIO ECONOMICO", "capitulo": "DEL HURTO", "articulo": "HURTO CALIFICADO. ART. 240 C.P.", "grado_deli": "NINGUNO", "tipo_notic": "DENUNCIA", "caracteriz": "HURTO DE MOTOCICLETAS", "modalidad": "HALADO", "modo": null, "motivo": null, "pais": "COLOMBIA", "dane_dep": 76, "departamen": "VALLE DEL CAUCA", "dane_mpio": 76001, "municipio": "CALI", "cod_comuna": 19.0, "comuna": "Comuna 19", "cod_barrio": 1913.0, "nom_barrio": "El Cedro", "direccion": "76001 CARRERA 32 7 48, EL CEDRO, CALI, VALLE DEL CAUCA", "sitio": "VIA PUBLICA", "x": -76.538162231450002, "y": 3.4282400608099999, "anio": 2025, "mes": "agosto", "dia": 29, "dia_semana": 6, "hora_hecho": "06:00", "barrio": "EL CEDRO", "estrato": 4, "geom": "0101000020E610000000000040712253C000000020096D0B40", "fecha_hech": "2025-08-29 00:00:00" }, "geometry": { "type": "Point", "coordinates": [ -76.538162231450002, 3.42824006081 ] } },
{ "type": "Feature", "properties": { "dinamica": "HURTO", "titulo": "DELITOS CONTRA EL PATRIMONIO ECONOMICO", "capitulo": "DEL HURTO", "articulo": "HURTO CALIFICADO. ART. 240 C.P.", "grado_deli": "NINGUNO", "tipo_notic": "DENUNCIA", "caracteriz": "HURTO DE BICICLETAS", "modalidad": "HALADO", "modo": null, "motivo": null, "pais": "COLOMBIA", "dane_dep": 76, "departamen": "VALLE DEL CAUCA", "dane_mpio": 76001, "municipio": "CALI", "cod_comuna": 19.0, "comuna": "Comuna 19", "cod_barrio": 1905.0, "nom_barrio": "Eucaristico", "direccion": "76001 Calle 9 34 1, Barrio Eucaristico, Cali, Valle del Cauca, COL,BARRIO EUCARÍSTICO", "sitio": "SIN INFORMACION", "x": -76.53793334961, "y": 3.42560911179, "anio": 2025, "mes": "agosto", "dia": 29, "dia_semana": 6, "hora_hecho": "07:00", "barrio": "BARRIO EUCARÍSTICO", "estrato": 4, "geom": "0101000020E6100000000000806D2253C0000000C0A5670B40", "fecha_hech": "2025-08-29 00:00:00" }, "geometry": { "type": "Point", "coordinates": [ -76.53793334961, 3.42560911179 ] } },
{ "type": "Feature", "properties": { "dinamica": "HURTO", "titulo": "DELITOS CONTRA EL PATRIMONIO ECONOMICO", "capitulo": "DEL HURTO", "articulo": "HURTO. ART. 239 C.P.", "grado_deli": "AGRAVADO", "tipo_notic": "DENUNCIA", "caracteriz": "HURTO A PERSONAS", "modalidad": "FACTOR DE OPORTUNIDAD", "modo": null, "motivo": null, "pais": "COLOMBIA", "dane_dep": 76, "departamen": "VALLE DEL CAUCA", "dane_mpio": 76001, "municipio": "CALI", "cod_comuna": 19.0, "comuna": "Comuna 19", "cod_barrio": 1912.0, "nom_barrio": "3 de Julio", "direccion": "76001 CALLE 5B 27 33", "sitio": "TRANSPORTE INTERMUNICIPAL", "x": -76.540321350100001, "y": 3.4330730438199999, "anio": 2025, "mes": "agosto", "dia": 29, "dia_semana": 6, "hora_hecho": "11:52", "barrio": "3 DE JULIO", "estrato": 4, "geom": "0101000020E6100000000000A0942253C000000000EF760B40", "fecha_hech": "2025-08-29 00:00:00" }, "geometry": { "type": "Point", "coordinates": [ -76.540321350100001, 3.43307304382 ] } },
{ "type": "Feature", "properties": { "dinamica": "HURTO", "titulo": "DELITOS CONTRA EL PATRIMONIO ECONOMICO", "capitulo": "DEL HURTO", "articulo": "HURTO. ART. 239 C.P.", "grado_deli": "NINGUNO", "tipo_notic": "QUERELLA", "caracteriz": "HURTO A PERSONAS", "modalidad": "FACTOR DE OPORTUNIDAD", "modo": null, "motivo": null, "pais": "COLOMBIA", "dane_dep": 76, "departamen": "VALLE DEL CAUCA", "dane_mpio": 76001, "municipio": "CALI", "cod_comuna": 19.0, "comuna": "Comuna 19", "cod_barrio": 1905.0, "nom_barrio": "Eucaristico", "direccion": "76001 CALLE 9 34 1, BARRIO EUCARISTICO, CALI, VALLE DEL CAUCA", "sitio": "OTRO", "x": -76.53775024414, "y": 3.4257020950300001, "anio": 2025, "mes": "agosto", "dia": 29, "dia_semana": 6, "hora_hecho": "18:00", "barrio": "BARRIO EUCARÍSTICO", "estrato": 4, "geom": "0101000020E6100000000000806A2253C000000080D6670B40", "fecha_hech": "2025-08-29 00:00:00" }, "geometry": { "type": "Point", "coordinates": [ -76.53775024414, 3.42570209503 ] } },
{ "type": "Feature", "properties": { "dinamica": "HURTO", "titulo": "DELITOS CONTRA EL PATRIMONIO ECONOMICO", "capitulo": "DEL HURTO", "articulo": "HURTO CALIFICADO. ART. 240 C.P.", "grado_deli": "NINGUNO", "tipo_notic": "DENUNCIA", "caracteriz": "HURTO A PERSONAS", "modalidad": "FACTOR DE OPORTUNIDAD", "modo": null, "motivo": null, "pais": "COLOMBIA", "dane_dep": 76, "departamen": "VALLE DEL CAUCA", "dane_mpio": 76001, "municipio": "CALI", "cod_comuna": 19.0, "comuna": "Comuna 19", "cod_barrio": 1905.0, "nom_barrio": "Eucaristico", "direccion": "76001 CALLE 9 CON CARRERA 34, BARRIO EUCARISTICO, CALI, VALLE DEL CAUCA", "sitio": "VIA PUBLICA", "x": -76.5376663208, "y": 3.42615795135, "anio": 2025, "mes": "agosto", "dia": 30, "dia_semana": 7, "hora_hecho": "00:30", "barrio": "BARRIO EUCARÍSTICO", "estrato": 4, "geom": "0101000020E610000000000020692253C000000080C5680B40", "fecha_hech": "2025-08-30 00:00:00" }, "geometry": { "type": "Point", "coordinates": [ -76.5376663208, 3.42615795135 ] } },
{ "type": "Feature", "properties": { "dinamica": "HURTO", "titulo": "DELITOS CONTRA EL PATRIMONIO ECONOMICO", "capitulo": "DEL HURTO", "articulo": "HURTO CALIFICADO. ART. 240 C.P.", "grado_deli": "NINGUNO", "tipo_notic": "DENUNCIA", "caracteriz": "HURTO A ESTABLECIMIENTOS", "modalidad": "VIOLACION DE CERRADURA", "modo": null, "motivo": null, "pais": "COLOMBIA", "dane_dep": 76, "departamen": "VALLE DEL CAUCA", "dane_mpio": 76001, "municipio": "CALI", "cod_comuna": 19.0, "comuna": "Comuna 19", "cod_barrio": 1913.0, "nom_barrio": "El Cedro", "direccion": "76001 CALLE 6 DIAGONAL 31 1", "sitio": "VIA PUBLICA", "x": -76.539009094240001, "y": 3.4293019771600002, "anio": 2025, "mes": "agosto", "dia": 30, "dia_semana": 7, "hora_hecho": "20:30", "barrio": "EL CEDRO", "estrato": 4, "geom": "0101000020E6100000000000207F2253C0000000E0356F0B40", "fecha_hech": "2025-08-30 00:00:00" }, "geometry": { "type": "Point", "coordinates": [ -76.539009094240001, 3.42930197716 ] } },
{ "type": "Feature", "properties": { "dinamica": "HURTO", "titulo": "DELITOS CONTRA EL PATRIMONIO ECONOMICO", "capitulo": "DEL HURTO", "articulo": "HURTO. ART. 239 C.P.", "grado_deli": "NINGUNO", "tipo_notic": "DENUNCIA", "caracteriz": "HURTO A CELULARES", "modalidad": "FACTOR DE OPORTUNIDAD", "modo": null, "motivo": null, "pais": "COLOMBIA", "dane_dep": 76, "departamen": "VALLE DEL CAUCA", "dane_mpio": 76001, "municipio": "CALI", "cod_comuna": 19.0, "comuna": "Comuna 19", "cod_barrio": 1912.0, "nom_barrio": "3 de Julio", "direccion": "76001 Biblioteca Departamental Jorge Garces Borrero, Calle 5, 3 de Julio, Cali, Valle del Cauca, COL,3 DE JULIO", "sitio": "SIN INFORMACION", "x": -76.53945159912, "y": 3.4363219738000002, "anio": 2025, "mes": "agosto", "dia": 30, "dia_semana": 7, "hora_hecho": "23:03", "barrio": "3 DE JULIO", "estrato": 4, "geom": "0101000020E610000000000060862253C000000060967D0B40", "fecha_hech": "2025-08-30 00:00:00" }, "geometry": { "type": "Point", "coordinates": [ -76.53945159912, 3.4363219738 ] } },
{ "type": "Feature", "properties": { "dinamica": "HURTO", "titulo": "DELITOS CONTRA EL PATRIMONIO ECONOMICO", "capitulo": "DEL HURTO", "articulo": "HURTO CALIFICADO. ART. 240 C.P.", "grado_deli": "NINGUNO", "tipo_notic": "DENUNCIA", "caracteriz": "HURTO A PERSONAS", "modalidad": "RAPONAZO", "modo": null, "motivo": null, "pais": "COLOMBIA", "dane_dep": 76, "departamen": "VALLE DEL CAUCA", "dane_mpio": 76001, "municipio": "CALI", "cod_comuna": 19.0, "comuna": "Comuna 19", "cod_barrio": 1905.0, "nom_barrio": "Eucaristico", "direccion": "76001 CARRERA 34 CON CALLE 7, BARRIO EUCARISTICO, CALI, VALLE DEL CAUCA", "sitio": "VIA PUBLICA", "x": -76.53855895996, "y": 3.42747497559, "anio": 2025, "mes": "agosto", "dia": 31, "dia_semana": 1, "hora_hecho": "18:30", "barrio": "BARRIO EUCARÍSTICO", "estrato": 4, "geom": "0101000020E6100000000000C0772253C000000000786B0B40", "fecha_hech": "2025-08-31 00:00:00" }, "geometry": { "type": "Point", "coordinates": [ -76.53855895996, 3.42747497559 ] } },
{ "type": "Feature", "properties": { "dinamica": "HURTO", "titulo": "DELITOS CONTRA EL PATRIMONIO ECONOMICO", "capitulo": "DEL HURTO", "articulo": "HURTO CALIFICADO. ART. 240 C.P.", "grado_deli": "AGRAVADO", "tipo_notic": "DENUNCIA", "caracteriz": "HURTO A PERSONAS", "modalidad": "ROMPIMIENTO DE VIDRIO", "modo": null, "motivo": null, "pais": "COLOMBIA", "dane_dep": 76, "departamen": "VALLE DEL CAUCA", "dane_mpio": 76001, "municipio": "CALI", "cod_comuna": 19.0, "comuna": "Comuna 19", "cod_barrio": 1913.0, "nom_barrio": "El Cedro", "direccion": "76001 BANCOLOMBIA AVENIDA ROOSEVELT", "sitio": "ESTABLECIMIENTO PUBLICO", "x": -76.538703918460001, "y": 3.43463206291, "anio": 2025, "mes": "septiembre", "dia": 4, "dia_semana": 5, "hora_hecho": "20:00", "barrio": "EL CEDRO", "estrato": 4, "geom": "0101000020E6100000000000207A2253C000000060207A0B40", "fecha_hech": "2025-09-04 00:00:00" }, "geometry": { "type": "Point", "coordinates": [ -76.538703918460001, 3.43463206291 ] } },
{ "type": "Feature", "properties": { "dinamica": "HURTO", "titulo": "DELITOS CONTRA EL PATRIMONIO ECONOMICO", "capitulo": "DEL HURTO", "articulo": "HURTO CALIFICADO. ART. 240 C.P.", "grado_deli": "NINGUNO", "tipo_notic": "DENUNCIA", "caracteriz": "HURTO DE VEHICULOS", "modalidad": "HALADO", "modo": null, "motivo": null, "pais": "COLOMBIA", "dane_dep": 76, "departamen": "VALLE DEL CAUCA", "dane_mpio": 76001, "municipio": "CALI", "cod_comuna": 19.0, "comuna": "Comuna 19", "cod_barrio": 1913.0, "nom_barrio": "El Cedro", "direccion": "76001 CARRERA 28 6 15, EL CEDRO, CALI, VALLE DEL CAUCA, COL,EL CEDRO", "sitio": "VIA PUBLICA", "x": -76.538650512700002, "y": 3.4326961040500001, "anio": 2025, "mes": "septiembre", "dia": 4, "dia_semana": 5, "hora_hecho": "22:50", "barrio": "EL CEDRO", "estrato": 4, "geom": "0101000020E610000000000040792253C00000006029760B40", "fecha_hech": "2025-09-04 00:00:00" }, "geometry": { "type": "Point", "coordinates": [ -76.538650512700002, 3.43269610405 ] } },
{ "type": "Feature", "properties": { "dinamica": "HURTO", "titulo": "DELITOS CONTRA EL PATRIMONIO ECONOMICO", "capitulo": "DEL HURTO", "articulo": "HURTO CALIFICADO. ART. 240 C.P.", "grado_deli": "NINGUNO", "tipo_notic": "DENUNCIA", "caracteriz": "HURTO A PERSONAS", "modalidad": "VIOLACION DE CERRADURA", "modo": null, "motivo": null, "pais": "COLOMBIA", "dane_dep": 76, "departamen": "VALLE DEL CAUCA", "dane_mpio": 76001, "municipio": "CALI", "cod_comuna": 19.0, "comuna": "Comuna 19", "cod_barrio": 1913.0, "nom_barrio": "El Cedro", "direccion": "76001 CL 7 SUR CON CON KR 27 CALLE 7 CARRERA 27", "sitio": "SIN INFORMACION", "x": -76.537506103520002, "y": 3.4328289032, "anio": 2025, "mes": "septiembre", "dia": 5, "dia_semana": 6, "hora_hecho": "02:00", "barrio": null, "estrato": 4, "geom": "0101000020E610000000000080662253C0000000006F760B40", "fecha_hech": "2025-09-05 00:00:00" }, "geometry": { "type": "Point", "coordinates": [ -76.537506103520002, 3.4328289032 ] } },
{ "type": "Feature", "properties": { "dinamica": "HURTO", "titulo": "DELITOS CONTRA EL PATRIMONIO ECONOMICO", "capitulo": "DEL HURTO", "articulo": "HURTO CALIFICADO. ART. 240 C.P.", "grado_deli": "NINGUNO", "tipo_notic": "DENUNCIA", "caracteriz": "HURTO A PERSONAS", "modalidad": "ATRACO", "modo": "ARMA DE FUEGO", "motivo": null, "pais": "COLOMBIA", "dane_dep": 76, "departamen": "VALLE DEL CAUCA", "dane_mpio": 76001, "municipio": "CALI", "cod_comuna": 19.0, "comuna": "Comuna 19", "cod_barrio": 1912.0, "nom_barrio": "3 de Julio", "direccion": "76001 3 DE JULIO, CALI, VALLE DEL CAUCA, COL,3 DE JULIO", "sitio": "VIA PUBLICA", "x": -76.54051208496, "y": 3.4327249527000001, "anio": 2025, "mes": "septiembre", "dia": 6, "dia_semana": 7, "hora_hecho": "00:30", "barrio": "3 DE JULIO", "estrato": 4, "geom": "0101000020E6100000000000C0972253C00000008038760B40", "fecha_hech": "2025-09-06 00:00:00" }, "geometry": { "type": "Point", "coordinates": [ -76.54051208496, 3.4327249527 ] } },
{ "type": "Feature", "properties": { "dinamica": "HURTO", "titulo": "DELITOS CONTRA EL PATRIMONIO ECONOMICO", "capitulo": "DEL HURTO", "articulo": "HURTO. ART. 239 C.P.", "grado_deli": "AGRAVADO", "tipo_notic": "DENUNCIA", "caracteriz": "HURTO A PERSONAS", "modalidad": "FACTOR DE OPORTUNIDAD", "modo": null, "motivo": null, "pais": "COLOMBIA", "dane_dep": 76, "departamen": "VALLE DEL CAUCA", "dane_mpio": 76001, "municipio": "CALI", "cod_comuna": 19.0, "comuna": "Comuna 19", "cod_barrio": 1912.0, "nom_barrio": "3 de Julio", "direccion": "76001 BIBLIOTECA DEPARTAMENTAL JORGE GARCES BORRERO, CALLE 5, 3 DE JULIO, CALI, VALLE DEL CAUCA, COL,3 DE JULIO", "sitio": "ESTABLECIMIENTO EDUCATIVO", "x": -76.53945159912, "y": 3.4363219738000002, "anio": 2025, "mes": "septiembre", "dia": 12, "dia_semana": 6, "hora_hecho": "09:00", "barrio": "3 DE JULIO", "estrato": 4, "geom": "0101000020E610000000000060862253C000000060967D0B40", "fecha_hech": "2025-09-12 00:00:00" }, "geometry": { "type": "Point", "coordinates": [ -76.53945159912, 3.4363219738 ] } },
{ "type": "Feature", "properties": { "dinamica": "HURTO", "titulo": "DELITOS CONTRA EL PATRIMONIO ECONOMICO", "capitulo": "DEL HURTO", "articulo": "HURTO. ART. 239 C.P.", "grado_deli": "AGRAVADO", "tipo_notic": "DENUNCIA", "caracteriz": "HURTO A PERSONAS", "modalidad": "FACTOR DE OPORTUNIDAD", "modo": null, "motivo": null, "pais": "COLOMBIA", "dane_dep": 76, "departamen": "VALLE DEL CAUCA", "dane_mpio": 76001, "municipio": "CALI", "cod_comuna": 19.0, "comuna": "Comuna 19", "cod_barrio": 1912.0, "nom_barrio": "3 de Julio", "direccion": "76001 CALLE 5B 25 23, 3 DE JULIO, CALI, VALLE DEL CAUCA", "sitio": "ESTABLECIMIENTO DE COMERCIO", "x": -76.540229797359999, "y": 3.4353520870200001, "anio": 2025, "mes": "septiembre", "dia": 13, "dia_semana": 7, "hora_hecho": "01:30", "barrio": "3 DE JULIO", "estrato": 4, "geom": "0101000020E610000000000020932253C0000000E0997B0B40", "fecha_hech": "2025-09-13 00:00:00" }, "geometry": { "type": "Point", "coordinates": [ -76.540229797359999, 3.43535208702 ] } },
{ "type": "Feature", "properties": { "dinamica": "HURTO", "titulo": "DELITOS CONTRA EL PATRIMONIO ECONOMICO", "capitulo": "DEL HURTO", "articulo": "HURTO CALIFICADO. ART. 240 C.P.", "grado_deli": "NINGUNO", "tipo_notic": "DENUNCIA", "caracteriz": "HURTO A RESIDENCIA", "modalidad": "VIOLACION DE CERRADURA", "modo": null, "motivo": null, "pais": "COLOMBIA", "dane_dep": 76, "departamen": "VALLE DEL CAUCA", "dane_mpio": 76001, "municipio": "CALI", "cod_comuna": 19.0, "comuna": "Comuna 19", "cod_barrio": 1912.0, "nom_barrio": "3 de Julio", "direccion": "76001 CL 6 SUR CON KR 28-44 CALLE 6 No 28 44", "sitio": "SIN INFORMACION", "x": -76.538948059079999, "y": 3.43226599693, "anio": 2025, "mes": "septiembre", "dia": 15, "dia_semana": 2, "hora_hecho": "17:00", "barrio": null, "estrato": 4, "geom": "0101000020E6100000000000207E2253C0000000E047750B40", "fecha_hech": "2025-09-15 00:00:00" }, "geometry": { "type": "Point", "coordinates": [ -76.538948059079999, 3.43226599693 ] } },
{ "type": "Feature", "properties": { "dinamica": "HURTO", "titulo": "DELITOS CONTRA EL PATRIMONIO ECONOMICO", "capitulo": "DEL HURTO", "articulo": "HURTO CALIFICADO. ART. 240 C.P.", "grado_deli": "NINGUNO", "tipo_notic": "DENUNCIA", "caracteriz": "HURTO A PERSONAS", "modalidad": "ROMPIMIENTO DE VIDRIO", "modo": null, "motivo": null, "pais": "COLOMBIA", "dane_dep": 76, "departamen": "VALLE DEL CAUCA", "dane_mpio": 76001, "municipio": "CALI", "cod_comuna": 19.0, "comuna": "Comuna 19", "cod_barrio": 1912.0, "nom_barrio": "3 de Julio", "direccion": "76001 Calle 6 con Carrera 27, 3 de Julio, Cali, Valle del Cauca, COL,3 DE JULIO", "sitio": "SIN INFORMACION", "x": -76.538856506350001, "y": 3.43329405785, "anio": 2025, "mes": "septiembre", "dia": 16, "dia_semana": 3, "hora_hecho": "01:30", "barrio": "3 DE JULIO", "estrato": 4, "geom": "0101000020E6100000000000A07C2253C0000000E062770B40", "fecha_hech": "2025-09-16 00:00:00" }, "geometry": { "type": "Point", "coordinates": [ -76.538856506350001, 3.43329405785 ] } },
{ "type": "Feature", "properties": { "dinamica": "HURTO", "titulo": "DELITOS CONTRA EL PATRIMONIO ECONOMICO", "capitulo": "DEL HURTO", "articulo": "HURTO CALIFICADO. ART. 240 C.P.", "grado_deli": "NINGUNO", "tipo_notic": "DENUNCIA", "caracteriz": "HURTO A PERSONAS", "modalidad": "ROMPIMIENTO DE VIDRIO", "modo": null, "motivo": null, "pais": "COLOMBIA", "dane_dep": 76, "departamen": "VALLE DEL CAUCA", "dane_mpio": 76001, "municipio": "CALI", "cod_comuna": 19.0, "comuna": "Comuna 19", "cod_barrio": 1912.0, "nom_barrio": "3 de Julio", "direccion": "76001 CALLE 6 27 1", "sitio": "VIA PUBLICA", "x": -76.538841247560001, "y": 3.4332239627800001, "anio": 2025, "mes": "septiembre", "dia": 16, "dia_semana": 3, "hora_hecho": "01:30", "barrio": "EL CEDRO", "estrato": 4, "geom": "0101000020E6100000000000607C2253C0000000203E770B40", "fecha_hech": "2025-09-16 00:00:00" }, "geometry": { "type": "Point", "coordinates": [ -76.538841247560001, 3.43322396278 ] } },
{ "type": "Feature", "properties": { "dinamica": "HURTO", "titulo": "DELITOS CONTRA EL PATRIMONIO ECONOMICO", "capitulo": "DEL HURTO", "articulo": "HURTO CALIFICADO. ART. 240 C.P.", "grado_deli": "AGRAVADO", "tipo_notic": "DENUNCIA", "caracteriz": "HURTO DE BICICLETAS", "modalidad": "FACTOR DE OPORTUNIDAD", "modo": null, "motivo": null, "pais": "COLOMBIA", "dane_dep": 76, "departamen": "VALLE DEL CAUCA", "dane_mpio": 76001, "municipio": "CALI", "cod_comuna": 19.0, "comuna": "Comuna 19", "cod_barrio": 1913.0, "nom_barrio": "El Cedro", "direccion": "76001 CL 7 SUR CON CON KR 27 OCCIDENTE", "sitio": "SIN INFORMACION", "x": -76.53758239746, "y": 3.43332695961, "anio": 2025, "mes": "septiembre", "dia": 19, "dia_semana": 6, "hora_hecho": "08:30", "barrio": null, "estrato": 4, "geom": "0101000020E6100000000000C0672253C00000002074770B40", "fecha_hech": "2025-09-19 00:00:00" }, "geometry": { "type": "Point", "coordinates": [ -76.53758239746, 3.43332695961 ] } },
{ "type": "Feature", "properties": { "dinamica": "HURTO", "titulo": "DELITOS CONTRA EL PATRIMONIO ECONOMICO", "capitulo": "DEL HURTO", "articulo": "HURTO CALIFICADO. ART. 240 C.P.", "grado_deli": "AGRAVADO", "tipo_notic": "DENUNCIA", "caracteriz": "HURTO A PERSONAS", "modalidad": "ATRACO", "modo": "ARMA DE FUEGO", "motivo": null, "pais": "COLOMBIA", "dane_dep": 76, "departamen": "VALLE DEL CAUCA", "dane_mpio": 76001, "municipio": "CALI", "cod_comuna": 19.0, "comuna": "Comuna 19", "cod_barrio": 1913.0, "nom_barrio": "El Cedro", "direccion": "76001 CALLE 9 CON CARRERA 32, EL CEDRO, CALI, VALLE DEL CAUCA", "sitio": "VIA PUBLICA", "x": -76.536918640140001, "y": 3.4278728961899998, "anio": 2025, "mes": "septiembre", "dia": 24, "dia_semana": 4, "hora_hecho": "14:50", "barrio": "EL CEDRO", "estrato": 4, "geom": "0101000020E6100000000000E05C2253C0000000A0486C0B40", "fecha_hech": "2025-09-24 00:00:00" }, "geometry": { "type": "Point", "coordinates": [ -76.536918640140001, 3.42787289619 ] } },
{ "type": "Feature", "properties": { "dinamica": "HURTO", "titulo": "DELITOS CONTRA EL PATRIMONIO ECONOMICO", "capitulo": "DEL HURTO", "articulo": "HURTO CALIFICADO. ART. 240 C.P.", "grado_deli": "NINGUNO", "tipo_notic": "DENUNCIA", "caracteriz": "HURTO A PERSONAS", "modalidad": "VIOLACION DE CERRADURA", "modo": null, "motivo": null, "pais": "COLOMBIA", "dane_dep": 76, "departamen": "VALLE DEL CAUCA", "dane_mpio": 76001, "municipio": "CALI", "cod_comuna": 19.0, "comuna": "Comuna 19", "cod_barrio": 1912.0, "nom_barrio": "3 de Julio", "direccion": "76001 Calle 6 con Carrera 26, 3 de Julio, Cali, Valle del Cauca, COL,3 DE JULIO", "sitio": "SIN INFORMACION", "x": -76.538818359380002, "y": 3.4343628883399999, "anio": 2025, "mes": "septiembre", "dia": 25, "dia_semana": 5, "hora_hecho": "12:20", "barrio": "3 DE JULIO", "estrato": 4, "geom": "0101000020E6100000000000007C2253C00000004093790B40", "fecha_hech": "2025-09-25 00:00:00" }, "geometry": { "type": "Point", "coordinates": [ -76.538818359380002, 3.43436288834 ] } },
{ "type": "Feature", "properties": { "dinamica": "HURTO", "titulo": "DELITOS CONTRA EL PATRIMONIO ECONOMICO", "capitulo": "DEL HURTO", "articulo": "HURTO CALIFICADO. ART. 240 C.P.", "grado_deli": "TENTATIVA/AGRAVADO", "tipo_notic": "ACTOS URGENTES", "caracteriz": "HURTO A PERSONAS", "modalidad": "FLETEO", "modo": null, "motivo": null, "pais": "COLOMBIA", "dane_dep": 76, "departamen": "VALLE DEL CAUCA", "dane_mpio": 76001, "municipio": "CALI", "cod_comuna": 19.0, "comuna": "Comuna 19", "cod_barrio": 1912.0, "nom_barrio": "3 de Julio", "direccion": "76001 AVENIDA ROOSEVELT 25 14", "sitio": "ENTIDAD FINANCIERA", "x": -76.538764953609999, "y": 3.43504500389, "anio": 2025, "mes": "septiembre", "dia": 26, "dia_semana": 6, "hora_hecho": "11:15", "barrio": "3 DE JULIO", "estrato": 4, "geom": "0101000020E6100000000000207B2253C0000000E0F87A0B40", "fecha_hech": "2025-09-26 00:00:00" }, "geometry": { "type": "Point", "coordinates": [ -76.538764953609999, 3.43504500389 ] } },
{ "type": "Feature", "properties": { "dinamica": "HURTO", "titulo": "DELITOS CONTRA EL PATRIMONIO ECONOMICO", "capitulo": "DEL HURTO", "articulo": "HURTO CALIFICADO. ART. 240 C.P.", "grado_deli": "AGRAVADO", "tipo_notic": "DENUNCIA", "caracteriz": "HURTO A PERSONAS", "modalidad": "RAPONAZO", "modo": null, "motivo": null, "pais": "COLOMBIA", "dane_dep": 76, "departamen": "VALLE DEL CAUCA", "dane_mpio": 76001, "municipio": "CALI", "cod_comuna": 19.0, "comuna": "Comuna 19", "cod_barrio": 1906.0, "nom_barrio": "San Fernando Nuevo", "direccion": "76001 CALLE 5B5 36C 98", "sitio": "VIA PUBLICA", "x": -76.541137695309999, "y": 3.4261200428, "anio": 2025, "mes": "septiembre", "dia": 26, "dia_semana": 6, "hora_hecho": "18:30", "barrio": "SAN FERNANDO NUEVO", "estrato": 4, "geom": "0101000020E610000000000000A22253C0000000A0B1680B40", "fecha_hech": "2025-09-26 00:00:00" }, "geometry": { "type": "Point", "coordinates": [ -76.541137695309999, 3.4261200428 ] } },
{ "type": "Feature", "properties": { "dinamica": "HURTO", "titulo": "DELITOS CONTRA EL PATRIMONIO ECONOMICO", "capitulo": "DEL HURTO", "articulo": "HURTO CALIFICADO. ART. 240 C.P.", "grado_deli": "NINGUNO", "tipo_notic": "DENUNCIA", "caracteriz": "HURTO A PERSONAS", "modalidad": "ATRACO", "modo": "ARMA BLANCA", "motivo": null, "pais": "COLOMBIA", "dane_dep": 76, "departamen": "VALLE DEL CAUCA", "dane_mpio": 76001, "municipio": "CALI", "cod_comuna": 19.0, "comuna": "Comuna 19", "cod_barrio": 1905.0, "nom_barrio": "Eucaristico", "direccion": "76001 CARRERA 36 8 91", "sitio": "VIA PUBLICA", "x": -76.537925720209998, "y": 3.4255979061100001, "anio": 2025, "mes": "septiembre", "dia": 29, "dia_semana": 2, "hora_hecho": "06:00", "barrio": "BARRIO EUCARÍSTICO", "estrato": 4, "geom": "0101000020E6100000000000606D2253C0000000E09F670B40", "fecha_hech": "2025-09-29 00:00:00" }, "geometry": { "type": "Point", "coordinates": [ -76.537925720209998, 3.42559790611 ] } },
{ "type": "Feature", "properties": { "dinamica": "HURTO", "titulo": "DELITOS CONTRA EL PATRIMONIO ECONOMICO", "capitulo": "DEL HURTO", "articulo": "HURTO CALIFICADO. ART. 240 C.P.", "grado_deli": "NINGUNO", "tipo_notic": "DENUNCIA", "caracteriz": "HURTO A PERSONAS", "modalidad": "ATRACO", "modo": "ARMA BLANCA", "motivo": null, "pais": "COLOMBIA", "dane_dep": 76, "departamen": "VALLE DEL CAUCA", "dane_mpio": 76001, "municipio": "CALI", "cod_comuna": 19.0, "comuna": "Comuna 19", "cod_barrio": 1905.0, "nom_barrio": "Eucaristico", "direccion": "76001 CARRERA 36 6, SAN FERNANDO NUEVO, CALI, VALLE DEL CAUCA", "sitio": "VIA PUBLICA", "x": -76.539665222170001, "y": 3.4267621040299998, "anio": 2025, "mes": "octubre", "dia": 2, "dia_semana": 5, "hora_hecho": "22:30", "barrio": "BARRIO EUCARÍSTICO", "estrato": 4, "geom": "0101000020E6100000000000E0892253C000000040026A0B40", "fecha_hech": "2025-10-02 00:00:00" }, "geometry": { "type": "Point", "coordinates": [ -76.539665222170001, 3.42676210403 ] } },
{ "type": "Feature", "properties": { "dinamica": "HURTO", "titulo": "DELITOS CONTRA EL PATRIMONIO ECONOMICO", "capitulo": "DEL HURTO", "articulo": "HURTO. ART. 239 C.P.", "grado_deli": "AGRAVADO", "tipo_notic": "DENUNCIA", "caracteriz": "HURTO A PERSONAS", "modalidad": "FACTOR DE OPORTUNIDAD", "modo": null, "motivo": null, "pais": "COLOMBIA", "dane_dep": 76, "departamen": "VALLE DEL CAUCA", "dane_mpio": 76001, "municipio": "CALI", "cod_comuna": 19.0, "comuna": "Comuna 19", "cod_barrio": 1912.0, "nom_barrio": "3 de Julio", "direccion": "76001 CALLE 5 24A 91, MIRAFLORES, CALI, VALLE DEL CAUCA", "sitio": "OTRO", "x": -76.539878845209998, "y": 3.4360809326199999, "anio": 2025, "mes": "octubre", "dia": 3, "dia_semana": 6, "hora_hecho": "17:30", "barrio": "3 DE JULIO", "estrato": 4, "geom": "0101000020E6100000000000608D2253C000000000187D0B40", "fecha_hech": "2025-10-03 00:00:00" }, "geometry": { "type": "Point", "coordinates": [ -76.539878845209998, 3.43608093262 ] } },
{ "type": "Feature", "properties": { "dinamica": "HURTO", "titulo": "DELITOS CONTRA EL PATRIMONIO ECONOMICO", "capitulo": "DEL HURTO", "articulo": "HURTO CALIFICADO. ART. 240 C.P.", "grado_deli": "NINGUNO", "tipo_notic": "DENUNCIA", "caracteriz": "HURTO A PERSONAS", "modalidad": "VIOLACION DE CERRADURA", "modo": null, "motivo": null, "pais": "COLOMBIA", "dane_dep": 76, "departamen": "VALLE DEL CAUCA", "dane_mpio": 76001, "municipio": "CALI", "cod_comuna": 19.0, "comuna": "Comuna 19", "cod_barrio": 1912.0, "nom_barrio": "3 de Julio", "direccion": "76001 CALLE 6 29 42, 3 DE JULIO, CALI, VALLE DEL CAUCA", "sitio": "VIA PUBLICA", "x": -76.53897857666, "y": 3.4314711093899999, "anio": 2025, "mes": "octubre", "dia": 3, "dia_semana": 6, "hora_hecho": "19:00", "barrio": "3 DE JULIO", "estrato": 4, "geom": "0101000020E6100000000000A07E2253C000000020A7730B40", "fecha_hech": "2025-10-03 00:00:00" }, "geometry": { "type": "Point", "coordinates": [ -76.53897857666, 3.43147110939 ] } },
{ "type": "Feature", "properties": { "dinamica": "HURTO", "titulo": "DELITOS CONTRA EL PATRIMONIO ECONOMICO", "capitulo": "DEL HURTO", "articulo": "HURTO CALIFICADO. ART. 240 C.P.", "grado_deli": "NINGUNO", "tipo_notic": "DENUNCIA", "caracteriz": "HURTO DE VEHICULOS", "modalidad": "HALADO", "modo": null, "motivo": null, "pais": "COLOMBIA", "dane_dep": 76, "departamen": "VALLE DEL CAUCA", "dane_mpio": 76001, "municipio": "CALI", "cod_comuna": 19.0, "comuna": "Comuna 19", "cod_barrio": 1906.0, "nom_barrio": "San Fernando Nuevo", "direccion": "76001 CARRERA 37 5B4 79", "sitio": "VIA PUBLICA", "x": -76.541442871089998, "y": 3.4260630607599998, "anio": 2025, "mes": "octubre", "dia": 4, "dia_semana": 7, "hora_hecho": "08:26", "barrio": "SAN FERNANDO NUEVO", "estrato": 4, "geom": "0101000020E610000000000000A72253C0000000C093680B40", "fecha_hech": "2025-10-04 00:00:00" }, "geometry": { "type": "Point", "coordinates": [ -76.541442871089998, 3.42606306076 ] } },
{ "type": "Feature", "properties": { "dinamica": "HURTO", "titulo": "DELITOS CONTRA EL PATRIMONIO ECONOMICO", "capitulo": "DEL HURTO", "articulo": "HURTO CALIFICADO. ART. 240 C.P.", "grado_deli": "AGRAVADO", "tipo_notic": "DENUNCIA", "caracteriz": "HURTO DE VEHICULOS", "modalidad": "HALADO", "modo": null, "motivo": null, "pais": "COLOMBIA", "dane_dep": 76, "departamen": "VALLE DEL CAUCA", "dane_mpio": 76001, "municipio": "CALI", "cod_comuna": 19.0, "comuna": "Comuna 19", "cod_barrio": 1912.0, "nom_barrio": "3 de Julio", "direccion": "76001 CARRERA 27 5B 25, 3 DE JULIO, CALI, VALLE DEL CAUCA", "sitio": "VIA PUBLICA", "x": -76.54019165039, "y": 3.43354392052, "anio": 2025, "mes": "octubre", "dia": 5, "dia_semana": 1, "hora_hecho": "18:30", "barrio": "3 DE JULIO", "estrato": 4, "geom": "0101000020E610000000000080922253C0000000E0E5770B40", "fecha_hech": "2025-10-05 00:00:00" }, "geometry": { "type": "Point", "coordinates": [ -76.54019165039, 3.43354392052 ] } },
{ "type": "Feature", "properties": { "dinamica": "HURTO", "titulo": "DELITOS CONTRA EL PATRIMONIO ECONOMICO", "capitulo": "DEL HURTO", "articulo": "HURTO. ART. 239 C.P.", "grado_deli": "AGRAVADO", "tipo_notic": "DENUNCIA", "caracteriz": "HURTO A PERSONAS", "modalidad": "COSQUILLEO", "modo": null, "motivo": null, "pais": "COLOMBIA", "dane_dep": 76, "departamen": "VALLE DEL CAUCA", "dane_mpio": 76001, "municipio": "CALI", "cod_comuna": 19.0, "comuna": "Comuna 19", "cod_barrio": 1913.0, "nom_barrio": "El Cedro", "direccion": "76001 IGLESIA LA MILAGROSA, EL CEDRO, CALI, VALLE DEL CAUCA, COL,EL CEDRO", "sitio": "VIA PUBLICA", "x": -76.538360595699999, "y": 3.4311699867200001, "anio": 2025, "mes": "octubre", "dia": 6, "dia_semana": 2, "hora_hecho": "13:00", "barrio": "EL CEDRO", "estrato": 4, "geom": "0101000020E610000000000080742253C00000004009730B40", "fecha_hech": "2025-10-06 00:00:00" }, "geometry": { "type": "Point", "coordinates": [ -76.538360595699999, 3.43116998672 ] } },
{ "type": "Feature", "properties": { "dinamica": "HURTO", "titulo": "DELITOS CONTRA EL PATRIMONIO ECONOMICO", "capitulo": "DEL HURTO", "articulo": "HURTO. ART. 239 C.P.", "grado_deli": "NINGUNO", "tipo_notic": "QUERELLA", "caracteriz": "HURTO A CELULARES", "modalidad": "COSQUILLEO", "modo": null, "motivo": null, "pais": "COLOMBIA", "dane_dep": 76, "departamen": "VALLE DEL CAUCA", "dane_mpio": 76001, "municipio": "CALI", "cod_comuna": 19.0, "comuna": "Comuna 19", "cod_barrio": 1905.0, "nom_barrio": "Eucaristico", "direccion": "76001 Carrera 36 con Calle 7, Barrio Eucaristico, Cali, Valle del Cauca, COL,BARRIO EUCARÍSTICO", "sitio": "SIN INFORMACION", "x": -76.539108276370001, "y": 3.4261050224299998, "anio": 2025, "mes": "octubre", "dia": 7, "dia_semana": 3, "hora_hecho": "05:20", "barrio": "BARRIO EUCARÍSTICO", "estrato": 4, "geom": "0101000020E6100000000000C0802253C0000000C0A9680B40", "fecha_hech": "2025-10-07 00:00:00" }, "geometry": { "type": "Point", "coordinates": [ -76.539108276370001, 3.42610502243 ] } },
{ "type": "Feature", "properties": { "dinamica": "HURTO", "titulo": "DELITOS CONTRA EL PATRIMONIO ECONOMICO", "capitulo": "DEL HURTO", "articulo": "HURTO CALIFICADO. ART. 240 C.P.", "grado_deli": "NINGUNO", "tipo_notic": "DENUNCIA", "caracteriz": "HURTO A PERSONAS", "modalidad": "ROMPIMIENTO DE VIDRIO", "modo": null, "motivo": null, "pais": "COLOMBIA", "dane_dep": 76, "departamen": "VALLE DEL CAUCA", "dane_mpio": 76001, "municipio": "CALI", "cod_comuna": 19.0, "comuna": "Comuna 19", "cod_barrio": 1912.0, "nom_barrio": "3 de Julio", "direccion": "76001 CARRERA 27 5C 47", "sitio": "VIA PUBLICA", "x": -76.539283752439999, "y": 3.4334299564399999, "anio": 2025, "mes": "octubre", "dia": 10, "dia_semana": 6, "hora_hecho": "01:30", "barrio": "3 DE JULIO", "estrato": 4, "geom": "0101000020E6100000000000A0832253C000000020AA770B40", "fecha_hech": "2025-10-10 00:00:00" }, "geometry": { "type": "Point", "coordinates": [ -76.539283752439999, 3.43342995644 ] } },
{ "type": "Feature", "properties": { "dinamica": "HURTO", "titulo": "DELITOS CONTRA EL PATRIMONIO ECONOMICO", "capitulo": "DEL HURTO", "articulo": "HURTO. ART. 239 C.P.", "grado_deli": "AGRAVADO", "tipo_notic": "DENUNCIA", "caracteriz": "HURTO A CELULARES", "modalidad": "RAPONAZO", "modo": null, "motivo": "SIN DETERMINAR", "pais": "COLOMBIA", "dane_dep": 76, "departamen": "VALLE DEL CAUCA", "dane_mpio": 76001, "municipio": "CALI", "cod_comuna": 19.0, "comuna": "Comuna 19", "cod_barrio": 1913.0, "nom_barrio": "El Cedro", "direccion": "76001 CALLE 7 CON CARRERA 31, EL CEDRO, CALI, VALLE DEL CAUCA", "sitio": "VIA PUBLICA", "x": -76.538261413569998, "y": 3.4290809631300001, "anio": 2025, "mes": "octubre", "dia": 10, "dia_semana": 6, "hora_hecho": "07:30", "barrio": "EL CEDRO", "estrato": 4, "geom": "0101000020E6100000000000E0722253C000000000C26E0B40", "fecha_hech": "2025-10-10 00:00:00" }, "geometry": { "type": "Point", "coordinates": [ -76.538261413569998, 3.42908096313 ] } },
{ "type": "Feature", "properties": { "dinamica": "HURTO", "titulo": "DELITOS CONTRA EL PATRIMONIO ECONOMICO", "capitulo": "DEL HURTO", "articulo": "HURTO CALIFICADO. ART. 240 C.P.", "grado_deli": "AGRAVADO", "tipo_notic": "DENUNCIA", "caracteriz": "HURTO A PERSONAS", "modalidad": "ATRACO", "modo": "ARMA DE FUEGO", "motivo": null, "pais": "COLOMBIA", "dane_dep": 76, "departamen": "VALLE DEL CAUCA", "dane_mpio": 76001, "municipio": "CALI", "cod_comuna": 19.0, "comuna": "Comuna 19", "cod_barrio": 1913.0, "nom_barrio": "El Cedro", "direccion": "76001 CALLE 7 27 36, EL CEDRO, CALI, VALLE DEL CAUCA", "sitio": "VIA PUBLICA", "x": -76.537712097170001, "y": 3.4328680038499999, "anio": 2025, "mes": "octubre", "dia": 11, "dia_semana": 7, "hora_hecho": "02:00", "barrio": "EL CEDRO", "estrato": 4, "geom": "0101000020E6100000000000E0692253C00000008083760B40", "fecha_hech": "2025-10-11 00:00:00" }, "geometry": { "type": "Point", "coordinates": [ -76.537712097170001, 3.43286800385 ] } },
{ "type": "Feature", "properties": { "dinamica": "HURTO", "titulo": "DELITOS CONTRA EL PATRIMONIO ECONOMICO", "capitulo": "DEL HURTO", "articulo": "HURTO CALIFICADO. ART. 240 C.P.", "grado_deli": "NINGUNO", "tipo_notic": "DENUNCIA", "caracteriz": "HURTO DE MOTOCICLETAS", "modalidad": "HALADO", "modo": null, "motivo": null, "pais": "COLOMBIA", "dane_dep": 76, "departamen": "VALLE DEL CAUCA", "dane_mpio": 76001, "municipio": "CALI", "cod_comuna": 19.0, "comuna": "Comuna 19", "cod_barrio": 1913.0, "nom_barrio": "El Cedro", "direccion": "76001 AVENIDA ROOSEVELT 29 83", "sitio": "VIA PUBLICA", "x": -76.538932800289999, "y": 3.4310109615300002, "anio": 2025, "mes": "octubre", "dia": 13, "dia_semana": 2, "hora_hecho": "18:00", "barrio": "EL CEDRO", "estrato": 4, "geom": "0101000020E6100000000000E07D2253C0000000E0B5720B40", "fecha_hech": "2025-10-13 00:00:00" }, "geometry": { "type": "Point", "coordinates": [ -76.538932800289999, 3.43101096153 ] } },
{ "type": "Feature", "properties": { "dinamica": "HURTO", "titulo": "DELITOS CONTRA EL PATRIMONIO ECONOMICO", "capitulo": "DEL HURTO", "articulo": "HURTO. ART. 239 C.P.", "grado_deli": "NINGUNO", "tipo_notic": "QUERELLA", "caracteriz": "HURTO A PERSONAS", "modalidad": "FACTOR DE OPORTUNIDAD", "modo": null, "motivo": null, "pais": "COLOMBIA", "dane_dep": 76, "departamen": "VALLE DEL CAUCA", "dane_mpio": 76001, "municipio": "CALI", "cod_comuna": 19.0, "comuna": "Comuna 19", "cod_barrio": 1905.0, "nom_barrio": "Eucaristico", "direccion": "76001 KR 36 CL 7-60 SUR KR 36 7 60", "sitio": "SIN INFORMACION", "x": -76.539093017580001, "y": 3.4262490272499999, "anio": 2025, "mes": "octubre", "dia": 14, "dia_semana": 3, "hora_hecho": "19:00", "barrio": null, "estrato": 4, "geom": "0101000020E610000000000080802253C000000040F5680B40", "fecha_hech": "2025-10-14 00:00:00" }, "geometry": { "type": "Point", "coordinates": [ -76.539093017580001, 3.42624902725 ] } },
{ "type": "Feature", "properties": { "dinamica": "HURTO", "titulo": "DELITOS CONTRA EL PATRIMONIO ECONOMICO", "capitulo": "DEL HURTO", "articulo": "HURTO CALIFICADO. ART. 240 C.P.", "grado_deli": "NINGUNO", "tipo_notic": "DENUNCIA", "caracteriz": "HURTO DE MOTOCICLETAS", "modalidad": "HALADO", "modo": null, "motivo": null, "pais": "COLOMBIA", "dane_dep": 76, "departamen": "VALLE DEL CAUCA", "dane_mpio": 76001, "municipio": "CALI", "cod_comuna": 19.0, "comuna": "Comuna 19", "cod_barrio": 1906.0, "nom_barrio": "San Fernando Nuevo", "direccion": "76001 CARRERA 36B 5B3 60, SAN FERNANDO NUEVO, CALI, VALLE DEL CAUCA", "sitio": "VIA PUBLICA", "x": -76.541343688959998, "y": 3.4272348880800001, "anio": 2025, "mes": "octubre", "dia": 15, "dia_semana": 4, "hora_hecho": "14:30", "barrio": "SAN FERNANDO NUEVO", "estrato": 4, "geom": "0101000020E610000000000060A52253C000000020FA6A0B40", "fecha_hech": "2025-10-15 00:00:00" }, "geometry": { "type": "Point", "coordinates": [ -76.541343688959998, 3.42723488808 ] } },
{ "type": "Feature", "properties": { "dinamica": "HURTO", "titulo": "DELITOS CONTRA EL PATRIMONIO ECONOMICO", "capitulo": "DEL HURTO", "articulo": "HURTO CALIFICADO. ART. 240 C.P.", "grado_deli": "NINGUNO", "tipo_notic": "DENUNCIA", "caracteriz": "HURTO A PERSONAS", "modalidad": "VIOLACION DE CERRADURA", "modo": null, "motivo": null, "pais": "COLOMBIA", "dane_dep": 76, "departamen": "VALLE DEL CAUCA", "dane_mpio": 76001, "municipio": "CALI", "cod_comuna": 19.0, "comuna": "Comuna 19", "cod_barrio": 1912.0, "nom_barrio": "3 de Julio", "direccion": "76001 Calle 6, 3 de Julio, Cali, Valle del Cauca, COL,EL CEDRO", "sitio": "SIN INFORMACION", "x": -76.538864135739999, "y": 3.4328379631, "anio": 2025, "mes": "octubre", "dia": 15, "dia_semana": 4, "hora_hecho": "23:00", "barrio": "EL CEDRO", "estrato": 4, "geom": "0101000020E6100000000000C07C2253C0000000C073760B40", "fecha_hech": "2025-10-15 00:00:00" }, "geometry": { "type": "Point", "coordinates": [ -76.538864135739999, 3.4328379631 ] } },
{ "type": "Feature", "properties": { "dinamica": "HURTO", "titulo": "DELITOS CONTRA EL PATRIMONIO ECONOMICO", "capitulo": "DEL HURTO", "articulo": "HURTO CALIFICADO. ART. 240 C.P.", "grado_deli": "NINGUNO", "tipo_notic": "DENUNCIA", "caracteriz": "HURTO DE MOTOCICLETAS", "modalidad": "HALADO", "modo": null, "motivo": null, "pais": "COLOMBIA", "dane_dep": 76, "departamen": "VALLE DEL CAUCA", "dane_mpio": 76001, "municipio": "CALI", "cod_comuna": 19.0, "comuna": "Comuna 19", "cod_barrio": 1913.0, "nom_barrio": "El Cedro", "direccion": "76001 CARRERA 32A 8 26, EL CEDRO, CALI, VALLE DEL CAUCA", "sitio": "VIA PUBLICA", "x": -76.537704467769998, "y": 3.4273920059199998, "anio": 2025, "mes": "octubre", "dia": 17, "dia_semana": 6, "hora_hecho": "02:00", "barrio": "EL CEDRO", "estrato": 4, "geom": "0101000020E6100000000000C0692253C0000000804C6B0B40", "fecha_hech": "2025-10-17 00:00:00" }, "geometry": { "type": "Point", "coordinates": [ -76.537704467769998, 3.42739200592 ] } },
{ "type": "Feature", "properties": { "dinamica": "HURTO", "titulo": "DELITOS CONTRA EL PATRIMONIO ECONOMICO", "capitulo": "DEL HURTO", "articulo": "HURTO CALIFICADO. ART. 240 C.P.", "grado_deli": "AGRAVADO", "tipo_notic": "DENUNCIA", "caracteriz": "HURTO A PERSONAS", "modalidad": "ATRACO", "modo": "ARMA DE FUEGO", "motivo": null, "pais": "COLOMBIA", "dane_dep": 76, "departamen": "VALLE DEL CAUCA", "dane_mpio": 76001, "municipio": "CALI", "cod_comuna": 19.0, "comuna": "Comuna 19", "cod_barrio": 1913.0, "nom_barrio": "El Cedro", "direccion": "76001 CALLE 6A, EL CEDRO, CALI, VALLE DEL CAUCA", "sitio": "ESTABLECIMIENTO DE COMERCIO", "x": -76.53816986084, "y": 3.4332621097599998, "anio": 2025, "mes": "octubre", "dia": 17, "dia_semana": 6, "hora_hecho": "22:30", "barrio": "EL CEDRO", "estrato": 4, "geom": "0101000020E610000000000060712253C00000002052770B40", "fecha_hech": "2025-10-17 00:00:00" }, "geometry": { "type": "Point", "coordinates": [ -76.53816986084, 3.43326210976 ] } },
{ "type": "Feature", "properties": { "dinamica": "HURTO", "titulo": "DELITOS CONTRA EL PATRIMONIO ECONOMICO", "capitulo": "DEL HURTO", "articulo": "HURTO. ART. 239 C.P.", "grado_deli": "NINGUNO", "tipo_notic": "DENUNCIA", "caracteriz": "HURTO A PERSONAS", "modalidad": "FACTOR DE OPORTUNIDAD", "modo": null, "motivo": null, "pais": "COLOMBIA", "dane_dep": 76, "departamen": "VALLE DEL CAUCA", "dane_mpio": 76001, "municipio": "CALI", "cod_comuna": 19.0, "comuna": "Comuna 19", "cod_barrio": 1913.0, "nom_barrio": "El Cedro", "direccion": "76001 CARRERA 26, EL CEDRO, CALI, VALLE DEL CAUCA", "sitio": "OTRO", "x": -76.538352966310001, "y": 3.4343430995899999, "anio": 2025, "mes": "octubre", "dia": 20, "dia_semana": 2, "hora_hecho": "10:00", "barrio": "EL CEDRO", "estrato": 4, "geom": "0101000020E610000000000060742253C0000000E088790B40", "fecha_hech": "2025-10-20 00:00:00" }, "geometry": { "type": "Point", "coordinates": [ -76.538352966310001, 3.43434309959 ] } },
{ "type": "Feature", "properties": { "dinamica": "HURTO", "titulo": "DELITOS CONTRA EL PATRIMONIO ECONOMICO", "capitulo": "DEL HURTO", "articulo": "HURTO CALIFICADO. ART. 240 C.P.", "grado_deli": "AGRAVADO", "tipo_notic": "DENUNCIA", "caracteriz": "HURTO DE MOTOCICLETAS", "modalidad": "HALADO", "modo": null, "motivo": null, "pais": "COLOMBIA", "dane_dep": 76, "departamen": "VALLE DEL CAUCA", "dane_mpio": 76001, "municipio": "CALI", "cod_comuna": 19.0, "comuna": "Comuna 19", "cod_barrio": 1906.0, "nom_barrio": "San Fernando Nuevo", "direccion": "76001 KR 36 B CL 5 B 3-50 SUR CARRERA 36 B No 5 B 3 50", "sitio": "SIN INFORMACION", "x": -76.5414352417, "y": 3.4273591041599998, "anio": 2025, "mes": "octubre", "dia": 20, "dia_semana": 2, "hora_hecho": "20:30", "barrio": null, "estrato": 4, "geom": "0101000020E6100000000000E0A62253C0000000403B6B0B40", "fecha_hech": "2025-10-20 00:00:00" }, "geometry": { "type": "Point", "coordinates": [ -76.5414352417, 3.42735910416 ] } },
{ "type": "Feature", "properties": { "dinamica": "HURTO", "titulo": "DELITOS CONTRA EL PATRIMONIO ECONOMICO", "capitulo": "DEL HURTO", "articulo": "HURTO CALIFICADO. ART. 240 C.P.", "grado_deli": "NINGUNO", "tipo_notic": "DENUNCIA", "caracteriz": "HURTO DE MOTOCICLETAS", "modalidad": "HALADO", "modo": null, "motivo": null, "pais": "COLOMBIA", "dane_dep": 76, "departamen": "VALLE DEL CAUCA", "dane_mpio": 76001, "municipio": "CALI", "cod_comuna": 19.0, "comuna": "Comuna 19", "cod_barrio": 1905.0, "nom_barrio": "Eucaristico", "direccion": "76001 CL 5 F SUR CON KR 36-124 CALLE 5 F No 36 124", "sitio": "SIN INFORMACION", "x": -76.540473937990001, "y": 3.42617607117, "anio": 2025, "mes": "octubre", "dia": 22, "dia_semana": 4, "hora_hecho": "18:00", "barrio": null, "estrato": 4, "geom": "0101000020E610000000000020972253C000000000CF680B40", "fecha_hech": "2025-10-22 00:00:00" }, "geometry": { "type": "Point", "coordinates": [ -76.540473937990001, 3.42617607117 ] } },
{ "type": "Feature", "properties": { "dinamica": "HURTO", "titulo": "DELITOS CONTRA EL PATRIMONIO ECONOMICO", "capitulo": "DEL HURTO", "articulo": "HURTO. ART. 239 C.P.", "grado_deli": "AGRAVADO", "tipo_notic": "DENUNCIA", "caracteriz": "HURTO A PERSONAS", "modalidad": "RAPONAZO", "modo": null, "motivo": null, "pais": "COLOMBIA", "dane_dep": 76, "departamen": "VALLE DEL CAUCA", "dane_mpio": 76001, "municipio": "CALI", "cod_comuna": 19.0, "comuna": "Comuna 19", "cod_barrio": 1912.0, "nom_barrio": "3 de Julio", "direccion": "76001 Calle 6, 3 de Julio, Cali, Valle del Cauca, COL,EL CEDRO", "sitio": "SIN INFORMACION", "x": -76.538864135739999, "y": 3.4328379631, "anio": 2025, "mes": "octubre", "dia": 23, "dia_semana": 5, "hora_hecho": "18:52", "barrio": "EL CEDRO", "estrato": 4, "geom": "0101000020E6100000000000C07C2253C0000000C073760B40", "fecha_hech": "2025-10-23 00:00:00" }, "geometry": { "type": "Point", "coordinates": [ -76.538864135739999, 3.4328379631 ] } },
{ "type": "Feature", "properties": { "dinamica": "HURTO", "titulo": "DELITOS CONTRA EL PATRIMONIO ECONOMICO", "capitulo": "DEL HURTO", "articulo": "HURTO CALIFICADO. ART. 240 C.P.", "grado_deli": "NINGUNO", "tipo_notic": "DENUNCIA", "caracteriz": "HURTO DE MOTOCICLETAS", "modalidad": "HALADO", "modo": null, "motivo": null, "pais": "COLOMBIA", "dane_dep": 76, "departamen": "VALLE DEL CAUCA", "dane_mpio": 76001, "municipio": "CALI", "cod_comuna": 19.0, "comuna": "Comuna 19", "cod_barrio": 1905.0, "nom_barrio": "Eucaristico", "direccion": "76001 CALLE 7 CON CARRERA 34 7, BARRIO EUCARISTICO, CALI, VALLE DEL CAUCA", "sitio": "VIA PUBLICA", "x": -76.53855895996, "y": 3.42747497559, "anio": 2025, "mes": "octubre", "dia": 26, "dia_semana": 1, "hora_hecho": "00:00", "barrio": "BARRIO EUCARÍSTICO", "estrato": 4, "geom": "0101000020E6100000000000C0772253C000000000786B0B40", "fecha_hech": "2025-10-26 00:00:00" }, "geometry": { "type": "Point", "coordinates": [ -76.53855895996, 3.42747497559 ] } },
{ "type": "Feature", "properties": { "dinamica": "HURTO", "titulo": "DELITOS CONTRA EL PATRIMONIO ECONOMICO", "capitulo": "DEL HURTO", "articulo": "HURTO CALIFICADO. ART. 240 C.P.", "grado_deli": "AGRAVADO", "tipo_notic": "DENUNCIA", "caracteriz": "HURTO A PERSONAS", "modalidad": "ATRACO", "modo": "ARMA DE FUEGO", "motivo": null, "pais": "COLOMBIA", "dane_dep": 76, "departamen": "VALLE DEL CAUCA", "dane_mpio": 76001, "municipio": "CALI", "cod_comuna": 19.0, "comuna": "Comuna 19", "cod_barrio": 1912.0, "nom_barrio": "3 de Julio", "direccion": "76001 CARRERA 26 5B 60", "sitio": "VIA PUBLICA", "x": -76.539985656740001, "y": 3.4343810081499999, "anio": 2025, "mes": "octubre", "dia": 26, "dia_semana": 1, "hora_hecho": "06:30", "barrio": "3 DE JULIO", "estrato": 4, "geom": "0101000020E6100000000000208F2253C0000000C09C790B40", "fecha_hech": "2025-10-26 00:00:00" }, "geometry": { "type": "Point", "coordinates": [ -76.539985656740001, 3.43438100815 ] } },
{ "type": "Feature", "properties": { "dinamica": "HURTO", "titulo": "DELITOS CONTRA EL PATRIMONIO ECONOMICO", "capitulo": "DEL HURTO", "articulo": "HURTO CALIFICADO. ART. 240 C.P.", "grado_deli": "NINGUNO", "tipo_notic": "DENUNCIA", "caracteriz": "HURTO A CELULARES", "modalidad": "ATRACO", "modo": "ARMA DE FUEGO", "motivo": "SIN DETERMINAR", "pais": "COLOMBIA", "dane_dep": 76, "departamen": "VALLE DEL CAUCA", "dane_mpio": 76001, "municipio": "CALI", "cod_comuna": 19.0, "comuna": "Comuna 19", "cod_barrio": 1913.0, "nom_barrio": "El Cedro", "direccion": "76001 CALLE 9 CON CARRERA 32A, EL CEDRO, CALI, VALLE DEL CAUCA", "sitio": "VIA PUBLICA", "x": -76.537063598629999, "y": 3.4272561073299999, "anio": 2025, "mes": "noviembre", "dia": 6, "dia_semana": 5, "hora_hecho": "12:00", "barrio": "EL CEDRO", "estrato": 4, "geom": "0101000020E6100000000000405F2253C000000040056B0B40", "fecha_hech": "2025-11-06 00:00:00" }, "geometry": { "type": "Point", "coordinates": [ -76.537063598629999, 3.42725610733 ] } },
{ "type": "Feature", "properties": { "dinamica": "HURTO", "titulo": "DELITOS CONTRA EL PATRIMONIO ECONOMICO", "capitulo": "DEL HURTO", "articulo": "HURTO. ART. 239 C.P.", "grado_deli": "NINGUNO", "tipo_notic": "DENUNCIA", "caracteriz": "HURTO A PERSONAS", "modalidad": "FACTOR DE OPORTUNIDAD", "modo": null, "motivo": null, "pais": "COLOMBIA", "dane_dep": 76, "departamen": "VALLE DEL CAUCA", "dane_mpio": 76001, "municipio": "CALI", "cod_comuna": 19.0, "comuna": "Comuna 19", "cod_barrio": 1905.0, "nom_barrio": "Eucaristico", "direccion": "76001 Templete Eucarístico, Barrio Eucaristico, Cali, Valle del Cauca, COL,BARRIO EUCARÍSTICO", "sitio": "SIN INFORMACION", "x": -76.53882598877, "y": 3.4257130622899998, "anio": 2025, "mes": "noviembre", "dia": 6, "dia_semana": 5, "hora_hecho": "20:00", "barrio": "BARRIO EUCARÍSTICO", "estrato": 4, "geom": "0101000020E6100000000000207C2253C000000040DC670B40", "fecha_hech": "2025-11-06 00:00:00" }, "geometry": { "type": "Point", "coordinates": [ -76.53882598877, 3.42571306229 ] } },
{ "type": "Feature", "properties": { "dinamica": "HURTO", "titulo": "DELITOS CONTRA EL PATRIMONIO ECONOMICO", "capitulo": "DEL HURTO", "articulo": "HURTO CALIFICADO. ART. 240 C.P.", "grado_deli": "AGRAVADO", "tipo_notic": "DENUNCIA", "caracteriz": "HURTO A CELULARES", "modalidad": "RAPONAZO", "modo": null, "motivo": "SIN DETERMINAR", "pais": "COLOMBIA", "dane_dep": 76, "departamen": "VALLE DEL CAUCA", "dane_mpio": 76001, "municipio": "CALI", "cod_comuna": 19.0, "comuna": "Comuna 19", "cod_barrio": 1912.0, "nom_barrio": "3 de Julio", "direccion": "76001 CALLE 5 24A 91, MIRAFLORES, CALI, VALLE DEL CAUCA", "sitio": "VIA PUBLICA", "x": -76.539878845209998, "y": 3.4360809326199999, "anio": 2025, "mes": "noviembre", "dia": 8, "dia_semana": 7, "hora_hecho": "13:00", "barrio": "3 DE JULIO", "estrato": 4, "geom": "0101000020E6100000000000608D2253C000000000187D0B40", "fecha_hech": "2025-11-08 00:00:00" }, "geometry": { "type": "Point", "coordinates": [ -76.539878845209998, 3.43608093262 ] } },
{ "type": "Feature", "properties": { "dinamica": "HURTO", "titulo": "DELITOS CONTRA EL PATRIMONIO ECONOMICO", "capitulo": "DEL HURTO", "articulo": "HURTO CALIFICADO. ART. 240 C.P.", "grado_deli": "AGRAVADO", "tipo_notic": "DENUNCIA", "caracteriz": "HURTO A PERSONAS", "modalidad": "VIOLACION DE CERRADURA", "modo": null, "motivo": null, "pais": "COLOMBIA", "dane_dep": 76, "departamen": "VALLE DEL CAUCA", "dane_mpio": 76001, "municipio": "CALI", "cod_comuna": 19.0, "comuna": "Comuna 19", "cod_barrio": 1913.0, "nom_barrio": "El Cedro", "direccion": "76001 Calle 9 32A 16, El Cedro, Cali, Valle del Cauca, COL,EL CEDRO", "sitio": "SIN INFORMACION", "x": -76.537246704099999, "y": 3.4270958900499999, "anio": 2025, "mes": "noviembre", "dia": 11, "dia_semana": 3, "hora_hecho": "13:40", "barrio": "EL CEDRO", "estrato": 4, "geom": "0101000020E610000000000040622253C000000040B16A0B40", "fecha_hech": "2025-11-11 00:00:00" }, "geometry": { "type": "Point", "coordinates": [ -76.537246704099999, 3.42709589005 ] } },
{ "type": "Feature", "properties": { "dinamica": "HURTO", "titulo": "DELITOS CONTRA EL PATRIMONIO ECONOMICO", "capitulo": "DEL HURTO", "articulo": "HURTO CALIFICADO. ART. 240 C.P.", "grado_deli": "NINGUNO", "tipo_notic": "DENUNCIA", "caracteriz": "HURTO A PERSONAS", "modalidad": "VIOLACION DE CERRADURA", "modo": null, "motivo": null, "pais": "COLOMBIA", "dane_dep": 76, "departamen": "VALLE DEL CAUCA", "dane_mpio": 76001, "municipio": "CALI", "cod_comuna": 19.0, "comuna": "Comuna 19", "cod_barrio": 1913.0, "nom_barrio": "El Cedro", "direccion": "76001 CALLE 6A CON CARRERA 27, EL CEDRO, CALI, VALLE DEL CAUCA", "sitio": "VIA PUBLICA", "x": -76.53816986084, "y": 3.4332621097599998, "anio": 2025, "mes": "noviembre", "dia": 14, "dia_semana": 6, "hora_hecho": "19:00", "barrio": "EL CEDRO", "estrato": 4, "geom": "0101000020E610000000000060712253C00000002052770B40", "fecha_hech": "2025-11-14 00:00:00" }, "geometry": { "type": "Point", "coordinates": [ -76.53816986084, 3.43326210976 ] } },
{ "type": "Feature", "properties": { "dinamica": "HURTO", "titulo": "DELITOS CONTRA EL PATRIMONIO ECONOMICO", "capitulo": "DEL HURTO", "articulo": "HURTO CALIFICADO. ART. 240 C.P.", "grado_deli": "NINGUNO", "tipo_notic": "DENUNCIA", "caracteriz": "HURTO A ESTABLECIMIENTOS", "modalidad": "FACTOR DE OPORTUNIDAD", "modo": null, "motivo": null, "pais": "COLOMBIA", "dane_dep": 76, "departamen": "VALLE DEL CAUCA", "dane_mpio": 76001, "municipio": "CALI", "cod_comuna": 19.0, "comuna": "Comuna 19", "cod_barrio": 1913.0, "nom_barrio": "El Cedro", "direccion": "76001 CL 6 CON KR 27-11", "sitio": "LOCAL COMERCIAL", "x": -76.538612365719999, "y": 3.4330658912700001, "anio": 2025, "mes": "noviembre", "dia": 15, "dia_semana": 7, "hora_hecho": "00:00", "barrio": null, "estrato": 4, "geom": "0101000020E6100000000000A0782253C000000040EB760B40", "fecha_hech": "2025-11-15 00:00:00" }, "geometry": { "type": "Point", "coordinates": [ -76.538612365719999, 3.43306589127 ] } },
{ "type": "Feature", "properties": { "dinamica": "HURTO", "titulo": "DELITOS CONTRA EL PATRIMONIO ECONOMICO", "capitulo": "DEL HURTO", "articulo": "HURTO CALIFICADO. ART. 240 C.P.", "grado_deli": "AGRAVADO", "tipo_notic": "DENUNCIA", "caracteriz": "HURTO DE MOTOCICLETAS", "modalidad": "ATRACO", "modo": "ARMA DE FUEGO", "motivo": null, "pais": "COLOMBIA", "dane_dep": 76, "departamen": "VALLE DEL CAUCA", "dane_mpio": 76001, "municipio": "CALI", "cod_comuna": 19.0, "comuna": "Comuna 19", "cod_barrio": 1912.0, "nom_barrio": "3 de Julio", "direccion": "76001 AVENIDA ROOSEVELT 29 1", "sitio": "VIA PUBLICA", "x": -76.538940429690001, "y": 3.4317440986599999, "anio": 2025, "mes": "noviembre", "dia": 15, "dia_semana": 7, "hora_hecho": "03:45", "barrio": "EL CEDRO", "estrato": 4, "geom": "0101000020E6100000000000007E2253C00000004036740B40", "fecha_hech": "2025-11-15 00:00:00" }, "geometry": { "type": "Point", "coordinates": [ -76.538940429690001, 3.43174409866 ] } },
{ "type": "Feature", "properties": { "dinamica": "HURTO", "titulo": "DELITOS CONTRA EL PATRIMONIO ECONOMICO", "capitulo": "DEL HURTO", "articulo": "HURTO CALIFICADO. ART. 240 C.P.", "grado_deli": "NINGUNO", "tipo_notic": "DENUNCIA", "caracteriz": "HURTO A PERSONAS", "modalidad": "VIOLACION DE CERRADURA", "modo": null, "motivo": null, "pais": "COLOMBIA", "dane_dep": 76, "departamen": "VALLE DEL CAUCA", "dane_mpio": 76001, "municipio": "CALI", "cod_comuna": 19.0, "comuna": "Comuna 19", "cod_barrio": 1913.0, "nom_barrio": "El Cedro", "direccion": "76001 Carrera 27 6A, El Cedro, Cali, Valle del Cauca, COL,EL CEDRO", "sitio": "SIN INFORMACION", "x": -76.537818908689999, "y": 3.4332408905, "anio": 2025, "mes": "noviembre", "dia": 20, "dia_semana": 5, "hora_hecho": "00:40", "barrio": "EL CEDRO", "estrato": 4, "geom": "0101000020E6100000000000A06B2253C00000000047770B40", "fecha_hech": "2025-11-20 00:00:00" }, "geometry": { "type": "Point", "coordinates": [ -76.537818908689999, 3.4332408905 ] } },
{ "type": "Feature", "properties": { "dinamica": "HURTO", "titulo": "DELITOS CONTRA EL PATRIMONIO ECONOMICO", "capitulo": "DEL HURTO", "articulo": "HURTO CALIFICADO. ART. 240 C.P.", "grado_deli": "NINGUNO", "tipo_notic": "DENUNCIA", "caracteriz": "HURTO DE MOTOCICLETAS", "modalidad": "HALADO", "modo": null, "motivo": null, "pais": "COLOMBIA", "dane_dep": 76, "departamen": "VALLE DEL CAUCA", "dane_mpio": 76001, "municipio": "CALI", "cod_comuna": 19.0, "comuna": "Comuna 19", "cod_barrio": 1905.0, "nom_barrio": "Eucaristico", "direccion": "76001 CARRERA 34 7 00, BARRIO EUCARISTICO, CALI, VALLE DEL CAUCA", "sitio": "VIA PUBLICA", "x": -76.538696289059999, "y": 3.4274399280500001, "anio": 2025, "mes": "noviembre", "dia": 20, "dia_semana": 5, "hora_hecho": "20:00", "barrio": "BARRIO EUCARÍSTICO", "estrato": 4, "geom": "0101000020E6100000000000007A2253C0000000A0656B0B40", "fecha_hech": "2025-11-20 00:00:00" }, "geometry": { "type": "Point", "coordinates": [ -76.538696289059999, 3.42743992805 ] } },
{ "type": "Feature", "properties": { "dinamica": "HURTO", "titulo": "DELITOS CONTRA EL PATRIMONIO ECONOMICO", "capitulo": "DEL HURTO", "articulo": "HURTO CALIFICADO. ART. 240 C.P.", "grado_deli": "NINGUNO", "tipo_notic": "DENUNCIA", "caracteriz": "HURTO DE MOTOCICLETAS", "modalidad": "HALADO", "modo": null, "motivo": null, "pais": "COLOMBIA", "dane_dep": 76, "departamen": "VALLE DEL CAUCA", "dane_mpio": 76001, "municipio": "CALI", "cod_comuna": 19.0, "comuna": "Comuna 19", "cod_barrio": 1906.0, "nom_barrio": "San Fernando Nuevo", "direccion": "76001 CALLE 5B4 34 107", "sitio": "VIA PUBLICA", "x": -76.539733886720001, "y": 3.4280099868799998, "anio": 2025, "mes": "noviembre", "dia": 20, "dia_semana": 5, "hora_hecho": "20:30", "barrio": "SAN FERNANDO NUEVO", "estrato": 4, "geom": "0101000020E6100000000000008B2253C000000080906C0B40", "fecha_hech": "2025-11-20 00:00:00" }, "geometry": { "type": "Point", "coordinates": [ -76.539733886720001, 3.42800998688 ] } },
{ "type": "Feature", "properties": { "dinamica": "HURTO", "titulo": "DELITOS CONTRA EL PATRIMONIO ECONOMICO", "capitulo": "DEL HURTO", "articulo": "HURTO CALIFICADO. ART. 240 C.P.", "grado_deli": "NINGUNO", "tipo_notic": "DENUNCIA", "caracteriz": "HURTO A PERSONAS", "modalidad": "VIOLACION DE CERRADURA", "modo": null, "motivo": null, "pais": "COLOMBIA", "dane_dep": 76, "departamen": "VALLE DEL CAUCA", "dane_mpio": 76001, "municipio": "CALI", "cod_comuna": 19.0, "comuna": "Comuna 19", "cod_barrio": 1912.0, "nom_barrio": "3 de Julio", "direccion": "76001 CARRERA 27, 3 DE JULIO, CALI, VALLE DEL CAUCA", "sitio": "VIA PUBLICA", "x": -76.539688110349999, "y": 3.4333090782200002, "anio": 2025, "mes": "noviembre", "dia": 22, "dia_semana": 7, "hora_hecho": "14:00", "barrio": "3 DE JULIO", "estrato": 4, "geom": "0101000020E6100000000000408A2253C0000000C06A770B40", "fecha_hech": "2025-11-22 00:00:00" }, "geometry": { "type": "Point", "coordinates": [ -76.539688110349999, 3.43330907822 ] } },
{ "type": "Feature", "properties": { "dinamica": "HURTO", "titulo": "DELITOS CONTRA EL PATRIMONIO ECONOMICO", "capitulo": "DEL HURTO", "articulo": "HURTO. ART. 239 C.P.", "grado_deli": "NINGUNO", "tipo_notic": "QUERELLA", "caracteriz": "HURTO A PERSONAS", "modalidad": "FACTOR DE OPORTUNIDAD", "modo": null, "motivo": null, "pais": "COLOMBIA", "dane_dep": 76, "departamen": "VALLE DEL CAUCA", "dane_mpio": 76001, "municipio": "CALI", "cod_comuna": 19.0, "comuna": "Comuna 19", "cod_barrio": 1913.0, "nom_barrio": "El Cedro", "direccion": "76001 Calle 8 32, El Cedro, Cali, Valle del Cauca, COL,EL CEDRO", "sitio": "SIN INFORMACION", "x": -76.537826538090002, "y": 3.42781710625, "anio": 2025, "mes": "noviembre", "dia": 24, "dia_semana": 2, "hora_hecho": "22:15", "barrio": "EL CEDRO", "estrato": 4, "geom": "0101000020E6100000000000C06B2253C0000000602B6C0B40", "fecha_hech": "2025-11-24 00:00:00" }, "geometry": { "type": "Point", "coordinates": [ -76.537826538090002, 3.42781710625 ] } },
{ "type": "Feature", "properties": { "dinamica": "HURTO", "titulo": "DELITOS CONTRA EL PATRIMONIO ECONOMICO", "capitulo": "DEL HURTO", "articulo": "HURTO CALIFICADO. ART. 240 C.P.", "grado_deli": "NINGUNO", "tipo_notic": "DENUNCIA", "caracteriz": "HURTO DE VEHICULOS", "modalidad": "HALADO", "modo": null, "motivo": null, "pais": "COLOMBIA", "dane_dep": 76, "departamen": "VALLE DEL CAUCA", "dane_mpio": 76001, "municipio": "CALI", "cod_comuna": 19.0, "comuna": "Comuna 19", "cod_barrio": 1913.0, "nom_barrio": "El Cedro", "direccion": "76001 CARRERA 29 6 43, EL CEDRO, CALI, VALLE DEL CAUCA", "sitio": "VIA PUBLICA", "x": -76.53840637207, "y": 3.43200993538, "anio": 2025, "mes": "noviembre", "dia": 25, "dia_semana": 3, "hora_hecho": "23:54", "barrio": "EL CEDRO", "estrato": 4, "geom": "0101000020E610000000000040752253C0000000A0C1740B40", "fecha_hech": "2025-11-25 00:00:00" }, "geometry": { "type": "Point", "coordinates": [ -76.53840637207, 3.43200993538 ] } },
{ "type": "Feature", "properties": { "dinamica": "HURTO", "titulo": "DELITOS CONTRA EL PATRIMONIO ECONOMICO", "capitulo": "DEL HURTO", "articulo": "HURTO CALIFICADO. ART. 240 C.P.", "grado_deli": "NINGUNO", "tipo_notic": "DENUNCIA", "caracteriz": "HURTO A PERSONAS", "modalidad": "ATRACO", "modo": "ARMA DE FUEGO", "motivo": null, "pais": "COLOMBIA", "dane_dep": 76, "departamen": "VALLE DEL CAUCA", "dane_mpio": 76001, "municipio": "CALI", "cod_comuna": 19.0, "comuna": "Comuna 19", "cod_barrio": 1905.0, "nom_barrio": "Eucaristico", "direccion": "76001 CL 7  CALLE 7 36 A 18", "sitio": "SIN INFORMACION", "x": -76.53939819336, "y": 3.4255199432399999, "anio": 2025, "mes": "noviembre", "dia": 26, "dia_semana": 4, "hora_hecho": "11:00", "barrio": null, "estrato": 4, "geom": "0101000020E610000000000080852253C00000000077670B40", "fecha_hech": "2025-11-26 00:00:00" }, "geometry": { "type": "Point", "coordinates": [ -76.53939819336, 3.42551994324 ] } },
{ "type": "Feature", "properties": { "dinamica": "HURTO", "titulo": "DELITOS CONTRA EL PATRIMONIO ECONOMICO", "capitulo": "DEL HURTO", "articulo": "HURTO. ART. 239 C.P.", "grado_deli": "NINGUNO", "tipo_notic": "DENUNCIA", "caracteriz": "HURTO A PERSONAS", "modalidad": "ENGAÑO", "modo": null, "motivo": null, "pais": "COLOMBIA", "dane_dep": 76, "departamen": "VALLE DEL CAUCA", "dane_mpio": 76001, "municipio": "CALI", "cod_comuna": 19.0, "comuna": "Comuna 19", "cod_barrio": 1913.0, "nom_barrio": "El Cedro", "direccion": "76001 Calle 9 32A 16, El Cedro, Cali, Valle del Cauca, COL,EL CEDRO", "sitio": "SIN INFORMACION", "x": -76.537246704099999, "y": 3.4270958900499999, "anio": 2025, "mes": "noviembre", "dia": 26, "dia_semana": 4, "hora_hecho": "16:15", "barrio": "EL CEDRO", "estrato": 4, "geom": "0101000020E610000000000040622253C000000040B16A0B40", "fecha_hech": "2025-11-26 00:00:00" }, "geometry": { "type": "Point", "coordinates": [ -76.537246704099999, 3.42709589005 ] } },
{ "type": "Feature", "properties": { "dinamica": "HURTO", "titulo": "DELITOS CONTRA EL PATRIMONIO ECONOMICO", "capitulo": "DEL HURTO", "articulo": "HURTO CALIFICADO. ART. 240 C.P.", "grado_deli": "NINGUNO", "tipo_notic": "DENUNCIA", "caracteriz": "HURTO DE MOTOCICLETAS", "modalidad": "HALADO", "modo": null, "motivo": null, "pais": "COLOMBIA", "dane_dep": 76, "departamen": "VALLE DEL CAUCA", "dane_mpio": 76001, "municipio": "CALI", "cod_comuna": 19.0, "comuna": "Comuna 19", "cod_barrio": 1905.0, "nom_barrio": "Eucaristico", "direccion": "76001 CARRERA 34 7 7, BARRIO EUCARISTICO, CALI, VALLE DEL CAUCA", "sitio": "VIA PUBLICA", "x": -76.538665771479998, "y": 3.42751908302, "anio": 2025, "mes": "noviembre", "dia": 27, "dia_semana": 5, "hora_hecho": "17:00", "barrio": "BARRIO EUCARÍSTICO", "estrato": 4, "geom": "0101000020E610000000000080792253C0000000208F6B0B40", "fecha_hech": "2025-11-27 00:00:00" }, "geometry": { "type": "Point", "coordinates": [ -76.538665771479998, 3.42751908302 ] } },
{ "type": "Feature", "properties": { "dinamica": "HURTO", "titulo": "DELITOS CONTRA EL PATRIMONIO ECONOMICO", "capitulo": "DEL HURTO", "articulo": "HURTO CALIFICADO. ART. 240 C.P.", "grado_deli": "NINGUNO", "tipo_notic": "DENUNCIA", "caracteriz": "HURTO A PERSONAS", "modalidad": "RAPONAZO", "modo": null, "motivo": null, "pais": "COLOMBIA", "dane_dep": 76, "departamen": "VALLE DEL CAUCA", "dane_mpio": 76001, "municipio": "CALI", "cod_comuna": 19.0, "comuna": "Comuna 19", "cod_barrio": 1905.0, "nom_barrio": "Eucaristico", "direccion": "76001 CARRERA 36 CON CALLE 6, SAN FERNANDO NUEVO, CALI, VALLE DEL CAUCA", "sitio": "VIA PUBLICA", "x": -76.539764404300001, "y": 3.4268550872799999, "anio": 2025, "mes": "diciembre", "dia": 1, "dia_semana": 2, "hora_hecho": "12:30", "barrio": "SAN FERNANDO NUEVO", "estrato": 4, "geom": "0101000020E6100000000000808B2253C000000000336A0B40", "fecha_hech": "2025-12-01 00:00:00" }, "geometry": { "type": "Point", "coordinates": [ -76.539764404300001, 3.42685508728 ] } },
{ "type": "Feature", "properties": { "dinamica": "HURTO", "titulo": "DELITOS CONTRA EL PATRIMONIO ECONOMICO", "capitulo": "DEL HURTO", "articulo": "HURTO. ART. 239 C.P.", "grado_deli": "AGRAVADO", "tipo_notic": "DENUNCIA", "caracteriz": "HURTO A PERSONAS", "modalidad": "FACTOR DE OPORTUNIDAD", "modo": null, "motivo": null, "pais": "COLOMBIA", "dane_dep": 76, "departamen": "VALLE DEL CAUCA", "dane_mpio": 76001, "municipio": "CALI", "cod_comuna": 19.0, "comuna": "Comuna 19", "cod_barrio": 1905.0, "nom_barrio": "Eucaristico", "direccion": "76001 Calle 7 36, Barrio Eucaristico, Cali, Valle del Cauca, COL,BARRIO EUCARÍSTICO", "sitio": "SIN INFORMACION", "x": -76.539184570309999, "y": 3.4259140491500002, "anio": 2025, "mes": "diciembre", "dia": 4, "dia_semana": 5, "hora_hecho": "00:13", "barrio": "BARRIO EUCARÍSTICO", "estrato": 4, "geom": "0101000020E610000000000000822253C0000000A045680B40", "fecha_hech": "2025-12-04 00:00:00" }, "geometry": { "type": "Point", "coordinates": [ -76.539184570309999, 3.42591404915 ] } },
{ "type": "Feature", "properties": { "dinamica": "HURTO", "titulo": "DELITOS CONTRA EL PATRIMONIO ECONOMICO", "capitulo": "DEL HURTO", "articulo": "HURTO CALIFICADO. ART. 240 C.P.", "grado_deli": "NINGUNO", "tipo_notic": "DENUNCIA", "caracteriz": "HURTO DE MOTOCICLETAS", "modalidad": "HALADO", "modo": null, "motivo": null, "pais": "COLOMBIA", "dane_dep": 76, "departamen": "VALLE DEL CAUCA", "dane_mpio": 76001, "municipio": "CALI", "cod_comuna": 19.0, "comuna": "Comuna 19", "cod_barrio": 1912.0, "nom_barrio": "3 de Julio", "direccion": "76001 KR 28 CL 6-11", "sitio": "SIN INFORMACION", "x": -76.539108276370001, "y": 3.4326128959700002, "anio": 2025, "mes": "diciembre", "dia": 5, "dia_semana": 6, "hora_hecho": "11:30", "barrio": null, "estrato": 4, "geom": "0101000020E6100000000000C0802253C0000000C0FD750B40", "fecha_hech": "2025-12-05 00:00:00" }, "geometry": { "type": "Point", "coordinates": [ -76.539108276370001, 3.43261289597 ] } },
{ "type": "Feature", "properties": { "dinamica": "HURTO", "titulo": "DELITOS CONTRA EL PATRIMONIO ECONOMICO", "capitulo": "DEL HURTO", "articulo": "HURTO CALIFICADO. ART. 240 C.P.", "grado_deli": "NINGUNO", "tipo_notic": "DENUNCIA", "caracteriz": "HURTO A PERSONAS", "modalidad": "ROMPIMIENTO DE VIDRIO", "modo": null, "motivo": null, "pais": "COLOMBIA", "dane_dep": 76, "departamen": "VALLE DEL CAUCA", "dane_mpio": 76001, "municipio": "CALI", "cod_comuna": 19.0, "comuna": "Comuna 19", "cod_barrio": 1913.0, "nom_barrio": "El Cedro", "direccion": "76001 CARRERA 27 6 6", "sitio": "VIA PUBLICA", "x": -76.53872680664, "y": 3.4332718849199999, "anio": 2025, "mes": "diciembre", "dia": 6, "dia_semana": 7, "hora_hecho": "21:40", "barrio": "EL CEDRO", "estrato": 4, "geom": "0101000020E6100000000000807A2253C00000004057770B40", "fecha_hech": "2025-12-06 00:00:00" }, "geometry": { "type": "Point", "coordinates": [ -76.53872680664, 3.43327188492 ] } },
{ "type": "Feature", "properties": { "dinamica": "HURTO", "titulo": "DELITOS CONTRA EL PATRIMONIO ECONOMICO", "capitulo": "DEL HURTO", "articulo": "HURTO CALIFICADO. ART. 240 C.P.", "grado_deli": "NINGUNO", "tipo_notic": "DENUNCIA", "caracteriz": "HURTO DE MOTOCICLETAS", "modalidad": "HALADO", "modo": null, "motivo": null, "pais": "COLOMBIA", "dane_dep": 76, "departamen": "VALLE DEL CAUCA", "dane_mpio": 76001, "municipio": "CALI", "cod_comuna": 19.0, "comuna": "Comuna 19", "cod_barrio": 1905.0, "nom_barrio": "Eucaristico", "direccion": "76001 CARRERA 36A 6 60, BARRIO EUCARISTICO, CALI, VALLE DEL CAUCA", "sitio": "VIA PUBLICA", "x": -76.53946685791, "y": 3.4257009029400001, "anio": 2025, "mes": "diciembre", "dia": 9, "dia_semana": 3, "hora_hecho": "09:53", "barrio": "BARRIO EUCARÍSTICO", "estrato": 4, "geom": "0101000020E6100000000000A0862253C0000000E0D5670B40", "fecha_hech": "2025-12-09 00:00:00" }, "geometry": { "type": "Point", "coordinates": [ -76.53946685791, 3.42570090294 ] } },
{ "type": "Feature", "properties": { "dinamica": "HURTO", "titulo": "DELITOS CONTRA EL PATRIMONIO ECONOMICO", "capitulo": "DEL HURTO", "articulo": "HURTO. ART. 239 C.P.", "grado_deli": "NINGUNO", "tipo_notic": "DENUNCIA", "caracteriz": "HURTO A PERSONAS", "modalidad": "VIOLACION DE CERRADURA", "modo": null, "motivo": null, "pais": "COLOMBIA", "dane_dep": 76, "departamen": "VALLE DEL CAUCA", "dane_mpio": 76001, "municipio": "CALI", "cod_comuna": 19.0, "comuna": "Comuna 19", "cod_barrio": 1912.0, "nom_barrio": "3 de Julio", "direccion": "76001 KR 27 OCCIDENTE CON CL 58 SUR", "sitio": "SIN INFORMACION", "x": -76.540451049799998, "y": 3.4334959983800002, "anio": 2025, "mes": "diciembre", "dia": 12, "dia_semana": 6, "hora_hecho": "21:30", "barrio": null, "estrato": 4, "geom": "0101000020E6100000000000C0962253C0000000C0CC770B40", "fecha_hech": "2025-12-12 00:00:00" }, "geometry": { "type": "Point", "coordinates": [ -76.540451049799998, 3.43349599838 ] } },
{ "type": "Feature", "properties": { "dinamica": "HURTO", "titulo": "DELITOS CONTRA EL PATRIMONIO ECONOMICO", "capitulo": "DEL HURTO", "articulo": "HURTO. ART. 239 C.P.", "grado_deli": "NINGUNO", "tipo_notic": "DENUNCIA", "caracteriz": "HURTO A CELULARES", "modalidad": "FACTOR DE OPORTUNIDAD", "modo": null, "motivo": null, "pais": "COLOMBIA", "dane_dep": 76, "departamen": "VALLE DEL CAUCA", "dane_mpio": 76001, "municipio": "CALI", "cod_comuna": 19.0, "comuna": "Comuna 19", "cod_barrio": 1913.0, "nom_barrio": "El Cedro", "direccion": "76001 NO REPORTA calle 7 carrera 27", "sitio": "SIN INFORMACION", "x": -76.537475585940001, "y": 3.4332070350600001, "anio": 2025, "mes": "diciembre", "dia": 15, "dia_semana": 2, "hora_hecho": "09:00", "barrio": null, "estrato": 4, "geom": "0101000020E610000000000000662253C00000004035770B40", "fecha_hech": "2025-12-15 00:00:00" }, "geometry": { "type": "Point", "coordinates": [ -76.537475585940001, 3.43320703506 ] } },
{ "type": "Feature", "properties": { "dinamica": "HURTO", "titulo": "DELITOS CONTRA EL PATRIMONIO ECONOMICO", "capitulo": "DEL HURTO", "articulo": "HURTO. ART. 239 C.P.", "grado_deli": "NINGUNO", "tipo_notic": "DENUNCIA", "caracteriz": "HURTO A PERSONAS", "modalidad": "ATRACO", "modo": "ARMA DE FUEGO", "motivo": null, "pais": "COLOMBIA", "dane_dep": 76, "departamen": "VALLE DEL CAUCA", "dane_mpio": 76001, "municipio": "CALI", "cod_comuna": 19.0, "comuna": "Comuna 19", "cod_barrio": 1912.0, "nom_barrio": "3 de Julio", "direccion": "76001 KR 27 CON CL 6  CARRERA 27 CALLE 6", "sitio": "SIN INFORMACION", "x": -76.538917541499998, "y": 3.4333078861200002, "anio": 2025, "mes": "diciembre", "dia": 26, "dia_semana": 6, "hora_hecho": "22:00", "barrio": null, "estrato": 4, "geom": "0101000020E6100000000000A07D2253C0000000206A770B40", "fecha_hech": "2025-12-26 00:00:00" }, "geometry": { "type": "Point", "coordinates": [ -76.538917541499998, 3.43330788612 ] } },
{ "type": "Feature", "properties": { "dinamica": "HURTO", "titulo": "DELITOS CONTRA EL PATRIMONIO ECONOMICO", "capitulo": "DEL HURTO", "articulo": "HURTO CALIFICADO. ART. 240 C.P.", "grado_deli": "AGRAVADO", "tipo_notic": "DENUNCIA", "caracteriz": "HURTO A ESTABLECIMIENTOS", "modalidad": "ATRACO", "modo": "ARMA DE FUEGO", "motivo": null, "pais": "COLOMBIA", "dane_dep": 76, "departamen": "VALLE DEL CAUCA", "dane_mpio": 76001, "municipio": "CALI", "cod_comuna": 19.0, "comuna": "Comuna 19", "cod_barrio": 1912.0, "nom_barrio": "3 de Julio", "direccion": "76001 AVENIDA ROOSEVELT 29 72", "sitio": "ESTABLECIMIENTO DE COMERCIO", "x": -76.538986206049998, "y": 3.4311089515700002, "anio": 2025, "mes": "diciembre", "dia": 27, "dia_semana": 7, "hora_hecho": "18:00", "barrio": "3 DE JULIO", "estrato": 4, "geom": "0101000020E6100000000000C07E2253C000000040E9720B40", "fecha_hech": "2025-12-27 00:00:00" }, "geometry": { "type": "Point", "coordinates": [ -76.538986206049998, 3.43110895157 ] } },
{ "type": "Feature", "properties": { "dinamica": "HURTO", "titulo": "DELITOS CONTRA EL PATRIMONIO ECONOMICO", "capitulo": "DEL HURTO", "articulo": "HURTO. ART. 239 C.P.", "grado_deli": "AGRAVADO", "tipo_notic": "DENUNCIA", "caracteriz": "HURTO A PERSONAS", "modalidad": "COSQUILLEO", "modo": null, "motivo": null, "pais": "COLOMBIA", "dane_dep": 76, "departamen": "VALLE DEL CAUCA", "dane_mpio": 76001, "municipio": "CALI", "cod_comuna": 19.0, "comuna": "Comuna 19", "cod_barrio": 1912.0, "nom_barrio": "3 de Julio", "direccion": "76001 CL 6 SUR CON CON KR 34 CALLE 6 CARRERA 34", "sitio": "SIN INFORMACION", "x": -76.53914642334, "y": 3.4284999370599998, "anio": 2025, "mes": "diciembre", "dia": 28, "dia_semana": 1, "hora_hecho": "03:30", "barrio": null, "estrato": 4, "geom": "0101000020E610000000000060812253C000000060916D0B40", "fecha_hech": "2025-12-28 00:00:00" }, "geometry": { "type": "Point", "coordinates": [ -76.53914642334, 3.42849993706 ] } },
{ "type": "Feature", "properties": { "dinamica": "HURTO", "titulo": "DELITOS CONTRA EL PATRIMONIO ECONOMICO", "capitulo": "DEL HURTO", "articulo": "HURTO CALIFICADO. ART. 240 C.P.", "grado_deli": "NINGUNO", "tipo_notic": "DENUNCIA", "caracteriz": "HURTO A PERSONAS", "modalidad": "ATRACO", "modo": "SIN ARMA", "motivo": null, "pais": "COLOMBIA", "dane_dep": 76, "departamen": "VALLE DEL CAUCA", "dane_mpio": 76001, "municipio": "CALI", "cod_comuna": 19.0, "comuna": "Comuna 19", "cod_barrio": 1913.0, "nom_barrio": "El Cedro", "direccion": "76001 BANCO DE BOGOTÁ AV ROOSEVELT", "sitio": "VIA PUBLICA", "x": -76.538703, "y": 3.434703, "anio": 2026, "mes": "enero", "dia": 6, "dia_semana": 3, "hora_hecho": "09:05", "barrio": "EL CEDRO", "estrato": 4, "geom": "0101000020E610000074D0251C7A2253C0E2C80391457A0B40", "fecha_hech": "2026-01-06 00:00:00" }, "geometry": { "type": "Point", "coordinates": [ -76.538703, 3.434703 ] } },
{ "type": "Feature", "properties": { "dinamica": "HURTO", "titulo": "DELITOS CONTRA EL PATRIMONIO ECONOMICO", "capitulo": "DEL HURTO", "articulo": "HURTO CALIFICADO. ART. 240 C.P.", "grado_deli": "NINGUNO", "tipo_notic": "DENUNCIA", "caracteriz": "HURTO A PERSONAS", "modalidad": "ATRACO", "modo": "SIN ARMA", "motivo": null, "pais": "COLOMBIA", "dane_dep": 76, "departamen": "VALLE DEL CAUCA", "dane_mpio": 76001, "municipio": "CALI", "cod_comuna": 19.0, "comuna": "Comuna 19", "cod_barrio": 1913.0, "nom_barrio": "El Cedro", "direccion": "76001 BANCO DE BOGOTÁ AV ROOSEVELT", "sitio": "VIA PUBLICA", "x": -76.538703, "y": 3.434703, "anio": 2026, "mes": "enero", "dia": 6, "dia_semana": 3, "hora_hecho": "09:05", "barrio": "EL CEDRO", "estrato": 4, "geom": "0101000020E610000074D0251C7A2253C0E2C80391457A0B40", "fecha_hech": "2026-01-06 00:00:00" }, "geometry": { "type": "Point", "coordinates": [ -76.538703, 3.434703 ] } },
{ "type": "Feature", "properties": { "dinamica": "HURTO", "titulo": "DELITOS CONTRA EL PATRIMONIO ECONOMICO", "capitulo": "DEL HURTO", "articulo": "HURTO CALIFICADO. ART. 240 C.P.", "grado_deli": "NINGUNO", "tipo_notic": "DENUNCIA", "caracteriz": "HURTO A PERSONAS", "modalidad": "ATRACO", "modo": "SIN ARMA", "motivo": null, "pais": "COLOMBIA", "dane_dep": 76, "departamen": "VALLE DEL CAUCA", "dane_mpio": 76001, "municipio": "CALI", "cod_comuna": 19.0, "comuna": "Comuna 19", "cod_barrio": 1913.0, "nom_barrio": "El Cedro", "direccion": "76001 BANCO DE BOGOTÁ AV ROOSEVELT", "sitio": "VIA PUBLICA", "x": -76.538703, "y": 3.434703, "anio": 2026, "mes": "enero", "dia": 6, "dia_semana": 3, "hora_hecho": "09:05", "barrio": "EL CEDRO", "estrato": 4, "geom": "0101000020E610000074D0251C7A2253C0E2C80391457A0B40", "fecha_hech": "2026-01-06 00:00:00" }, "geometry": { "type": "Point", "coordinates": [ -76.538703, 3.434703 ] } },
{ "type": "Feature", "properties": { "dinamica": "HURTO", "titulo": "DELITOS CONTRA EL PATRIMONIO ECONOMICO", "capitulo": "DEL HURTO", "articulo": "HURTO CALIFICADO. ART. 240 C.P.", "grado_deli": "NINGUNO", "tipo_notic": "DENUNCIA", "caracteriz": "HURTO A PERSONAS", "modalidad": "ATRACO", "modo": "SIN ARMA", "motivo": null, "pais": "COLOMBIA", "dane_dep": 76, "departamen": "VALLE DEL CAUCA", "dane_mpio": 76001, "municipio": "CALI", "cod_comuna": 19.0, "comuna": "Comuna 19", "cod_barrio": 1913.0, "nom_barrio": "El Cedro", "direccion": "76001 BANCO DE BOGOTÁ AV ROOSEVELT", "sitio": "VIA PUBLICA", "x": -76.538703, "y": 3.434703, "anio": 2026, "mes": "enero", "dia": 6, "dia_semana": 3, "hora_hecho": "09:05", "barrio": "EL CEDRO", "estrato": 4, "geom": "0101000020E610000074D0251C7A2253C0E2C80391457A0B40", "fecha_hech": "2026-01-06 00:00:00" }, "geometry": { "type": "Point", "coordinates": [ -76.538703, 3.434703 ] } },
{ "type": "Feature", "properties": { "dinamica": "HURTO", "titulo": "DELITOS CONTRA EL PATRIMONIO ECONOMICO", "capitulo": "DEL HURTO", "articulo": "HURTO CALIFICADO. ART. 240 C.P.", "grado_deli": "NINGUNO", "tipo_notic": "DENUNCIA", "caracteriz": "HURTO A PERSONAS", "modalidad": "COSQUILLEO", "modo": null, "motivo": null, "pais": "COLOMBIA", "dane_dep": 76, "departamen": "VALLE DEL CAUCA", "dane_mpio": 76001, "municipio": "CALI", "cod_comuna": 19.0, "comuna": "Comuna 19", "cod_barrio": 1914.0, "nom_barrio": "Champagnat", "direccion": "76001 CALLE 9 32A, BARRIO EUCARISTICO, CALI, VALLE DEL CAUCA", "sitio": "VIA PUBLICA", "x": -76.537467, "y": 3.426109, "anio": 2026, "mes": "enero", "dia": 14, "dia_semana": 4, "hora_hecho": "04:30", "barrio": "EL CEDRO", "estrato": 4, "geom": "0101000020E610000079EBFCDB652253C00740DCD5AB680B40", "fecha_hech": "2026-01-14 00:00:00" }, "geometry": { "type": "Point", "coordinates": [ -76.537467, 3.426109 ] } },
{ "type": "Feature", "properties": { "dinamica": "HURTO", "titulo": "DELITOS CONTRA EL PATRIMONIO ECONOMICO", "capitulo": "DEL HURTO", "articulo": "HURTO CALIFICADO. ART. 240 C.P.", "grado_deli": "NINGUNO", "tipo_notic": "DENUNCIA", "caracteriz": "HURTO A PERSONAS", "modalidad": "COSQUILLEO", "modo": null, "motivo": null, "pais": "COLOMBIA", "dane_dep": 76, "departamen": "VALLE DEL CAUCA", "dane_mpio": 76001, "municipio": "CALI", "cod_comuna": 19.0, "comuna": "Comuna 19", "cod_barrio": 1914.0, "nom_barrio": "Champagnat", "direccion": "76001 CALLE 9 32A, BARRIO EUCARISTICO, CALI, VALLE DEL CAUCA", "sitio": "VIA PUBLICA", "x": -76.537467, "y": 3.426109, "anio": 2026, "mes": "enero", "dia": 14, "dia_semana": 4, "hora_hecho": "04:30", "barrio": "EL CEDRO", "estrato": 4, "geom": "0101000020E610000079EBFCDB652253C00740DCD5AB680B40", "fecha_hech": "2026-01-14 00:00:00" }, "geometry": { "type": "Point", "coordinates": [ -76.537467, 3.426109 ] } },
{ "type": "Feature", "properties": { "dinamica": "HURTO", "titulo": "DELITOS CONTRA EL PATRIMONIO ECONOMICO", "capitulo": "DEL HURTO", "articulo": "HURTO CALIFICADO. ART. 240 C.P.", "grado_deli": "NINGUNO", "tipo_notic": "DENUNCIA", "caracteriz": "HURTO A PERSONAS", "modalidad": "COSQUILLEO", "modo": null, "motivo": null, "pais": "COLOMBIA", "dane_dep": 76, "departamen": "VALLE DEL CAUCA", "dane_mpio": 76001, "municipio": "CALI", "cod_comuna": 19.0, "comuna": "Comuna 19", "cod_barrio": 1914.0, "nom_barrio": "Champagnat", "direccion": "76001 CALLE 9 32A, BARRIO EUCARISTICO, CALI, VALLE DEL CAUCA", "sitio": "VIA PUBLICA", "x": -76.537467, "y": 3.426109, "anio": 2026, "mes": "enero", "dia": 14, "dia_semana": 4, "hora_hecho": "04:30", "barrio": "EL CEDRO", "estrato": 4, "geom": "0101000020E610000079EBFCDB652253C00740DCD5AB680B40", "fecha_hech": "2026-01-14 00:00:00" }, "geometry": { "type": "Point", "coordinates": [ -76.537467, 3.426109 ] } },
{ "type": "Feature", "properties": { "dinamica": "HURTO", "titulo": "DELITOS CONTRA EL PATRIMONIO ECONOMICO", "capitulo": "DEL HURTO", "articulo": "HURTO CALIFICADO. ART. 240 C.P.", "grado_deli": "NINGUNO", "tipo_notic": "DENUNCIA", "caracteriz": "HURTO A PERSONAS", "modalidad": "COSQUILLEO", "modo": null, "motivo": null, "pais": "COLOMBIA", "dane_dep": 76, "departamen": "VALLE DEL CAUCA", "dane_mpio": 76001, "municipio": "CALI", "cod_comuna": 19.0, "comuna": "Comuna 19", "cod_barrio": 1914.0, "nom_barrio": "Champagnat", "direccion": "76001 CALLE 9 32A, BARRIO EUCARISTICO, CALI, VALLE DEL CAUCA", "sitio": "VIA PUBLICA", "x": -76.537467, "y": 3.426109, "anio": 2026, "mes": "enero", "dia": 14, "dia_semana": 4, "hora_hecho": "04:30", "barrio": "EL CEDRO", "estrato": 4, "geom": "0101000020E610000079EBFCDB652253C00740DCD5AB680B40", "fecha_hech": "2026-01-14 00:00:00" }, "geometry": { "type": "Point", "coordinates": [ -76.537467, 3.426109 ] } },
{ "type": "Feature", "properties": { "dinamica": "HURTO", "titulo": "DELITOS CONTRA EL PATRIMONIO ECONOMICO", "capitulo": "DEL HURTO", "articulo": "HURTO CALIFICADO. ART. 240 C.P.", "grado_deli": "NINGUNO", "tipo_notic": "DENUNCIA", "caracteriz": "HURTO DE VEHICULOS", "modalidad": "HALADO", "modo": null, "motivo": null, "pais": "COLOMBIA", "dane_dep": 76, "departamen": "VALLE DEL CAUCA", "dane_mpio": 76001, "municipio": "CALI", "cod_comuna": 19.0, "comuna": "Comuna 19", "cod_barrio": 1913.0, "nom_barrio": "El Cedro", "direccion": "76001 CALLE 7 30A 45, EL CEDRO, CALI, VALLE DEL CAUCA", "sitio": "VIA PUBLICA", "x": -76.538229, "y": 3.429418, "anio": 2026, "mes": "enero", "dia": 15, "dia_semana": 5, "hora_hecho": "10:20", "barrio": "EL CEDRO", "estrato": 4, "geom": "0101000020E610000090300C58722253C0848252B4726F0B40", "fecha_hech": "2026-01-15 00:00:00" }, "geometry": { "type": "Point", "coordinates": [ -76.538229, 3.429418 ] } },
{ "type": "Feature", "properties": { "dinamica": "HURTO", "titulo": "DELITOS CONTRA EL PATRIMONIO ECONOMICO", "capitulo": "DEL HURTO", "articulo": "HURTO CALIFICADO. ART. 240 C.P.", "grado_deli": "NINGUNO", "tipo_notic": "DENUNCIA", "caracteriz": "HURTO DE VEHICULOS", "modalidad": "HALADO", "modo": null, "motivo": null, "pais": "COLOMBIA", "dane_dep": 76, "departamen": "VALLE DEL CAUCA", "dane_mpio": 76001, "municipio": "CALI", "cod_comuna": 19.0, "comuna": "Comuna 19", "cod_barrio": 1913.0, "nom_barrio": "El Cedro", "direccion": "76001 CALLE 7 30A 45, EL CEDRO, CALI, VALLE DEL CAUCA", "sitio": "VIA PUBLICA", "x": -76.538229, "y": 3.429418, "anio": 2026, "mes": "enero", "dia": 15, "dia_semana": 5, "hora_hecho": "10:20", "barrio": "EL CEDRO", "estrato": 4, "geom": "0101000020E610000090300C58722253C0848252B4726F0B40", "fecha_hech": "2026-01-15 00:00:00" }, "geometry": { "type": "Point", "coordinates": [ -76.538229, 3.429418 ] } },
{ "type": "Feature", "properties": { "dinamica": "HURTO", "titulo": "DELITOS CONTRA EL PATRIMONIO ECONOMICO", "capitulo": "DEL HURTO", "articulo": "HURTO CALIFICADO. ART. 240 C.P.", "grado_deli": "NINGUNO", "tipo_notic": "DENUNCIA", "caracteriz": "HURTO DE VEHICULOS", "modalidad": "HALADO", "modo": null, "motivo": null, "pais": "COLOMBIA", "dane_dep": 76, "departamen": "VALLE DEL CAUCA", "dane_mpio": 76001, "municipio": "CALI", "cod_comuna": 19.0, "comuna": "Comuna 19", "cod_barrio": 1913.0, "nom_barrio": "El Cedro", "direccion": "76001 CALLE 7 30A 45, EL CEDRO, CALI, VALLE DEL CAUCA", "sitio": "VIA PUBLICA", "x": -76.538229, "y": 3.429418, "anio": 2026, "mes": "enero", "dia": 15, "dia_semana": 5, "hora_hecho": "10:20", "barrio": "EL CEDRO", "estrato": 4, "geom": "0101000020E610000090300C58722253C0848252B4726F0B40", "fecha_hech": "2026-01-15 00:00:00" }, "geometry": { "type": "Point", "coordinates": [ -76.538229, 3.429418 ] } },
{ "type": "Feature", "properties": { "dinamica": "HURTO", "titulo": "DELITOS CONTRA EL PATRIMONIO ECONOMICO", "capitulo": "DEL HURTO", "articulo": "HURTO CALIFICADO. ART. 240 C.P.", "grado_deli": "NINGUNO", "tipo_notic": "DENUNCIA", "caracteriz": "HURTO DE VEHICULOS", "modalidad": "HALADO", "modo": null, "motivo": null, "pais": "COLOMBIA", "dane_dep": 76, "departamen": "VALLE DEL CAUCA", "dane_mpio": 76001, "municipio": "CALI", "cod_comuna": 19.0, "comuna": "Comuna 19", "cod_barrio": 1913.0, "nom_barrio": "El Cedro", "direccion": "76001 CALLE 7 30A 45, EL CEDRO, CALI, VALLE DEL CAUCA", "sitio": "VIA PUBLICA", "x": -76.538229, "y": 3.429418, "anio": 2026, "mes": "enero", "dia": 15, "dia_semana": 5, "hora_hecho": "10:20", "barrio": "EL CEDRO", "estrato": 4, "geom": "0101000020E610000090300C58722253C0848252B4726F0B40", "fecha_hech": "2026-01-15 00:00:00" }, "geometry": { "type": "Point", "coordinates": [ -76.538229, 3.429418 ] } },
{ "type": "Feature", "properties": { "dinamica": "HURTO", "titulo": "DELITOS CONTRA EL PATRIMONIO ECONOMICO", "capitulo": "DEL HURTO", "articulo": "HURTO CALIFICADO. ART. 240 C.P.", "grado_deli": "NINGUNO", "tipo_notic": "DENUNCIA", "caracteriz": "HURTO A CELULARES", "modalidad": "FACTOR DE OPORTUNIDAD", "modo": null, "motivo": null, "pais": "COLOMBIA", "dane_dep": 76, "departamen": "VALLE DEL CAUCA", "dane_mpio": 76001, "municipio": "CALI", "cod_comuna": 19.0, "comuna": "Comuna 19", "cod_barrio": 1912.0, "nom_barrio": "3 de Julio", "direccion": "76001 AVENIDA ROOSEVELT 29 100", "sitio": "LUGAR DE TRABAJO", "x": -76.538993, "y": 3.430866, "anio": 2026, "mes": "enero", "dia": 19, "dia_semana": 2, "hora_hecho": "11:00", "barrio": "3 DE JULIO", "estrato": 4, "geom": "0101000020E610000078F17EDC7E2253C0ACAA97DF69720B40", "fecha_hech": "2026-01-19 00:00:00" }, "geometry": { "type": "Point", "coordinates": [ -76.538993, 3.430866 ] } },
{ "type": "Feature", "properties": { "dinamica": "HURTO", "titulo": "DELITOS CONTRA EL PATRIMONIO ECONOMICO", "capitulo": "DEL HURTO", "articulo": "HURTO CALIFICADO. ART. 240 C.P.", "grado_deli": "NINGUNO", "tipo_notic": "DENUNCIA", "caracteriz": "HURTO A CELULARES", "modalidad": "FACTOR DE OPORTUNIDAD", "modo": null, "motivo": null, "pais": "COLOMBIA", "dane_dep": 76, "departamen": "VALLE DEL CAUCA", "dane_mpio": 76001, "municipio": "CALI", "cod_comuna": 19.0, "comuna": "Comuna 19", "cod_barrio": 1912.0, "nom_barrio": "3 de Julio", "direccion": "76001 AVENIDA ROOSEVELT 29 100", "sitio": "LUGAR DE TRABAJO", "x": -76.538993, "y": 3.430866, "anio": 2026, "mes": "enero", "dia": 19, "dia_semana": 2, "hora_hecho": "11:00", "barrio": "3 DE JULIO", "estrato": 4, "geom": "0101000020E610000078F17EDC7E2253C0ACAA97DF69720B40", "fecha_hech": "2026-01-19 00:00:00" }, "geometry": { "type": "Point", "coordinates": [ -76.538993, 3.430866 ] } },
{ "type": "Feature", "properties": { "dinamica": "HURTO", "titulo": "DELITOS CONTRA EL PATRIMONIO ECONOMICO", "capitulo": "DEL HURTO", "articulo": "HURTO CALIFICADO. ART. 240 C.P.", "grado_deli": "NINGUNO", "tipo_notic": "DENUNCIA", "caracteriz": "HURTO A CELULARES", "modalidad": "FACTOR DE OPORTUNIDAD", "modo": null, "motivo": null, "pais": "COLOMBIA", "dane_dep": 76, "departamen": "VALLE DEL CAUCA", "dane_mpio": 76001, "municipio": "CALI", "cod_comuna": 19.0, "comuna": "Comuna 19", "cod_barrio": 1912.0, "nom_barrio": "3 de Julio", "direccion": "76001 AVENIDA ROOSEVELT 29 100", "sitio": "LUGAR DE TRABAJO", "x": -76.538993, "y": 3.430866, "anio": 2026, "mes": "enero", "dia": 19, "dia_semana": 2, "hora_hecho": "11:00", "barrio": "3 DE JULIO", "estrato": 4, "geom": "0101000020E610000078F17EDC7E2253C0ACAA97DF69720B40", "fecha_hech": "2026-01-19 00:00:00" }, "geometry": { "type": "Point", "coordinates": [ -76.538993, 3.430866 ] } },
{ "type": "Feature", "properties": { "dinamica": "HURTO", "titulo": "DELITOS CONTRA EL PATRIMONIO ECONOMICO", "capitulo": "DEL HURTO", "articulo": "HURTO CALIFICADO. ART. 240 C.P.", "grado_deli": "NINGUNO", "tipo_notic": "DENUNCIA", "caracteriz": "HURTO A CELULARES", "modalidad": "FACTOR DE OPORTUNIDAD", "modo": null, "motivo": null, "pais": "COLOMBIA", "dane_dep": 76, "departamen": "VALLE DEL CAUCA", "dane_mpio": 76001, "municipio": "CALI", "cod_comuna": 19.0, "comuna": "Comuna 19", "cod_barrio": 1912.0, "nom_barrio": "3 de Julio", "direccion": "76001 AVENIDA ROOSEVELT 29 100", "sitio": "LUGAR DE TRABAJO", "x": -76.538993, "y": 3.430866, "anio": 2026, "mes": "enero", "dia": 19, "dia_semana": 2, "hora_hecho": "11:00", "barrio": "3 DE JULIO", "estrato": 4, "geom": "0101000020E610000078F17EDC7E2253C0ACAA97DF69720B40", "fecha_hech": "2026-01-19 00:00:00" }, "geometry": { "type": "Point", "coordinates": [ -76.538993, 3.430866 ] } },
{ "type": "Feature", "properties": { "dinamica": "HURTO", "titulo": "DELITOS CONTRA EL PATRIMONIO ECONOMICO", "capitulo": "DEL HURTO", "articulo": "HURTO CALIFICADO. ART. 240 C.P.", "grado_deli": "NINGUNO", "tipo_notic": "DENUNCIA", "caracteriz": "HURTO A PERSONAS", "modalidad": "ATRACO", "modo": "ARMA BLANCA", "motivo": null, "pais": "COLOMBIA", "dane_dep": 76, "departamen": "VALLE DEL CAUCA", "dane_mpio": 76001, "municipio": "CALI", "cod_comuna": 19.0, "comuna": "Comuna 19", "cod_barrio": 1905.0, "nom_barrio": "Eucaristico", "direccion": "76001 CARRERA 36, SAN FERNANDO NUEVO, CALI, VALLE DEL CAUCA", "sitio": "VIA PUBLICA", "x": -76.539627, "y": 3.426723, "anio": 2026, "mes": "enero", "dia": 20, "dia_semana": 3, "hora_hecho": "16:30", "barrio": "BARRIO EUCARÍSTICO", "estrato": 4, "geom": "0101000020E61000007842AF3F892253C0AA9B8BBFED690B40", "fecha_hech": "2026-01-20 00:00:00" }, "geometry": { "type": "Point", "coordinates": [ -76.539627, 3.426723 ] } },
{ "type": "Feature", "properties": { "dinamica": "HURTO", "titulo": "DELITOS CONTRA EL PATRIMONIO ECONOMICO", "capitulo": "DEL HURTO", "articulo": "HURTO CALIFICADO. ART. 240 C.P.", "grado_deli": "NINGUNO", "tipo_notic": "DENUNCIA", "caracteriz": "HURTO A PERSONAS", "modalidad": "ATRACO", "modo": "ARMA BLANCA", "motivo": null, "pais": "COLOMBIA", "dane_dep": 76, "departamen": "VALLE DEL CAUCA", "dane_mpio": 76001, "municipio": "CALI", "cod_comuna": 19.0, "comuna": "Comuna 19", "cod_barrio": 1905.0, "nom_barrio": "Eucaristico", "direccion": "76001 CARRERA 36, SAN FERNANDO NUEVO, CALI, VALLE DEL CAUCA", "sitio": "VIA PUBLICA", "x": -76.539627, "y": 3.426723, "anio": 2026, "mes": "enero", "dia": 20, "dia_semana": 3, "hora_hecho": "16:30", "barrio": "BARRIO EUCARÍSTICO", "estrato": 4, "geom": "0101000020E61000007842AF3F892253C0AA9B8BBFED690B40", "fecha_hech": "2026-01-20 00:00:00" }, "geometry": { "type": "Point", "coordinates": [ -76.539627, 3.426723 ] } },
{ "type": "Feature", "properties": { "dinamica": "HURTO", "titulo": "DELITOS CONTRA EL PATRIMONIO ECONOMICO", "capitulo": "DEL HURTO", "articulo": "HURTO CALIFICADO. ART. 240 C.P.", "grado_deli": "NINGUNO", "tipo_notic": "DENUNCIA", "caracteriz": "HURTO A PERSONAS", "modalidad": "ATRACO", "modo": "ARMA BLANCA", "motivo": null, "pais": "COLOMBIA", "dane_dep": 76, "departamen": "VALLE DEL CAUCA", "dane_mpio": 76001, "municipio": "CALI", "cod_comuna": 19.0, "comuna": "Comuna 19", "cod_barrio": 1905.0, "nom_barrio": "Eucaristico", "direccion": "76001 CARRERA 36, SAN FERNANDO NUEVO, CALI, VALLE DEL CAUCA", "sitio": "VIA PUBLICA", "x": -76.539627, "y": 3.426723, "anio": 2026, "mes": "enero", "dia": 20, "dia_semana": 3, "hora_hecho": "16:30", "barrio": "BARRIO EUCARÍSTICO", "estrato": 4, "geom": "0101000020E61000007842AF3F892253C0AA9B8BBFED690B40", "fecha_hech": "2026-01-20 00:00:00" }, "geometry": { "type": "Point", "coordinates": [ -76.539627, 3.426723 ] } },
{ "type": "Feature", "properties": { "dinamica": "HURTO", "titulo": "DELITOS CONTRA EL PATRIMONIO ECONOMICO", "capitulo": "DEL HURTO", "articulo": "HURTO CALIFICADO. ART. 240 C.P.", "grado_deli": "NINGUNO", "tipo_notic": "DENUNCIA", "caracteriz": "HURTO A PERSONAS", "modalidad": "ATRACO", "modo": "ARMA BLANCA", "motivo": null, "pais": "COLOMBIA", "dane_dep": 76, "departamen": "VALLE DEL CAUCA", "dane_mpio": 76001, "municipio": "CALI", "cod_comuna": 19.0, "comuna": "Comuna 19", "cod_barrio": 1905.0, "nom_barrio": "Eucaristico", "direccion": "76001 CARRERA 36, SAN FERNANDO NUEVO, CALI, VALLE DEL CAUCA", "sitio": "VIA PUBLICA", "x": -76.539627, "y": 3.426723, "anio": 2026, "mes": "enero", "dia": 20, "dia_semana": 3, "hora_hecho": "16:30", "barrio": "BARRIO EUCARÍSTICO", "estrato": 4, "geom": "0101000020E61000007842AF3F892253C0AA9B8BBFED690B40", "fecha_hech": "2026-01-20 00:00:00" }, "geometry": { "type": "Point", "coordinates": [ -76.539627, 3.426723 ] } },
{ "type": "Feature", "properties": { "dinamica": "HURTO", "titulo": "DELITOS CONTRA EL PATRIMONIO ECONOMICO", "capitulo": "DEL HURTO", "articulo": "HURTO CALIFICADO. ART. 240 C.P.", "grado_deli": "AGRAVADO", "tipo_notic": "DENUNCIA", "caracteriz": "HURTO DE MOTOCICLETAS", "modalidad": "ATRACO", "modo": "ARMA DE FUEGO", "motivo": null, "pais": "COLOMBIA", "dane_dep": 76, "departamen": "VALLE DEL CAUCA", "dane_mpio": 76001, "municipio": "CALI", "cod_comuna": 19.0, "comuna": "Comuna 19", "cod_barrio": 1912.0, "nom_barrio": "3 de Julio", "direccion": "76001 CALLE 6 31 CON CARRERA 31 6, 3 DE JULIO, CALI, VALLE DEL CAUCA", "sitio": "VIA PUBLICA", "x": -76.539039, "y": 3.429338, "anio": 2026, "mes": "enero", "dia": 22, "dia_semana": 5, "hora_hecho": "22:05", "barrio": "3 DE JULIO", "estrato": 4, "geom": "0101000020E610000030116F9D7F2253C0BD70E7C2486F0B40", "fecha_hech": "2026-01-22 00:00:00" }, "geometry": { "type": "Point", "coordinates": [ -76.539039, 3.429338 ] } },
{ "type": "Feature", "properties": { "dinamica": "HURTO", "titulo": "DELITOS CONTRA EL PATRIMONIO ECONOMICO", "capitulo": "DEL HURTO", "articulo": "HURTO CALIFICADO. ART. 240 C.P.", "grado_deli": "AGRAVADO", "tipo_notic": "DENUNCIA", "caracteriz": "HURTO DE MOTOCICLETAS", "modalidad": "ATRACO", "modo": "ARMA DE FUEGO", "motivo": null, "pais": "COLOMBIA", "dane_dep": 76, "departamen": "VALLE DEL CAUCA", "dane_mpio": 76001, "municipio": "CALI", "cod_comuna": 19.0, "comuna": "Comuna 19", "cod_barrio": 1912.0, "nom_barrio": "3 de Julio", "direccion": "76001 CALLE 6 31 CON CARRERA 31 6, 3 DE JULIO, CALI, VALLE DEL CAUCA", "sitio": "VIA PUBLICA", "x": -76.539039, "y": 3.429338, "anio": 2026, "mes": "enero", "dia": 22, "dia_semana": 5, "hora_hecho": "22:05", "barrio": "3 DE JULIO", "estrato": 4, "geom": "0101000020E610000030116F9D7F2253C0BD70E7C2486F0B40", "fecha_hech": "2026-01-22 00:00:00" }, "geometry": { "type": "Point", "coordinates": [ -76.539039, 3.429338 ] } },
{ "type": "Feature", "properties": { "dinamica": "HURTO", "titulo": "DELITOS CONTRA EL PATRIMONIO ECONOMICO", "capitulo": "DEL HURTO", "articulo": "HURTO CALIFICADO. ART. 240 C.P.", "grado_deli": "AGRAVADO", "tipo_notic": "DENUNCIA", "caracteriz": "HURTO DE MOTOCICLETAS", "modalidad": "ATRACO", "modo": "ARMA DE FUEGO", "motivo": null, "pais": "COLOMBIA", "dane_dep": 76, "departamen": "VALLE DEL CAUCA", "dane_mpio": 76001, "municipio": "CALI", "cod_comuna": 19.0, "comuna": "Comuna 19", "cod_barrio": 1912.0, "nom_barrio": "3 de Julio", "direccion": "76001 CALLE 6 31 CON CARRERA 31 6, 3 DE JULIO, CALI, VALLE DEL CAUCA", "sitio": "VIA PUBLICA", "x": -76.539039, "y": 3.429338, "anio": 2026, "mes": "enero", "dia": 22, "dia_semana": 5, "hora_hecho": "22:05", "barrio": "3 DE JULIO", "estrato": 4, "geom": "0101000020E610000030116F9D7F2253C0BD70E7C2486F0B40", "fecha_hech": "2026-01-22 00:00:00" }, "geometry": { "type": "Point", "coordinates": [ -76.539039, 3.429338 ] } },
{ "type": "Feature", "properties": { "dinamica": "HURTO", "titulo": "DELITOS CONTRA EL PATRIMONIO ECONOMICO", "capitulo": "DEL HURTO", "articulo": "HURTO CALIFICADO. ART. 240 C.P.", "grado_deli": "AGRAVADO", "tipo_notic": "DENUNCIA", "caracteriz": "HURTO DE MOTOCICLETAS", "modalidad": "ATRACO", "modo": "ARMA DE FUEGO", "motivo": null, "pais": "COLOMBIA", "dane_dep": 76, "departamen": "VALLE DEL CAUCA", "dane_mpio": 76001, "municipio": "CALI", "cod_comuna": 19.0, "comuna": "Comuna 19", "cod_barrio": 1912.0, "nom_barrio": "3 de Julio", "direccion": "76001 CALLE 6 31 CON CARRERA 31 6, 3 DE JULIO, CALI, VALLE DEL CAUCA", "sitio": "VIA PUBLICA", "x": -76.539039, "y": 3.429338, "anio": 2026, "mes": "enero", "dia": 22, "dia_semana": 5, "hora_hecho": "22:05", "barrio": "3 DE JULIO", "estrato": 4, "geom": "0101000020E610000030116F9D7F2253C0BD70E7C2486F0B40", "fecha_hech": "2026-01-22 00:00:00" }, "geometry": { "type": "Point", "coordinates": [ -76.539039, 3.429338 ] } },
{ "type": "Feature", "properties": { "dinamica": "HURTO", "titulo": "DELITOS CONTRA EL PATRIMONIO ECONOMICO", "capitulo": "DEL HURTO", "articulo": "HURTO. ART. 239 C.P.", "grado_deli": "NINGUNO", "tipo_notic": "DENUNCIA", "caracteriz": "HURTO A CELULARES", "modalidad": "FACTOR DE OPORTUNIDAD", "modo": null, "motivo": null, "pais": "COLOMBIA", "dane_dep": 76, "departamen": "VALLE DEL CAUCA", "dane_mpio": 76001, "municipio": "CALI", "cod_comuna": 19.0, "comuna": "Comuna 19", "cod_barrio": 1912.0, "nom_barrio": "3 de Julio", "direccion": "76001 CALLE 6 24 80, 3 DE JULIO, CALI, VALLE DEL CAUCA", "sitio": "ESTABLECIMIENTO PUBLICO", "x": -76.538759, "y": 3.436247, "anio": 2026, "mes": "enero", "dia": 23, "dia_semana": 6, "hora_hecho": "05:00", "barrio": "3 DE JULIO", "estrato": 4, "geom": "0101000020E61000003E5B07077B2253C02CD32F116F7D0B40", "fecha_hech": "2026-01-23 00:00:00" }, "geometry": { "type": "Point", "coordinates": [ -76.538759, 3.436247 ] } },
{ "type": "Feature", "properties": { "dinamica": "HURTO", "titulo": "DELITOS CONTRA EL PATRIMONIO ECONOMICO", "capitulo": "DEL HURTO", "articulo": "HURTO. ART. 239 C.P.", "grado_deli": "NINGUNO", "tipo_notic": "DENUNCIA", "caracteriz": "HURTO A CELULARES", "modalidad": "FACTOR DE OPORTUNIDAD", "modo": null, "motivo": null, "pais": "COLOMBIA", "dane_dep": 76, "departamen": "VALLE DEL CAUCA", "dane_mpio": 76001, "municipio": "CALI", "cod_comuna": 19.0, "comuna": "Comuna 19", "cod_barrio": 1912.0, "nom_barrio": "3 de Julio", "direccion": "76001 CALLE 6 24 80, 3 DE JULIO, CALI, VALLE DEL CAUCA", "sitio": "ESTABLECIMIENTO PUBLICO", "x": -76.538759, "y": 3.436247, "anio": 2026, "mes": "enero", "dia": 23, "dia_semana": 6, "hora_hecho": "05:00", "barrio": "3 DE JULIO", "estrato": 4, "geom": "0101000020E61000003E5B07077B2253C02CD32F116F7D0B40", "fecha_hech": "2026-01-23 00:00:00" }, "geometry": { "type": "Point", "coordinates": [ -76.538759, 3.436247 ] } },
{ "type": "Feature", "properties": { "dinamica": "HURTO", "titulo": "DELITOS CONTRA EL PATRIMONIO ECONOMICO", "capitulo": "DEL HURTO", "articulo": "HURTO. ART. 239 C.P.", "grado_deli": "NINGUNO", "tipo_notic": "DENUNCIA", "caracteriz": "HURTO A CELULARES", "modalidad": "FACTOR DE OPORTUNIDAD", "modo": null, "motivo": null, "pais": "COLOMBIA", "dane_dep": 76, "departamen": "VALLE DEL CAUCA", "dane_mpio": 76001, "municipio": "CALI", "cod_comuna": 19.0, "comuna": "Comuna 19", "cod_barrio": 1912.0, "nom_barrio": "3 de Julio", "direccion": "76001 CALLE 6 24 80, 3 DE JULIO, CALI, VALLE DEL CAUCA", "sitio": "ESTABLECIMIENTO PUBLICO", "x": -76.538759, "y": 3.436247, "anio": 2026, "mes": "enero", "dia": 23, "dia_semana": 6, "hora_hecho": "05:00", "barrio": "3 DE JULIO", "estrato": 4, "geom": "0101000020E61000003E5B07077B2253C02CD32F116F7D0B40", "fecha_hech": "2026-01-23 00:00:00" }, "geometry": { "type": "Point", "coordinates": [ -76.538759, 3.436247 ] } },
{ "type": "Feature", "properties": { "dinamica": "HURTO", "titulo": "DELITOS CONTRA EL PATRIMONIO ECONOMICO", "capitulo": "DEL HURTO", "articulo": "HURTO. ART. 239 C.P.", "grado_deli": "NINGUNO", "tipo_notic": "DENUNCIA", "caracteriz": "HURTO A CELULARES", "modalidad": "FACTOR DE OPORTUNIDAD", "modo": null, "motivo": null, "pais": "COLOMBIA", "dane_dep": 76, "departamen": "VALLE DEL CAUCA", "dane_mpio": 76001, "municipio": "CALI", "cod_comuna": 19.0, "comuna": "Comuna 19", "cod_barrio": 1912.0, "nom_barrio": "3 de Julio", "direccion": "76001 CALLE 6 24 80, 3 DE JULIO, CALI, VALLE DEL CAUCA", "sitio": "ESTABLECIMIENTO PUBLICO", "x": -76.538759, "y": 3.436247, "anio": 2026, "mes": "enero", "dia": 23, "dia_semana": 6, "hora_hecho": "05:00", "barrio": "3 DE JULIO", "estrato": 4, "geom": "0101000020E61000003E5B07077B2253C02CD32F116F7D0B40", "fecha_hech": "2026-01-23 00:00:00" }, "geometry": { "type": "Point", "coordinates": [ -76.538759, 3.436247 ] } },
{ "type": "Feature", "properties": { "dinamica": "HURTO", "titulo": "DELITOS CONTRA EL PATRIMONIO ECONOMICO", "capitulo": "DEL HURTO", "articulo": "HURTO. ART. 239 C.P.", "grado_deli": "NINGUNO", "tipo_notic": "QUERELLA", "caracteriz": "HURTO A PERSONAS", "modalidad": "FACTOR DE OPORTUNIDAD", "modo": null, "motivo": null, "pais": "COLOMBIA", "dane_dep": 76, "departamen": "VALLE DEL CAUCA", "dane_mpio": 76001, "municipio": "CALI", "cod_comuna": 19.0, "comuna": "Comuna 19", "cod_barrio": 1913.0, "nom_barrio": "El Cedro", "direccion": "76001 AVENIDA ROOSEVELT 24A 87", "sitio": "ENTIDAD FINANCIERA", "x": -76.53868, "y": 3.435393, "anio": 2026, "mes": "enero", "dia": 29, "dia_semana": 5, "hora_hecho": "12:31", "barrio": "EL CEDRO", "estrato": 4, "geom": "0101000020E610000098C0ADBB792253C035423F53AF7B0B40", "fecha_hech": "2026-01-29 00:00:00" }, "geometry": { "type": "Point", "coordinates": [ -76.53868, 3.435393 ] } },
{ "type": "Feature", "properties": { "dinamica": "HURTO", "titulo": "DELITOS CONTRA EL PATRIMONIO ECONOMICO", "capitulo": "DEL HURTO", "articulo": "HURTO. ART. 239 C.P.", "grado_deli": "NINGUNO", "tipo_notic": "QUERELLA", "caracteriz": "HURTO A PERSONAS", "modalidad": "FACTOR DE OPORTUNIDAD", "modo": null, "motivo": null, "pais": "COLOMBIA", "dane_dep": 76, "departamen": "VALLE DEL CAUCA", "dane_mpio": 76001, "municipio": "CALI", "cod_comuna": 19.0, "comuna": "Comuna 19", "cod_barrio": 1913.0, "nom_barrio": "El Cedro", "direccion": "76001 AVENIDA ROOSEVELT 24A 87", "sitio": "ENTIDAD FINANCIERA", "x": -76.53868, "y": 3.435393, "anio": 2026, "mes": "enero", "dia": 29, "dia_semana": 5, "hora_hecho": "12:31", "barrio": "EL CEDRO", "estrato": 4, "geom": "0101000020E610000098C0ADBB792253C035423F53AF7B0B40", "fecha_hech": "2026-01-29 00:00:00" }, "geometry": { "type": "Point", "coordinates": [ -76.53868, 3.435393 ] } },
{ "type": "Feature", "properties": { "dinamica": "HURTO", "titulo": "DELITOS CONTRA EL PATRIMONIO ECONOMICO", "capitulo": "DEL HURTO", "articulo": "HURTO. ART. 239 C.P.", "grado_deli": "NINGUNO", "tipo_notic": "QUERELLA", "caracteriz": "HURTO A PERSONAS", "modalidad": "FACTOR DE OPORTUNIDAD", "modo": null, "motivo": null, "pais": "COLOMBIA", "dane_dep": 76, "departamen": "VALLE DEL CAUCA", "dane_mpio": 76001, "municipio": "CALI", "cod_comuna": 19.0, "comuna": "Comuna 19", "cod_barrio": 1913.0, "nom_barrio": "El Cedro", "direccion": "76001 AVENIDA ROOSEVELT 24A 87", "sitio": "ENTIDAD FINANCIERA", "x": -76.53868, "y": 3.435393, "anio": 2026, "mes": "enero", "dia": 29, "dia_semana": 5, "hora_hecho": "12:31", "barrio": "EL CEDRO", "estrato": 4, "geom": "0101000020E610000098C0ADBB792253C035423F53AF7B0B40", "fecha_hech": "2026-01-29 00:00:00" }, "geometry": { "type": "Point", "coordinates": [ -76.53868, 3.435393 ] } },
{ "type": "Feature", "properties": { "dinamica": "HURTO", "titulo": "DELITOS CONTRA EL PATRIMONIO ECONOMICO", "capitulo": "DEL HURTO", "articulo": "HURTO. ART. 239 C.P.", "grado_deli": "NINGUNO", "tipo_notic": "QUERELLA", "caracteriz": "HURTO A PERSONAS", "modalidad": "FACTOR DE OPORTUNIDAD", "modo": null, "motivo": null, "pais": "COLOMBIA", "dane_dep": 76, "departamen": "VALLE DEL CAUCA", "dane_mpio": 76001, "municipio": "CALI", "cod_comuna": 19.0, "comuna": "Comuna 19", "cod_barrio": 1913.0, "nom_barrio": "El Cedro", "direccion": "76001 AVENIDA ROOSEVELT 24A 87", "sitio": "ENTIDAD FINANCIERA", "x": -76.53868, "y": 3.435393, "anio": 2026, "mes": "enero", "dia": 29, "dia_semana": 5, "hora_hecho": "12:31", "barrio": "EL CEDRO", "estrato": 4, "geom": "0101000020E610000098C0ADBB792253C035423F53AF7B0B40", "fecha_hech": "2026-01-29 00:00:00" }, "geometry": { "type": "Point", "coordinates": [ -76.53868, 3.435393 ] } },
{ "type": "Feature", "properties": { "dinamica": "HURTO", "titulo": "DELITOS CONTRA EL PATRIMONIO ECONOMICO", "capitulo": "DEL HURTO", "articulo": "HURTO CALIFICADO. ART. 240 C.P.", "grado_deli": "AGRAVADO", "tipo_notic": "DENUNCIA", "caracteriz": "HURTO A PERSONAS", "modalidad": "ATRACO", "modo": "ARMA DE FUEGO", "motivo": null, "pais": "COLOMBIA", "dane_dep": 76, "departamen": "VALLE DEL CAUCA", "dane_mpio": 76001, "municipio": "CALI", "cod_comuna": 19.0, "comuna": "Comuna 19", "cod_barrio": 1912.0, "nom_barrio": "3 de Julio", "direccion": "76001 BARRIO/LOCALIDAD/COMUNA:3 DE JULIO/COMUNA 19,CALI/VALLE DEL CAUCA,3 DE JULIO", "sitio": "SIN INFORMACION", "x": -76.540096, "y": 3.433103, "anio": 2026, "mes": "enero", "dia": 29, "dia_semana": 5, "hora_hecho": "15:25", "barrio": "3 DE JULIO", "estrato": 4, "geom": "0101000020E6100000D42CD0EE902253C05A65A6B4FE760B40", "fecha_hech": "2026-01-29 00:00:00" }, "geometry": { "type": "Point", "coordinates": [ -76.540096, 3.433103 ] } },
{ "type": "Feature", "properties": { "dinamica": "HURTO", "titulo": "DELITOS CONTRA EL PATRIMONIO ECONOMICO", "capitulo": "DEL HURTO", "articulo": "HURTO CALIFICADO. ART. 240 C.P.", "grado_deli": "AGRAVADO", "tipo_notic": "DENUNCIA", "caracteriz": "HURTO A PERSONAS", "modalidad": "ATRACO", "modo": "ARMA DE FUEGO", "motivo": null, "pais": "COLOMBIA", "dane_dep": 76, "departamen": "VALLE DEL CAUCA", "dane_mpio": 76001, "municipio": "CALI", "cod_comuna": 19.0, "comuna": "Comuna 19", "cod_barrio": 1912.0, "nom_barrio": "3 de Julio", "direccion": "76001 BARRIO/LOCALIDAD/COMUNA:3 DE JULIO/COMUNA 19,CALI/VALLE DEL CAUCA,3 DE JULIO", "sitio": "SIN INFORMACION", "x": -76.540096, "y": 3.433103, "anio": 2026, "mes": "enero", "dia": 29, "dia_semana": 5, "hora_hecho": "15:25", "barrio": "3 DE JULIO", "estrato": 4, "geom": "0101000020E6100000D42CD0EE902253C05A65A6B4FE760B40", "fecha_hech": "2026-01-29 00:00:00" }, "geometry": { "type": "Point", "coordinates": [ -76.540096, 3.433103 ] } },
{ "type": "Feature", "properties": { "dinamica": "HURTO", "titulo": "DELITOS CONTRA EL PATRIMONIO ECONOMICO", "capitulo": "DEL HURTO", "articulo": "HURTO CALIFICADO. ART. 240 C.P.", "grado_deli": "AGRAVADO", "tipo_notic": "DENUNCIA", "caracteriz": "HURTO A PERSONAS", "modalidad": "ATRACO", "modo": "ARMA DE FUEGO", "motivo": null, "pais": "COLOMBIA", "dane_dep": 76, "departamen": "VALLE DEL CAUCA", "dane_mpio": 76001, "municipio": "CALI", "cod_comuna": 19.0, "comuna": "Comuna 19", "cod_barrio": 1912.0, "nom_barrio": "3 de Julio", "direccion": "76001 BARRIO/LOCALIDAD/COMUNA:3 DE JULIO/COMUNA 19,CALI/VALLE DEL CAUCA,3 DE JULIO", "sitio": "SIN INFORMACION", "x": -76.540096, "y": 3.433103, "anio": 2026, "mes": "enero", "dia": 29, "dia_semana": 5, "hora_hecho": "15:25", "barrio": "3 DE JULIO", "estrato": 4, "geom": "0101000020E6100000D42CD0EE902253C05A65A6B4FE760B40", "fecha_hech": "2026-01-29 00:00:00" }, "geometry": { "type": "Point", "coordinates": [ -76.540096, 3.433103 ] } },
{ "type": "Feature", "properties": { "dinamica": "HURTO", "titulo": "DELITOS CONTRA EL PATRIMONIO ECONOMICO", "capitulo": "DEL HURTO", "articulo": "HURTO CALIFICADO. ART. 240 C.P.", "grado_deli": "AGRAVADO", "tipo_notic": "DENUNCIA", "caracteriz": "HURTO A PERSONAS", "modalidad": "ATRACO", "modo": "ARMA DE FUEGO", "motivo": null, "pais": "COLOMBIA", "dane_dep": 76, "departamen": "VALLE DEL CAUCA", "dane_mpio": 76001, "municipio": "CALI", "cod_comuna": 19.0, "comuna": "Comuna 19", "cod_barrio": 1912.0, "nom_barrio": "3 de Julio", "direccion": "76001 BARRIO/LOCALIDAD/COMUNA:3 DE JULIO/COMUNA 19,CALI/VALLE DEL CAUCA,3 DE JULIO", "sitio": "SIN INFORMACION", "x": -76.540096, "y": 3.433103, "anio": 2026, "mes": "enero", "dia": 29, "dia_semana": 5, "hora_hecho": "15:25", "barrio": "3 DE JULIO", "estrato": 4, "geom": "0101000020E6100000D42CD0EE902253C05A65A6B4FE760B40", "fecha_hech": "2026-01-29 00:00:00" }, "geometry": { "type": "Point", "coordinates": [ -76.540096, 3.433103 ] } },
{ "type": "Feature", "properties": { "dinamica": "HURTO", "titulo": "DELITOS CONTRA EL PATRIMONIO ECONOMICO", "capitulo": "DEL HURTO", "articulo": "HURTO CALIFICADO. ART. 240 C.P.", "grado_deli": "NINGUNO", "tipo_notic": "DENUNCIA", "caracteriz": "HURTO A PERSONAS", "modalidad": "FACTOR DE OPORTUNIDAD", "modo": null, "motivo": null, "pais": "COLOMBIA", "dane_dep": 76, "departamen": "VALLE DEL CAUCA", "dane_mpio": 76001, "municipio": "CALI", "cod_comuna": 19.0, "comuna": "Comuna 19", "cod_barrio": 1905.0, "nom_barrio": "Eucaristico", "direccion": "76001 CALLE 9 36BIS 94", "sitio": "VIA PUBLICA", "x": -76.537849, "y": 3.425384, "anio": 2026, "mes": "febrero", "dia": 3, "dia_semana": 3, "hora_hecho": "22:00", "barrio": "BARRIO EUCARÍSTICO", "estrato": 4, "geom": "0101000020E6100000EC4B361E6C2253C0EEEE01BA2F670B40", "fecha_hech": "2026-02-03 00:00:00" }, "geometry": { "type": "Point", "coordinates": [ -76.537849, 3.425384 ] } },
{ "type": "Feature", "properties": { "dinamica": "HURTO", "titulo": "DELITOS CONTRA EL PATRIMONIO ECONOMICO", "capitulo": "DEL HURTO", "articulo": "HURTO CALIFICADO. ART. 240 C.P.", "grado_deli": "NINGUNO", "tipo_notic": "DENUNCIA", "caracteriz": "HURTO A PERSONAS", "modalidad": "FACTOR DE OPORTUNIDAD", "modo": null, "motivo": null, "pais": "COLOMBIA", "dane_dep": 76, "departamen": "VALLE DEL CAUCA", "dane_mpio": 76001, "municipio": "CALI", "cod_comuna": 19.0, "comuna": "Comuna 19", "cod_barrio": 1905.0, "nom_barrio": "Eucaristico", "direccion": "76001 CALLE 9 36BIS 94", "sitio": "VIA PUBLICA", "x": -76.537849, "y": 3.425384, "anio": 2026, "mes": "febrero", "dia": 3, "dia_semana": 3, "hora_hecho": "22:00", "barrio": "BARRIO EUCARÍSTICO", "estrato": 4, "geom": "0101000020E6100000EC4B361E6C2253C0EEEE01BA2F670B40", "fecha_hech": "2026-02-03 00:00:00" }, "geometry": { "type": "Point", "coordinates": [ -76.537849, 3.425384 ] } },
{ "type": "Feature", "properties": { "dinamica": "HURTO", "titulo": "DELITOS CONTRA EL PATRIMONIO ECONOMICO", "capitulo": "DEL HURTO", "articulo": "HURTO CALIFICADO. ART. 240 C.P.", "grado_deli": "NINGUNO", "tipo_notic": "DENUNCIA", "caracteriz": "HURTO A PERSONAS", "modalidad": "FACTOR DE OPORTUNIDAD", "modo": null, "motivo": null, "pais": "COLOMBIA", "dane_dep": 76, "departamen": "VALLE DEL CAUCA", "dane_mpio": 76001, "municipio": "CALI", "cod_comuna": 19.0, "comuna": "Comuna 19", "cod_barrio": 1905.0, "nom_barrio": "Eucaristico", "direccion": "76001 CALLE 9 36BIS 94", "sitio": "VIA PUBLICA", "x": -76.537849, "y": 3.425384, "anio": 2026, "mes": "febrero", "dia": 3, "dia_semana": 3, "hora_hecho": "22:00", "barrio": "BARRIO EUCARÍSTICO", "estrato": 4, "geom": "0101000020E6100000EC4B361E6C2253C0EEEE01BA2F670B40", "fecha_hech": "2026-02-03 00:00:00" }, "geometry": { "type": "Point", "coordinates": [ -76.537849, 3.425384 ] } },
{ "type": "Feature", "properties": { "dinamica": "HURTO", "titulo": "DELITOS CONTRA EL PATRIMONIO ECONOMICO", "capitulo": "DEL HURTO", "articulo": "HURTO CALIFICADO. ART. 240 C.P.", "grado_deli": "NINGUNO", "tipo_notic": "DENUNCIA", "caracteriz": "HURTO A PERSONAS", "modalidad": "FACTOR DE OPORTUNIDAD", "modo": null, "motivo": null, "pais": "COLOMBIA", "dane_dep": 76, "departamen": "VALLE DEL CAUCA", "dane_mpio": 76001, "municipio": "CALI", "cod_comuna": 19.0, "comuna": "Comuna 19", "cod_barrio": 1905.0, "nom_barrio": "Eucaristico", "direccion": "76001 CALLE 9 36BIS 94", "sitio": "VIA PUBLICA", "x": -76.537849, "y": 3.425384, "anio": 2026, "mes": "febrero", "dia": 3, "dia_semana": 3, "hora_hecho": "22:00", "barrio": "BARRIO EUCARÍSTICO", "estrato": 4, "geom": "0101000020E6100000EC4B361E6C2253C0EEEE01BA2F670B40", "fecha_hech": "2026-02-03 00:00:00" }, "geometry": { "type": "Point", "coordinates": [ -76.537849, 3.425384 ] } },
{ "type": "Feature", "properties": { "dinamica": "HURTO", "titulo": "DELITOS CONTRA EL PATRIMONIO ECONOMICO", "capitulo": "DEL HURTO", "articulo": "HURTO CALIFICADO. ART. 240 C.P.", "grado_deli": "NINGUNO", "tipo_notic": "DENUNCIA", "caracteriz": "HURTO A PERSONAS", "modalidad": "VIOLACION DE CERRADURA", "modo": null, "motivo": null, "pais": "COLOMBIA", "dane_dep": 76, "departamen": "VALLE DEL CAUCA", "dane_mpio": 76001, "municipio": "CALI", "cod_comuna": 19.0, "comuna": "Comuna 19", "cod_barrio": 1912.0, "nom_barrio": "3 de Julio", "direccion": "76001 Calle 6 con Carrera 25, 3 de Julio, Cali, Valle del Cauca, COL,3 DE JULIO", "sitio": "SIN INFORMACION", "x": -76.538759, "y": 3.435243, "anio": 2026, "mes": "febrero", "dia": 4, "dia_semana": 4, "hora_hecho": "01:00", "barrio": "3 DE JULIO", "estrato": 4, "geom": "0101000020E61000003E5B07077B2253C0E08096AE607B0B40", "fecha_hech": "2026-02-04 00:00:00" }, "geometry": { "type": "Point", "coordinates": [ -76.538759, 3.435243 ] } },
{ "type": "Feature", "properties": { "dinamica": "HURTO", "titulo": "DELITOS CONTRA EL PATRIMONIO ECONOMICO", "capitulo": "DEL HURTO", "articulo": "HURTO CALIFICADO. ART. 240 C.P.", "grado_deli": "NINGUNO", "tipo_notic": "DENUNCIA", "caracteriz": "HURTO A PERSONAS", "modalidad": "VIOLACION DE CERRADURA", "modo": null, "motivo": null, "pais": "COLOMBIA", "dane_dep": 76, "departamen": "VALLE DEL CAUCA", "dane_mpio": 76001, "municipio": "CALI", "cod_comuna": 19.0, "comuna": "Comuna 19", "cod_barrio": 1912.0, "nom_barrio": "3 de Julio", "direccion": "76001 Calle 6 con Carrera 25, 3 de Julio, Cali, Valle del Cauca, COL,3 DE JULIO", "sitio": "SIN INFORMACION", "x": -76.538759, "y": 3.435243, "anio": 2026, "mes": "febrero", "dia": 4, "dia_semana": 4, "hora_hecho": "01:00", "barrio": "3 DE JULIO", "estrato": 4, "geom": "0101000020E61000003E5B07077B2253C0E08096AE607B0B40", "fecha_hech": "2026-02-04 00:00:00" }, "geometry": { "type": "Point", "coordinates": [ -76.538759, 3.435243 ] } },
{ "type": "Feature", "properties": { "dinamica": "HURTO", "titulo": "DELITOS CONTRA EL PATRIMONIO ECONOMICO", "capitulo": "DEL HURTO", "articulo": "HURTO CALIFICADO. ART. 240 C.P.", "grado_deli": "NINGUNO", "tipo_notic": "DENUNCIA", "caracteriz": "HURTO A PERSONAS", "modalidad": "VIOLACION DE CERRADURA", "modo": null, "motivo": null, "pais": "COLOMBIA", "dane_dep": 76, "departamen": "VALLE DEL CAUCA", "dane_mpio": 76001, "municipio": "CALI", "cod_comuna": 19.0, "comuna": "Comuna 19", "cod_barrio": 1912.0, "nom_barrio": "3 de Julio", "direccion": "76001 Calle 6 con Carrera 25, 3 de Julio, Cali, Valle del Cauca, COL,3 DE JULIO", "sitio": "SIN INFORMACION", "x": -76.538759, "y": 3.435243, "anio": 2026, "mes": "febrero", "dia": 4, "dia_semana": 4, "hora_hecho": "01:00", "barrio": "3 DE JULIO", "estrato": 4, "geom": "0101000020E61000003E5B07077B2253C0E08096AE607B0B40", "fecha_hech": "2026-02-04 00:00:00" }, "geometry": { "type": "Point", "coordinates": [ -76.538759, 3.435243 ] } },
{ "type": "Feature", "properties": { "dinamica": "HURTO", "titulo": "DELITOS CONTRA EL PATRIMONIO ECONOMICO", "capitulo": "DEL HURTO", "articulo": "HURTO CALIFICADO. ART. 240 C.P.", "grado_deli": "NINGUNO", "tipo_notic": "DENUNCIA", "caracteriz": "HURTO A PERSONAS", "modalidad": "VIOLACION DE CERRADURA", "modo": null, "motivo": null, "pais": "COLOMBIA", "dane_dep": 76, "departamen": "VALLE DEL CAUCA", "dane_mpio": 76001, "municipio": "CALI", "cod_comuna": 19.0, "comuna": "Comuna 19", "cod_barrio": 1912.0, "nom_barrio": "3 de Julio", "direccion": "76001 Calle 6 con Carrera 25, 3 de Julio, Cali, Valle del Cauca, COL,3 DE JULIO", "sitio": "SIN INFORMACION", "x": -76.538759, "y": 3.435243, "anio": 2026, "mes": "febrero", "dia": 4, "dia_semana": 4, "hora_hecho": "01:00", "barrio": "3 DE JULIO", "estrato": 4, "geom": "0101000020E61000003E5B07077B2253C0E08096AE607B0B40", "fecha_hech": "2026-02-04 00:00:00" }, "geometry": { "type": "Point", "coordinates": [ -76.538759, 3.435243 ] } },
{ "type": "Feature", "properties": { "dinamica": "HURTO", "titulo": "DELITOS CONTRA EL PATRIMONIO ECONOMICO", "capitulo": "DEL HURTO", "articulo": "HURTO. ART. 239 C.P.", "grado_deli": "AGRAVADO", "tipo_notic": "DENUNCIA", "caracteriz": "HURTO A PERSONAS", "modalidad": "FACTOR DE OPORTUNIDAD", "modo": null, "motivo": null, "pais": "COLOMBIA", "dane_dep": 76, "departamen": "VALLE DEL CAUCA", "dane_mpio": 76001, "municipio": "CALI", "cod_comuna": 19.0, "comuna": "Comuna 19", "cod_barrio": 1913.0, "nom_barrio": "El Cedro", "direccion": "76001 Carrera 24 6A 53, El Cedro, Cali, Valle del Cauca, COL,EL CEDRO", "sitio": "SIN INFORMACION", "x": -76.537296, "y": 3.436494, "anio": 2026, "mes": "febrero", "dia": 5, "dia_semana": 5, "hora_hecho": "21:00", "barrio": "EL CEDRO", "estrato": 4, "geom": "0101000020E61000006211C30E632253C0A933F790F07D0B40", "fecha_hech": "2026-02-05 00:00:00" }, "geometry": { "type": "Point", "coordinates": [ -76.537296, 3.436494 ] } },
{ "type": "Feature", "properties": { "dinamica": "HURTO", "titulo": "DELITOS CONTRA EL PATRIMONIO ECONOMICO", "capitulo": "DEL HURTO", "articulo": "HURTO. ART. 239 C.P.", "grado_deli": "AGRAVADO", "tipo_notic": "DENUNCIA", "caracteriz": "HURTO A PERSONAS", "modalidad": "FACTOR DE OPORTUNIDAD", "modo": null, "motivo": null, "pais": "COLOMBIA", "dane_dep": 76, "departamen": "VALLE DEL CAUCA", "dane_mpio": 76001, "municipio": "CALI", "cod_comuna": 19.0, "comuna": "Comuna 19", "cod_barrio": 1913.0, "nom_barrio": "El Cedro", "direccion": "76001 Carrera 24 6A 53, El Cedro, Cali, Valle del Cauca, COL,EL CEDRO", "sitio": "SIN INFORMACION", "x": -76.537296, "y": 3.436494, "anio": 2026, "mes": "febrero", "dia": 5, "dia_semana": 5, "hora_hecho": "21:00", "barrio": "EL CEDRO", "estrato": 4, "geom": "0101000020E61000006211C30E632253C0A933F790F07D0B40", "fecha_hech": "2026-02-05 00:00:00" }, "geometry": { "type": "Point", "coordinates": [ -76.537296, 3.436494 ] } },
{ "type": "Feature", "properties": { "dinamica": "HURTO", "titulo": "DELITOS CONTRA EL PATRIMONIO ECONOMICO", "capitulo": "DEL HURTO", "articulo": "HURTO. ART. 239 C.P.", "grado_deli": "AGRAVADO", "tipo_notic": "DENUNCIA", "caracteriz": "HURTO A PERSONAS", "modalidad": "FACTOR DE OPORTUNIDAD", "modo": null, "motivo": null, "pais": "COLOMBIA", "dane_dep": 76, "departamen": "VALLE DEL CAUCA", "dane_mpio": 76001, "municipio": "CALI", "cod_comuna": 19.0, "comuna": "Comuna 19", "cod_barrio": 1913.0, "nom_barrio": "El Cedro", "direccion": "76001 Carrera 24 6A 53, El Cedro, Cali, Valle del Cauca, COL,EL CEDRO", "sitio": "SIN INFORMACION", "x": -76.537296, "y": 3.436494, "anio": 2026, "mes": "febrero", "dia": 5, "dia_semana": 5, "hora_hecho": "21:00", "barrio": "EL CEDRO", "estrato": 4, "geom": "0101000020E61000006211C30E632253C0A933F790F07D0B40", "fecha_hech": "2026-02-05 00:00:00" }, "geometry": { "type": "Point", "coordinates": [ -76.537296, 3.436494 ] } },
{ "type": "Feature", "properties": { "dinamica": "HURTO", "titulo": "DELITOS CONTRA EL PATRIMONIO ECONOMICO", "capitulo": "DEL HURTO", "articulo": "HURTO. ART. 239 C.P.", "grado_deli": "AGRAVADO", "tipo_notic": "DENUNCIA", "caracteriz": "HURTO A PERSONAS", "modalidad": "FACTOR DE OPORTUNIDAD", "modo": null, "motivo": null, "pais": "COLOMBIA", "dane_dep": 76, "departamen": "VALLE DEL CAUCA", "dane_mpio": 76001, "municipio": "CALI", "cod_comuna": 19.0, "comuna": "Comuna 19", "cod_barrio": 1913.0, "nom_barrio": "El Cedro", "direccion": "76001 Carrera 24 6A 53, El Cedro, Cali, Valle del Cauca, COL,EL CEDRO", "sitio": "SIN INFORMACION", "x": -76.537296, "y": 3.436494, "anio": 2026, "mes": "febrero", "dia": 5, "dia_semana": 5, "hora_hecho": "21:00", "barrio": "EL CEDRO", "estrato": 4, "geom": "0101000020E61000006211C30E632253C0A933F790F07D0B40", "fecha_hech": "2026-02-05 00:00:00" }, "geometry": { "type": "Point", "coordinates": [ -76.537296, 3.436494 ] } },
{ "type": "Feature", "properties": { "dinamica": "HURTO", "titulo": "DELITOS CONTRA EL PATRIMONIO ECONOMICO", "capitulo": "DEL HURTO", "articulo": "HURTO CALIFICADO. ART. 240 C.P.", "grado_deli": "AGRAVADO", "tipo_notic": "DENUNCIA", "caracteriz": "HURTO DE MOTOCICLETAS", "modalidad": "ATRACO", "modo": "ARMA DE FUEGO", "motivo": null, "pais": "COLOMBIA", "dane_dep": 76, "departamen": "VALLE DEL CAUCA", "dane_mpio": 76001, "municipio": "CALI", "cod_comuna": 19.0, "comuna": "Comuna 19", "cod_barrio": 1913.0, "nom_barrio": "El Cedro", "direccion": "76001 CALLE 8 32 43", "sitio": "VIA PUBLICA", "x": -76.537665, "y": 3.427816, "anio": 2026, "mes": "febrero", "dia": 8, "dia_semana": 1, "hora_hecho": "15:00", "barrio": "EL CEDRO", "estrato": 4, "geom": "0101000020E61000000CCD751A692253C0F0A485CB2A6C0B40", "fecha_hech": "2026-02-08 00:00:00" }, "geometry": { "type": "Point", "coordinates": [ -76.537665, 3.427816 ] } },
{ "type": "Feature", "properties": { "dinamica": "HURTO", "titulo": "DELITOS CONTRA EL PATRIMONIO ECONOMICO", "capitulo": "DEL HURTO", "articulo": "HURTO CALIFICADO. ART. 240 C.P.", "grado_deli": "AGRAVADO", "tipo_notic": "DENUNCIA", "caracteriz": "HURTO DE MOTOCICLETAS", "modalidad": "ATRACO", "modo": "ARMA DE FUEGO", "motivo": null, "pais": "COLOMBIA", "dane_dep": 76, "departamen": "VALLE DEL CAUCA", "dane_mpio": 76001, "municipio": "CALI", "cod_comuna": 19.0, "comuna": "Comuna 19", "cod_barrio": 1913.0, "nom_barrio": "El Cedro", "direccion": "76001 CALLE 8 32 43", "sitio": "VIA PUBLICA", "x": -76.537665, "y": 3.427816, "anio": 2026, "mes": "febrero", "dia": 8, "dia_semana": 1, "hora_hecho": "15:00", "barrio": "EL CEDRO", "estrato": 4, "geom": "0101000020E61000000CCD751A692253C0F0A485CB2A6C0B40", "fecha_hech": "2026-02-08 00:00:00" }, "geometry": { "type": "Point", "coordinates": [ -76.537665, 3.427816 ] } },
{ "type": "Feature", "properties": { "dinamica": "HURTO", "titulo": "DELITOS CONTRA EL PATRIMONIO ECONOMICO", "capitulo": "DEL HURTO", "articulo": "HURTO CALIFICADO. ART. 240 C.P.", "grado_deli": "AGRAVADO", "tipo_notic": "DENUNCIA", "caracteriz": "HURTO DE MOTOCICLETAS", "modalidad": "ATRACO", "modo": "ARMA DE FUEGO", "motivo": null, "pais": "COLOMBIA", "dane_dep": 76, "departamen": "VALLE DEL CAUCA", "dane_mpio": 76001, "municipio": "CALI", "cod_comuna": 19.0, "comuna": "Comuna 19", "cod_barrio": 1913.0, "nom_barrio": "El Cedro", "direccion": "76001 CALLE 8 32 43", "sitio": "VIA PUBLICA", "x": -76.537665, "y": 3.427816, "anio": 2026, "mes": "febrero", "dia": 8, "dia_semana": 1, "hora_hecho": "15:00", "barrio": "EL CEDRO", "estrato": 4, "geom": "0101000020E61000000CCD751A692253C0F0A485CB2A6C0B40", "fecha_hech": "2026-02-08 00:00:00" }, "geometry": { "type": "Point", "coordinates": [ -76.537665, 3.427816 ] } },
{ "type": "Feature", "properties": { "dinamica": "HURTO", "titulo": "DELITOS CONTRA EL PATRIMONIO ECONOMICO", "capitulo": "DEL HURTO", "articulo": "HURTO CALIFICADO. ART. 240 C.P.", "grado_deli": "AGRAVADO", "tipo_notic": "DENUNCIA", "caracteriz": "HURTO DE MOTOCICLETAS", "modalidad": "ATRACO", "modo": "ARMA DE FUEGO", "motivo": null, "pais": "COLOMBIA", "dane_dep": 76, "departamen": "VALLE DEL CAUCA", "dane_mpio": 76001, "municipio": "CALI", "cod_comuna": 19.0, "comuna": "Comuna 19", "cod_barrio": 1913.0, "nom_barrio": "El Cedro", "direccion": "76001 CALLE 8 32 43", "sitio": "VIA PUBLICA", "x": -76.537665, "y": 3.427816, "anio": 2026, "mes": "febrero", "dia": 8, "dia_semana": 1, "hora_hecho": "15:00", "barrio": "EL CEDRO", "estrato": 4, "geom": "0101000020E61000000CCD751A692253C0F0A485CB2A6C0B40", "fecha_hech": "2026-02-08 00:00:00" }, "geometry": { "type": "Point", "coordinates": [ -76.537665, 3.427816 ] } },
{ "type": "Feature", "properties": { "dinamica": "HURTO", "titulo": "DELITOS CONTRA EL PATRIMONIO ECONOMICO", "capitulo": "DEL HURTO", "articulo": "HURTO. ART. 239 C.P.", "grado_deli": "AGRAVADO", "tipo_notic": "DENUNCIA", "caracteriz": "HURTO A PERSONAS", "modalidad": "ENGAÑO", "modo": null, "motivo": null, "pais": "COLOMBIA", "dane_dep": 76, "departamen": "VALLE DEL CAUCA", "dane_mpio": 76001, "municipio": "CALI", "cod_comuna": 19.0, "comuna": "Comuna 19", "cod_barrio": 1913.0, "nom_barrio": "El Cedro", "direccion": "76001 CARRERA 34 6 99", "sitio": "VIA PUBLICA", "x": -76.538386, "y": 3.427787, "anio": 2026, "mes": "febrero", "dia": 9, "dia_semana": 2, "hora_hecho": "11:00", "barrio": "EL CEDRO", "estrato": 4, "geom": "0101000020E6100000F4A78DEA742253C04B3B35971B6C0B40", "fecha_hech": "2026-02-09 00:00:00" }, "geometry": { "type": "Point", "coordinates": [ -76.538386, 3.427787 ] } },
{ "type": "Feature", "properties": { "dinamica": "HURTO", "titulo": "DELITOS CONTRA EL PATRIMONIO ECONOMICO", "capitulo": "DEL HURTO", "articulo": "HURTO. ART. 239 C.P.", "grado_deli": "AGRAVADO", "tipo_notic": "DENUNCIA", "caracteriz": "HURTO A PERSONAS", "modalidad": "ENGAÑO", "modo": null, "motivo": null, "pais": "COLOMBIA", "dane_dep": 76, "departamen": "VALLE DEL CAUCA", "dane_mpio": 76001, "municipio": "CALI", "cod_comuna": 19.0, "comuna": "Comuna 19", "cod_barrio": 1913.0, "nom_barrio": "El Cedro", "direccion": "76001 CARRERA 34 6 99", "sitio": "VIA PUBLICA", "x": -76.538386, "y": 3.427787, "anio": 2026, "mes": "febrero", "dia": 9, "dia_semana": 2, "hora_hecho": "11:00", "barrio": "EL CEDRO", "estrato": 4, "geom": "0101000020E6100000F4A78DEA742253C04B3B35971B6C0B40", "fecha_hech": "2026-02-09 00:00:00" }, "geometry": { "type": "Point", "coordinates": [ -76.538386, 3.427787 ] } },
{ "type": "Feature", "properties": { "dinamica": "HURTO", "titulo": "DELITOS CONTRA EL PATRIMONIO ECONOMICO", "capitulo": "DEL HURTO", "articulo": "HURTO. ART. 239 C.P.", "grado_deli": "AGRAVADO", "tipo_notic": "DENUNCIA", "caracteriz": "HURTO A PERSONAS", "modalidad": "ENGAÑO", "modo": null, "motivo": null, "pais": "COLOMBIA", "dane_dep": 76, "departamen": "VALLE DEL CAUCA", "dane_mpio": 76001, "municipio": "CALI", "cod_comuna": 19.0, "comuna": "Comuna 19", "cod_barrio": 1913.0, "nom_barrio": "El Cedro", "direccion": "76001 CARRERA 34 6 99", "sitio": "VIA PUBLICA", "x": -76.538386, "y": 3.427787, "anio": 2026, "mes": "febrero", "dia": 9, "dia_semana": 2, "hora_hecho": "11:00", "barrio": "EL CEDRO", "estrato": 4, "geom": "0101000020E6100000F4A78DEA742253C04B3B35971B6C0B40", "fecha_hech": "2026-02-09 00:00:00" }, "geometry": { "type": "Point", "coordinates": [ -76.538386, 3.427787 ] } },
{ "type": "Feature", "properties": { "dinamica": "HURTO", "titulo": "DELITOS CONTRA EL PATRIMONIO ECONOMICO", "capitulo": "DEL HURTO", "articulo": "HURTO. ART. 239 C.P.", "grado_deli": "AGRAVADO", "tipo_notic": "DENUNCIA", "caracteriz": "HURTO A PERSONAS", "modalidad": "ENGAÑO", "modo": null, "motivo": null, "pais": "COLOMBIA", "dane_dep": 76, "departamen": "VALLE DEL CAUCA", "dane_mpio": 76001, "municipio": "CALI", "cod_comuna": 19.0, "comuna": "Comuna 19", "cod_barrio": 1913.0, "nom_barrio": "El Cedro", "direccion": "76001 CARRERA 34 6 99", "sitio": "VIA PUBLICA", "x": -76.538386, "y": 3.427787, "anio": 2026, "mes": "febrero", "dia": 9, "dia_semana": 2, "hora_hecho": "11:00", "barrio": "EL CEDRO", "estrato": 4, "geom": "0101000020E6100000F4A78DEA742253C04B3B35971B6C0B40", "fecha_hech": "2026-02-09 00:00:00" }, "geometry": { "type": "Point", "coordinates": [ -76.538386, 3.427787 ] } },
{ "type": "Feature", "properties": { "dinamica": "HURTO", "titulo": "DELITOS CONTRA EL PATRIMONIO ECONOMICO", "capitulo": "DEL HURTO", "articulo": "HURTO. ART. 239 C.P.", "grado_deli": "AGRAVADO", "tipo_notic": "DENUNCIA", "caracteriz": "HURTO A PERSONAS", "modalidad": "COSQUILLEO", "modo": null, "motivo": null, "pais": "COLOMBIA", "dane_dep": 76, "departamen": "VALLE DEL CAUCA", "dane_mpio": 76001, "municipio": "CALI", "cod_comuna": 19.0, "comuna": "Comuna 19", "cod_barrio": 1913.0, "nom_barrio": "El Cedro", "direccion": "76001 Calle 9 32A 16, El Cedro, Cali, Valle del Cauca, COL,EL CEDRO", "sitio": "SIN INFORMACION", "x": -76.537247, "y": 3.427096, "anio": 2026, "mes": "febrero", "dia": 10, "dia_semana": 3, "hora_hecho": "10:30", "barrio": "EL CEDRO", "estrato": 4, "geom": "0101000020E6100000F1B73D41622253C0F304C24EB16A0B40", "fecha_hech": "2026-02-10 00:00:00" }, "geometry": { "type": "Point", "coordinates": [ -76.537247, 3.427096 ] } },
{ "type": "Feature", "properties": { "dinamica": "HURTO", "titulo": "DELITOS CONTRA EL PATRIMONIO ECONOMICO", "capitulo": "DEL HURTO", "articulo": "HURTO. ART. 239 C.P.", "grado_deli": "AGRAVADO", "tipo_notic": "DENUNCIA", "caracteriz": "HURTO A PERSONAS", "modalidad": "COSQUILLEO", "modo": null, "motivo": null, "pais": "COLOMBIA", "dane_dep": 76, "departamen": "VALLE DEL CAUCA", "dane_mpio": 76001, "municipio": "CALI", "cod_comuna": 19.0, "comuna": "Comuna 19", "cod_barrio": 1913.0, "nom_barrio": "El Cedro", "direccion": "76001 Calle 9 32A 16, El Cedro, Cali, Valle del Cauca, COL,EL CEDRO", "sitio": "SIN INFORMACION", "x": -76.537247, "y": 3.427096, "anio": 2026, "mes": "febrero", "dia": 10, "dia_semana": 3, "hora_hecho": "10:30", "barrio": "EL CEDRO", "estrato": 4, "geom": "0101000020E6100000F1B73D41622253C0F304C24EB16A0B40", "fecha_hech": "2026-02-10 00:00:00" }, "geometry": { "type": "Point", "coordinates": [ -76.537247, 3.427096 ] } },
{ "type": "Feature", "properties": { "dinamica": "HURTO", "titulo": "DELITOS CONTRA EL PATRIMONIO ECONOMICO", "capitulo": "DEL HURTO", "articulo": "HURTO. ART. 239 C.P.", "grado_deli": "AGRAVADO", "tipo_notic": "DENUNCIA", "caracteriz": "HURTO A PERSONAS", "modalidad": "COSQUILLEO", "modo": null, "motivo": null, "pais": "COLOMBIA", "dane_dep": 76, "departamen": "VALLE DEL CAUCA", "dane_mpio": 76001, "municipio": "CALI", "cod_comuna": 19.0, "comuna": "Comuna 19", "cod_barrio": 1913.0, "nom_barrio": "El Cedro", "direccion": "76001 Calle 9 32A 16, El Cedro, Cali, Valle del Cauca, COL,EL CEDRO", "sitio": "SIN INFORMACION", "x": -76.537247, "y": 3.427096, "anio": 2026, "mes": "febrero", "dia": 10, "dia_semana": 3, "hora_hecho": "10:30", "barrio": "EL CEDRO", "estrato": 4, "geom": "0101000020E6100000F1B73D41622253C0F304C24EB16A0B40", "fecha_hech": "2026-02-10 00:00:00" }, "geometry": { "type": "Point", "coordinates": [ -76.537247, 3.427096 ] } },
{ "type": "Feature", "properties": { "dinamica": "HURTO", "titulo": "DELITOS CONTRA EL PATRIMONIO ECONOMICO", "capitulo": "DEL HURTO", "articulo": "HURTO. ART. 239 C.P.", "grado_deli": "AGRAVADO", "tipo_notic": "DENUNCIA", "caracteriz": "HURTO A PERSONAS", "modalidad": "COSQUILLEO", "modo": null, "motivo": null, "pais": "COLOMBIA", "dane_dep": 76, "departamen": "VALLE DEL CAUCA", "dane_mpio": 76001, "municipio": "CALI", "cod_comuna": 19.0, "comuna": "Comuna 19", "cod_barrio": 1913.0, "nom_barrio": "El Cedro", "direccion": "76001 Calle 9 32A 16, El Cedro, Cali, Valle del Cauca, COL,EL CEDRO", "sitio": "SIN INFORMACION", "x": -76.537247, "y": 3.427096, "anio": 2026, "mes": "febrero", "dia": 10, "dia_semana": 3, "hora_hecho": "10:30", "barrio": "EL CEDRO", "estrato": 4, "geom": "0101000020E6100000F1B73D41622253C0F304C24EB16A0B40", "fecha_hech": "2026-02-10 00:00:00" }, "geometry": { "type": "Point", "coordinates": [ -76.537247, 3.427096 ] } },
{ "type": "Feature", "properties": { "dinamica": "HURTO", "titulo": "DELITOS CONTRA EL PATRIMONIO ECONOMICO", "capitulo": "DEL HURTO", "articulo": "HURTO CALIFICADO. ART. 240 C.P.", "grado_deli": "AGRAVADO", "tipo_notic": "DENUNCIA", "caracteriz": "HURTO DE VEHICULOS", "modalidad": "HALADO", "modo": null, "motivo": null, "pais": "COLOMBIA", "dane_dep": 76, "departamen": "VALLE DEL CAUCA", "dane_mpio": 76001, "municipio": "CALI", "cod_comuna": 19.0, "comuna": "Comuna 19", "cod_barrio": 1913.0, "nom_barrio": "El Cedro", "direccion": "76001 CARRERA 32A, EL CEDRO, CALI, VALLE DEL CAUCA", "sitio": "VEHICULO TAXI", "x": -76.537931, "y": 3.42752, "anio": 2026, "mes": "febrero", "dia": 10, "dia_semana": 3, "hora_hecho": "11:10", "barrio": "EL CEDRO", "estrato": 4, "geom": "0101000020E61000004B2025766D2253C05D16139B8F6B0B40", "fecha_hech": "2026-02-10 00:00:00" }, "geometry": { "type": "Point", "coordinates": [ -76.537931, 3.42752 ] } },
{ "type": "Feature", "properties": { "dinamica": "HURTO", "titulo": "DELITOS CONTRA EL PATRIMONIO ECONOMICO", "capitulo": "DEL HURTO", "articulo": "HURTO CALIFICADO. ART. 240 C.P.", "grado_deli": "AGRAVADO", "tipo_notic": "DENUNCIA", "caracteriz": "HURTO DE VEHICULOS", "modalidad": "HALADO", "modo": null, "motivo": null, "pais": "COLOMBIA", "dane_dep": 76, "departamen": "VALLE DEL CAUCA", "dane_mpio": 76001, "municipio": "CALI", "cod_comuna": 19.0, "comuna": "Comuna 19", "cod_barrio": 1913.0, "nom_barrio": "El Cedro", "direccion": "76001 CARRERA 32A, EL CEDRO, CALI, VALLE DEL CAUCA", "sitio": "VEHICULO TAXI", "x": -76.537931, "y": 3.42752, "anio": 2026, "mes": "febrero", "dia": 10, "dia_semana": 3, "hora_hecho": "11:10", "barrio": "EL CEDRO", "estrato": 4, "geom": "0101000020E61000004B2025766D2253C05D16139B8F6B0B40", "fecha_hech": "2026-02-10 00:00:00" }, "geometry": { "type": "Point", "coordinates": [ -76.537931, 3.42752 ] } },
{ "type": "Feature", "properties": { "dinamica": "HURTO", "titulo": "DELITOS CONTRA EL PATRIMONIO ECONOMICO", "capitulo": "DEL HURTO", "articulo": "HURTO CALIFICADO. ART. 240 C.P.", "grado_deli": "AGRAVADO", "tipo_notic": "DENUNCIA", "caracteriz": "HURTO DE VEHICULOS", "modalidad": "HALADO", "modo": null, "motivo": null, "pais": "COLOMBIA", "dane_dep": 76, "departamen": "VALLE DEL CAUCA", "dane_mpio": 76001, "municipio": "CALI", "cod_comuna": 19.0, "comuna": "Comuna 19", "cod_barrio": 1913.0, "nom_barrio": "El Cedro", "direccion": "76001 CARRERA 32A, EL CEDRO, CALI, VALLE DEL CAUCA", "sitio": "VEHICULO TAXI", "x": -76.537931, "y": 3.42752, "anio": 2026, "mes": "febrero", "dia": 10, "dia_semana": 3, "hora_hecho": "11:10", "barrio": "EL CEDRO", "estrato": 4, "geom": "0101000020E61000004B2025766D2253C05D16139B8F6B0B40", "fecha_hech": "2026-02-10 00:00:00" }, "geometry": { "type": "Point", "coordinates": [ -76.537931, 3.42752 ] } },
{ "type": "Feature", "properties": { "dinamica": "HURTO", "titulo": "DELITOS CONTRA EL PATRIMONIO ECONOMICO", "capitulo": "DEL HURTO", "articulo": "HURTO CALIFICADO. ART. 240 C.P.", "grado_deli": "AGRAVADO", "tipo_notic": "DENUNCIA", "caracteriz": "HURTO DE VEHICULOS", "modalidad": "HALADO", "modo": null, "motivo": null, "pais": "COLOMBIA", "dane_dep": 76, "departamen": "VALLE DEL CAUCA", "dane_mpio": 76001, "municipio": "CALI", "cod_comuna": 19.0, "comuna": "Comuna 19", "cod_barrio": 1913.0, "nom_barrio": "El Cedro", "direccion": "76001 CARRERA 32A, EL CEDRO, CALI, VALLE DEL CAUCA", "sitio": "VEHICULO TAXI", "x": -76.537931, "y": 3.42752, "anio": 2026, "mes": "febrero", "dia": 10, "dia_semana": 3, "hora_hecho": "11:10", "barrio": "EL CEDRO", "estrato": 4, "geom": "0101000020E61000004B2025766D2253C05D16139B8F6B0B40", "fecha_hech": "2026-02-10 00:00:00" }, "geometry": { "type": "Point", "coordinates": [ -76.537931, 3.42752 ] } },
{ "type": "Feature", "properties": { "dinamica": "HURTO", "titulo": "DELITOS CONTRA EL PATRIMONIO ECONOMICO", "capitulo": "DEL HURTO", "articulo": "HURTO. ART. 239 C.P.", "grado_deli": "AGRAVADO", "tipo_notic": "DENUNCIA", "caracteriz": "HURTO A PERSONAS", "modalidad": "FACTOR DE OPORTUNIDAD", "modo": null, "motivo": null, "pais": "COLOMBIA", "dane_dep": 76, "departamen": "VALLE DEL CAUCA", "dane_mpio": 76001, "municipio": "CALI", "cod_comuna": 19.0, "comuna": "Comuna 19", "cod_barrio": 1906.0, "nom_barrio": "San Fernando Nuevo", "direccion": "76001 CALLE 5B4, SAN FERNANDO NUEVO, CALI, VALLE DEL CAUCA", "sitio": "LUGAR DE RECREACION / PARQUE", "x": -76.539287, "y": 3.428643, "anio": 2026, "mes": "febrero", "dia": 11, "dia_semana": 4, "hora_hecho": "21:30", "barrio": "3 DE JULIO", "estrato": 4, "geom": "0101000020E61000001C0A9FAD832253C04E469561DC6D0B40", "fecha_hech": "2026-02-11 00:00:00" }, "geometry": { "type": "Point", "coordinates": [ -76.539287, 3.428643 ] } },
{ "type": "Feature", "properties": { "dinamica": "HURTO", "titulo": "DELITOS CONTRA EL PATRIMONIO ECONOMICO", "capitulo": "DEL HURTO", "articulo": "HURTO. ART. 239 C.P.", "grado_deli": "AGRAVADO", "tipo_notic": "DENUNCIA", "caracteriz": "HURTO A PERSONAS", "modalidad": "FACTOR DE OPORTUNIDAD", "modo": null, "motivo": null, "pais": "COLOMBIA", "dane_dep": 76, "departamen": "VALLE DEL CAUCA", "dane_mpio": 76001, "municipio": "CALI", "cod_comuna": 19.0, "comuna": "Comuna 19", "cod_barrio": 1906.0, "nom_barrio": "San Fernando Nuevo", "direccion": "76001 CALLE 5B4, SAN FERNANDO NUEVO, CALI, VALLE DEL CAUCA", "sitio": "LUGAR DE RECREACION / PARQUE", "x": -76.539287, "y": 3.428643, "anio": 2026, "mes": "febrero", "dia": 11, "dia_semana": 4, "hora_hecho": "21:30", "barrio": "3 DE JULIO", "estrato": 4, "geom": "0101000020E61000001C0A9FAD832253C04E469561DC6D0B40", "fecha_hech": "2026-02-11 00:00:00" }, "geometry": { "type": "Point", "coordinates": [ -76.539287, 3.428643 ] } },
{ "type": "Feature", "properties": { "dinamica": "HURTO", "titulo": "DELITOS CONTRA EL PATRIMONIO ECONOMICO", "capitulo": "DEL HURTO", "articulo": "HURTO. ART. 239 C.P.", "grado_deli": "AGRAVADO", "tipo_notic": "DENUNCIA", "caracteriz": "HURTO A PERSONAS", "modalidad": "FACTOR DE OPORTUNIDAD", "modo": null, "motivo": null, "pais": "COLOMBIA", "dane_dep": 76, "departamen": "VALLE DEL CAUCA", "dane_mpio": 76001, "municipio": "CALI", "cod_comuna": 19.0, "comuna": "Comuna 19", "cod_barrio": 1906.0, "nom_barrio": "San Fernando Nuevo", "direccion": "76001 CALLE 5B4, SAN FERNANDO NUEVO, CALI, VALLE DEL CAUCA", "sitio": "LUGAR DE RECREACION / PARQUE", "x": -76.539287, "y": 3.428643, "anio": 2026, "mes": "febrero", "dia": 11, "dia_semana": 4, "hora_hecho": "21:30", "barrio": "3 DE JULIO", "estrato": 4, "geom": "0101000020E61000001C0A9FAD832253C04E469561DC6D0B40", "fecha_hech": "2026-02-11 00:00:00" }, "geometry": { "type": "Point", "coordinates": [ -76.539287, 3.428643 ] } },
{ "type": "Feature", "properties": { "dinamica": "HURTO", "titulo": "DELITOS CONTRA EL PATRIMONIO ECONOMICO", "capitulo": "DEL HURTO", "articulo": "HURTO. ART. 239 C.P.", "grado_deli": "AGRAVADO", "tipo_notic": "DENUNCIA", "caracteriz": "HURTO A PERSONAS", "modalidad": "FACTOR DE OPORTUNIDAD", "modo": null, "motivo": null, "pais": "COLOMBIA", "dane_dep": 76, "departamen": "VALLE DEL CAUCA", "dane_mpio": 76001, "municipio": "CALI", "cod_comuna": 19.0, "comuna": "Comuna 19", "cod_barrio": 1906.0, "nom_barrio": "San Fernando Nuevo", "direccion": "76001 CALLE 5B4, SAN FERNANDO NUEVO, CALI, VALLE DEL CAUCA", "sitio": "LUGAR DE RECREACION / PARQUE", "x": -76.539287, "y": 3.428643, "anio": 2026, "mes": "febrero", "dia": 11, "dia_semana": 4, "hora_hecho": "21:30", "barrio": "3 DE JULIO", "estrato": 4, "geom": "0101000020E61000001C0A9FAD832253C04E469561DC6D0B40", "fecha_hech": "2026-02-11 00:00:00" }, "geometry": { "type": "Point", "coordinates": [ -76.539287, 3.428643 ] } },
{ "type": "Feature", "properties": { "dinamica": "HURTO", "titulo": "DELITOS CONTRA EL PATRIMONIO ECONOMICO", "capitulo": "DEL HURTO", "articulo": "HURTO. ART. 239 C.P.", "grado_deli": "NINGUNO", "tipo_notic": "DENUNCIA", "caracteriz": "HURTO A PERSONAS", "modalidad": "ENGAÑO", "modo": null, "motivo": null, "pais": "COLOMBIA", "dane_dep": 76, "departamen": "VALLE DEL CAUCA", "dane_mpio": 76001, "municipio": "CALI", "cod_comuna": 19.0, "comuna": "Comuna 19", "cod_barrio": 1905.0, "nom_barrio": "Eucaristico", "direccion": "76001 CARRERA 34 8 9, BARRIO EUCARISTICO, CALI, VALLE DEL CAUCA", "sitio": "CENTRO COMERCIAL", "x": -76.538147, "y": 3.426714, "anio": 2026, "mes": "febrero", "dia": 13, "dia_semana": 6, "hora_hecho": "04:30", "barrio": "BARRIO EUCARÍSTICO", "estrato": 4, "geom": "0101000020E6100000315C1D00712253C077F69507E9690B40", "fecha_hech": "2026-02-13 00:00:00" }, "geometry": { "type": "Point", "coordinates": [ -76.538147, 3.426714 ] } },
{ "type": "Feature", "properties": { "dinamica": "HURTO", "titulo": "DELITOS CONTRA EL PATRIMONIO ECONOMICO", "capitulo": "DEL HURTO", "articulo": "HURTO. ART. 239 C.P.", "grado_deli": "NINGUNO", "tipo_notic": "DENUNCIA", "caracteriz": "HURTO A PERSONAS", "modalidad": "ENGAÑO", "modo": null, "motivo": null, "pais": "COLOMBIA", "dane_dep": 76, "departamen": "VALLE DEL CAUCA", "dane_mpio": 76001, "municipio": "CALI", "cod_comuna": 19.0, "comuna": "Comuna 19", "cod_barrio": 1905.0, "nom_barrio": "Eucaristico", "direccion": "76001 CARRERA 34 8 9, BARRIO EUCARISTICO, CALI, VALLE DEL CAUCA", "sitio": "CENTRO COMERCIAL", "x": -76.538147, "y": 3.426714, "anio": 2026, "mes": "febrero", "dia": 13, "dia_semana": 6, "hora_hecho": "04:30", "barrio": "BARRIO EUCARÍSTICO", "estrato": 4, "geom": "0101000020E6100000315C1D00712253C077F69507E9690B40", "fecha_hech": "2026-02-13 00:00:00" }, "geometry": { "type": "Point", "coordinates": [ -76.538147, 3.426714 ] } },
{ "type": "Feature", "properties": { "dinamica": "HURTO", "titulo": "DELITOS CONTRA EL PATRIMONIO ECONOMICO", "capitulo": "DEL HURTO", "articulo": "HURTO. ART. 239 C.P.", "grado_deli": "NINGUNO", "tipo_notic": "DENUNCIA", "caracteriz": "HURTO A PERSONAS", "modalidad": "ENGAÑO", "modo": null, "motivo": null, "pais": "COLOMBIA", "dane_dep": 76, "departamen": "VALLE DEL CAUCA", "dane_mpio": 76001, "municipio": "CALI", "cod_comuna": 19.0, "comuna": "Comuna 19", "cod_barrio": 1905.0, "nom_barrio": "Eucaristico", "direccion": "76001 CARRERA 34 8 9, BARRIO EUCARISTICO, CALI, VALLE DEL CAUCA", "sitio": "CENTRO COMERCIAL", "x": -76.538147, "y": 3.426714, "anio": 2026, "mes": "febrero", "dia": 13, "dia_semana": 6, "hora_hecho": "04:30", "barrio": "BARRIO EUCARÍSTICO", "estrato": 4, "geom": "0101000020E6100000315C1D00712253C077F69507E9690B40", "fecha_hech": "2026-02-13 00:00:00" }, "geometry": { "type": "Point", "coordinates": [ -76.538147, 3.426714 ] } },
{ "type": "Feature", "properties": { "dinamica": "HURTO", "titulo": "DELITOS CONTRA EL PATRIMONIO ECONOMICO", "capitulo": "DEL HURTO", "articulo": "HURTO. ART. 239 C.P.", "grado_deli": "NINGUNO", "tipo_notic": "DENUNCIA", "caracteriz": "HURTO A PERSONAS", "modalidad": "ENGAÑO", "modo": null, "motivo": null, "pais": "COLOMBIA", "dane_dep": 76, "departamen": "VALLE DEL CAUCA", "dane_mpio": 76001, "municipio": "CALI", "cod_comuna": 19.0, "comuna": "Comuna 19", "cod_barrio": 1905.0, "nom_barrio": "Eucaristico", "direccion": "76001 CARRERA 34 8 9, BARRIO EUCARISTICO, CALI, VALLE DEL CAUCA", "sitio": "CENTRO COMERCIAL", "x": -76.538147, "y": 3.426714, "anio": 2026, "mes": "febrero", "dia": 13, "dia_semana": 6, "hora_hecho": "04:30", "barrio": "BARRIO EUCARÍSTICO", "estrato": 4, "geom": "0101000020E6100000315C1D00712253C077F69507E9690B40", "fecha_hech": "2026-02-13 00:00:00" }, "geometry": { "type": "Point", "coordinates": [ -76.538147, 3.426714 ] } },
{ "type": "Feature", "properties": { "dinamica": "HURTO", "titulo": "DELITOS CONTRA EL PATRIMONIO ECONOMICO", "capitulo": "DEL HURTO", "articulo": "HURTO CALIFICADO. ART. 240 C.P.", "grado_deli": "NINGUNO", "tipo_notic": "DENUNCIA", "caracteriz": "HURTO A ESTABLECIMIENTOS", "modalidad": "FACTOR DE OPORTUNIDAD", "modo": null, "motivo": null, "pais": "COLOMBIA", "dane_dep": 76, "departamen": "VALLE DEL CAUCA", "dane_mpio": 76001, "municipio": "CALI", "cod_comuna": 19.0, "comuna": "Comuna 19", "cod_barrio": 1913.0, "nom_barrio": "El Cedro", "direccion": "76001 CALLE 9 32A 16, EL CEDRO, CALI, VALLE DEL CAUCA", "sitio": "LOCAL COMERCIAL", "x": -76.537247, "y": 3.427096, "anio": 2026, "mes": "febrero", "dia": 13, "dia_semana": 6, "hora_hecho": "19:20", "barrio": "EL CEDRO", "estrato": 4, "geom": "0101000020E6100000F1B73D41622253C0F304C24EB16A0B40", "fecha_hech": "2026-02-13 00:00:00" }, "geometry": { "type": "Point", "coordinates": [ -76.537247, 3.427096 ] } },
{ "type": "Feature", "properties": { "dinamica": "HURTO", "titulo": "DELITOS CONTRA EL PATRIMONIO ECONOMICO", "capitulo": "DEL HURTO", "articulo": "HURTO CALIFICADO. ART. 240 C.P.", "grado_deli": "NINGUNO", "tipo_notic": "DENUNCIA", "caracteriz": "HURTO A ESTABLECIMIENTOS", "modalidad": "FACTOR DE OPORTUNIDAD", "modo": null, "motivo": null, "pais": "COLOMBIA", "dane_dep": 76, "departamen": "VALLE DEL CAUCA", "dane_mpio": 76001, "municipio": "CALI", "cod_comuna": 19.0, "comuna": "Comuna 19", "cod_barrio": 1913.0, "nom_barrio": "El Cedro", "direccion": "76001 CALLE 9 32A 16, EL CEDRO, CALI, VALLE DEL CAUCA", "sitio": "LOCAL COMERCIAL", "x": -76.537247, "y": 3.427096, "anio": 2026, "mes": "febrero", "dia": 13, "dia_semana": 6, "hora_hecho": "19:20", "barrio": "EL CEDRO", "estrato": 4, "geom": "0101000020E6100000F1B73D41622253C0F304C24EB16A0B40", "fecha_hech": "2026-02-13 00:00:00" }, "geometry": { "type": "Point", "coordinates": [ -76.537247, 3.427096 ] } },
{ "type": "Feature", "properties": { "dinamica": "HURTO", "titulo": "DELITOS CONTRA EL PATRIMONIO ECONOMICO", "capitulo": "DEL HURTO", "articulo": "HURTO CALIFICADO. ART. 240 C.P.", "grado_deli": "NINGUNO", "tipo_notic": "DENUNCIA", "caracteriz": "HURTO A ESTABLECIMIENTOS", "modalidad": "FACTOR DE OPORTUNIDAD", "modo": null, "motivo": null, "pais": "COLOMBIA", "dane_dep": 76, "departamen": "VALLE DEL CAUCA", "dane_mpio": 76001, "municipio": "CALI", "cod_comuna": 19.0, "comuna": "Comuna 19", "cod_barrio": 1913.0, "nom_barrio": "El Cedro", "direccion": "76001 CALLE 9 32A 16, EL CEDRO, CALI, VALLE DEL CAUCA", "sitio": "LOCAL COMERCIAL", "x": -76.537247, "y": 3.427096, "anio": 2026, "mes": "febrero", "dia": 13, "dia_semana": 6, "hora_hecho": "19:20", "barrio": "EL CEDRO", "estrato": 4, "geom": "0101000020E6100000F1B73D41622253C0F304C24EB16A0B40", "fecha_hech": "2026-02-13 00:00:00" }, "geometry": { "type": "Point", "coordinates": [ -76.537247, 3.427096 ] } },
{ "type": "Feature", "properties": { "dinamica": "HURTO", "titulo": "DELITOS CONTRA EL PATRIMONIO ECONOMICO", "capitulo": "DEL HURTO", "articulo": "HURTO CALIFICADO. ART. 240 C.P.", "grado_deli": "NINGUNO", "tipo_notic": "DENUNCIA", "caracteriz": "HURTO A ESTABLECIMIENTOS", "modalidad": "FACTOR DE OPORTUNIDAD", "modo": null, "motivo": null, "pais": "COLOMBIA", "dane_dep": 76, "departamen": "VALLE DEL CAUCA", "dane_mpio": 76001, "municipio": "CALI", "cod_comuna": 19.0, "comuna": "Comuna 19", "cod_barrio": 1913.0, "nom_barrio": "El Cedro", "direccion": "76001 CALLE 9 32A 16, EL CEDRO, CALI, VALLE DEL CAUCA", "sitio": "LOCAL COMERCIAL", "x": -76.537247, "y": 3.427096, "anio": 2026, "mes": "febrero", "dia": 13, "dia_semana": 6, "hora_hecho": "19:20", "barrio": "EL CEDRO", "estrato": 4, "geom": "0101000020E6100000F1B73D41622253C0F304C24EB16A0B40", "fecha_hech": "2026-02-13 00:00:00" }, "geometry": { "type": "Point", "coordinates": [ -76.537247, 3.427096 ] } },
{ "type": "Feature", "properties": { "dinamica": "HURTO", "titulo": "DELITOS CONTRA EL PATRIMONIO ECONOMICO", "capitulo": "DEL HURTO", "articulo": "HURTO CALIFICADO. ART. 240 C.P.", "grado_deli": "NINGUNO", "tipo_notic": "DENUNCIA", "caracteriz": "HURTO DE MOTOCICLETAS", "modalidad": "HALADO", "modo": null, "motivo": null, "pais": "COLOMBIA", "dane_dep": 76, "departamen": "VALLE DEL CAUCA", "dane_mpio": 76001, "municipio": "CALI", "cod_comuna": 19.0, "comuna": "Comuna 19", "cod_barrio": 1906.0, "nom_barrio": "San Fernando Nuevo", "direccion": "76001 CARRERA 36 5B3, SAN FERNANDO NUEVO, CALI, VALLE DEL CAUCA", "sitio": "VIA PUBLICA", "x": -76.540637, "y": 3.427989, "anio": 2026, "mes": "febrero", "dia": 13, "dia_semana": 6, "hora_hecho": "21:30", "barrio": "SAN FERNANDO NUEVO", "estrato": 4, "geom": "0101000020E61000007C80EECB992253C0C861307F856C0B40", "fecha_hech": "2026-02-13 00:00:00" }, "geometry": { "type": "Point", "coordinates": [ -76.540637, 3.427989 ] } },
{ "type": "Feature", "properties": { "dinamica": "HURTO", "titulo": "DELITOS CONTRA EL PATRIMONIO ECONOMICO", "capitulo": "DEL HURTO", "articulo": "HURTO CALIFICADO. ART. 240 C.P.", "grado_deli": "NINGUNO", "tipo_notic": "DENUNCIA", "caracteriz": "HURTO DE MOTOCICLETAS", "modalidad": "HALADO", "modo": null, "motivo": null, "pais": "COLOMBIA", "dane_dep": 76, "departamen": "VALLE DEL CAUCA", "dane_mpio": 76001, "municipio": "CALI", "cod_comuna": 19.0, "comuna": "Comuna 19", "cod_barrio": 1906.0, "nom_barrio": "San Fernando Nuevo", "direccion": "76001 CARRERA 36 5B3, SAN FERNANDO NUEVO, CALI, VALLE DEL CAUCA", "sitio": "VIA PUBLICA", "x": -76.540637, "y": 3.427989, "anio": 2026, "mes": "febrero", "dia": 13, "dia_semana": 6, "hora_hecho": "21:30", "barrio": "SAN FERNANDO NUEVO", "estrato": 4, "geom": "0101000020E61000007C80EECB992253C0C861307F856C0B40", "fecha_hech": "2026-02-13 00:00:00" }, "geometry": { "type": "Point", "coordinates": [ -76.540637, 3.427989 ] } },
{ "type": "Feature", "properties": { "dinamica": "HURTO", "titulo": "DELITOS CONTRA EL PATRIMONIO ECONOMICO", "capitulo": "DEL HURTO", "articulo": "HURTO CALIFICADO. ART. 240 C.P.", "grado_deli": "NINGUNO", "tipo_notic": "DENUNCIA", "caracteriz": "HURTO DE MOTOCICLETAS", "modalidad": "HALADO", "modo": null, "motivo": null, "pais": "COLOMBIA", "dane_dep": 76, "departamen": "VALLE DEL CAUCA", "dane_mpio": 76001, "municipio": "CALI", "cod_comuna": 19.0, "comuna": "Comuna 19", "cod_barrio": 1906.0, "nom_barrio": "San Fernando Nuevo", "direccion": "76001 CARRERA 36 5B3, SAN FERNANDO NUEVO, CALI, VALLE DEL CAUCA", "sitio": "VIA PUBLICA", "x": -76.540637, "y": 3.427989, "anio": 2026, "mes": "febrero", "dia": 13, "dia_semana": 6, "hora_hecho": "21:30", "barrio": "SAN FERNANDO NUEVO", "estrato": 4, "geom": "0101000020E61000007C80EECB992253C0C861307F856C0B40", "fecha_hech": "2026-02-13 00:00:00" }, "geometry": { "type": "Point", "coordinates": [ -76.540637, 3.427989 ] } },
{ "type": "Feature", "properties": { "dinamica": "HURTO", "titulo": "DELITOS CONTRA EL PATRIMONIO ECONOMICO", "capitulo": "DEL HURTO", "articulo": "HURTO CALIFICADO. ART. 240 C.P.", "grado_deli": "NINGUNO", "tipo_notic": "DENUNCIA", "caracteriz": "HURTO DE MOTOCICLETAS", "modalidad": "HALADO", "modo": null, "motivo": null, "pais": "COLOMBIA", "dane_dep": 76, "departamen": "VALLE DEL CAUCA", "dane_mpio": 76001, "municipio": "CALI", "cod_comuna": 19.0, "comuna": "Comuna 19", "cod_barrio": 1906.0, "nom_barrio": "San Fernando Nuevo", "direccion": "76001 CARRERA 36 5B3, SAN FERNANDO NUEVO, CALI, VALLE DEL CAUCA", "sitio": "VIA PUBLICA", "x": -76.540637, "y": 3.427989, "anio": 2026, "mes": "febrero", "dia": 13, "dia_semana": 6, "hora_hecho": "21:30", "barrio": "SAN FERNANDO NUEVO", "estrato": 4, "geom": "0101000020E61000007C80EECB992253C0C861307F856C0B40", "fecha_hech": "2026-02-13 00:00:00" }, "geometry": { "type": "Point", "coordinates": [ -76.540637, 3.427989 ] } },
{ "type": "Feature", "properties": { "dinamica": "HURTO", "titulo": "DELITOS CONTRA EL PATRIMONIO ECONOMICO", "capitulo": "DEL HURTO", "articulo": "HURTO. ART. 239 C.P.", "grado_deli": "NINGUNO", "tipo_notic": "QUERELLA", "caracteriz": "HURTO A PERSONAS", "modalidad": "COSQUILLEO", "modo": null, "motivo": null, "pais": "COLOMBIA", "dane_dep": 76, "departamen": "VALLE DEL CAUCA", "dane_mpio": 76001, "municipio": "CALI", "cod_comuna": 19.0, "comuna": "Comuna 19", "cod_barrio": 1912.0, "nom_barrio": "3 de Julio", "direccion": "76001 Sierra Rios Ruben Camilo, Calle 5C 41 65, 3 de Julio, Cali, Valle del Cauca, COL,3 DE JULIO", "sitio": "SIN INFORMACION", "x": -76.539522, "y": 3.433703, "anio": 2026, "mes": "febrero", "dia": 15, "dia_semana": 1, "hora_hecho": "08:41", "barrio": "3 DE JULIO", "estrato": 4, "geom": "0101000020E61000003E5E4887872253C0AD6A494739780B40", "fecha_hech": "2026-02-15 00:00:00" }, "geometry": { "type": "Point", "coordinates": [ -76.539522, 3.433703 ] } },
{ "type": "Feature", "properties": { "dinamica": "HURTO", "titulo": "DELITOS CONTRA EL PATRIMONIO ECONOMICO", "capitulo": "DEL HURTO", "articulo": "HURTO. ART. 239 C.P.", "grado_deli": "NINGUNO", "tipo_notic": "QUERELLA", "caracteriz": "HURTO A PERSONAS", "modalidad": "COSQUILLEO", "modo": null, "motivo": null, "pais": "COLOMBIA", "dane_dep": 76, "departamen": "VALLE DEL CAUCA", "dane_mpio": 76001, "municipio": "CALI", "cod_comuna": 19.0, "comuna": "Comuna 19", "cod_barrio": 1912.0, "nom_barrio": "3 de Julio", "direccion": "76001 Sierra Rios Ruben Camilo, Calle 5C 41 65, 3 de Julio, Cali, Valle del Cauca, COL,3 DE JULIO", "sitio": "SIN INFORMACION", "x": -76.539522, "y": 3.433703, "anio": 2026, "mes": "febrero", "dia": 15, "dia_semana": 1, "hora_hecho": "08:41", "barrio": "3 DE JULIO", "estrato": 4, "geom": "0101000020E61000003E5E4887872253C0AD6A494739780B40", "fecha_hech": "2026-02-15 00:00:00" }, "geometry": { "type": "Point", "coordinates": [ -76.539522, 3.433703 ] } },
{ "type": "Feature", "properties": { "dinamica": "HURTO", "titulo": "DELITOS CONTRA EL PATRIMONIO ECONOMICO", "capitulo": "DEL HURTO", "articulo": "HURTO. ART. 239 C.P.", "grado_deli": "NINGUNO", "tipo_notic": "QUERELLA", "caracteriz": "HURTO A PERSONAS", "modalidad": "COSQUILLEO", "modo": null, "motivo": null, "pais": "COLOMBIA", "dane_dep": 76, "departamen": "VALLE DEL CAUCA", "dane_mpio": 76001, "municipio": "CALI", "cod_comuna": 19.0, "comuna": "Comuna 19", "cod_barrio": 1912.0, "nom_barrio": "3 de Julio", "direccion": "76001 Sierra Rios Ruben Camilo, Calle 5C 41 65, 3 de Julio, Cali, Valle del Cauca, COL,3 DE JULIO", "sitio": "SIN INFORMACION", "x": -76.539522, "y": 3.433703, "anio": 2026, "mes": "febrero", "dia": 15, "dia_semana": 1, "hora_hecho": "08:41", "barrio": "3 DE JULIO", "estrato": 4, "geom": "0101000020E61000003E5E4887872253C0AD6A494739780B40", "fecha_hech": "2026-02-15 00:00:00" }, "geometry": { "type": "Point", "coordinates": [ -76.539522, 3.433703 ] } },
{ "type": "Feature", "properties": { "dinamica": "HURTO", "titulo": "DELITOS CONTRA EL PATRIMONIO ECONOMICO", "capitulo": "DEL HURTO", "articulo": "HURTO. ART. 239 C.P.", "grado_deli": "NINGUNO", "tipo_notic": "QUERELLA", "caracteriz": "HURTO A PERSONAS", "modalidad": "COSQUILLEO", "modo": null, "motivo": null, "pais": "COLOMBIA", "dane_dep": 76, "departamen": "VALLE DEL CAUCA", "dane_mpio": 76001, "municipio": "CALI", "cod_comuna": 19.0, "comuna": "Comuna 19", "cod_barrio": 1912.0, "nom_barrio": "3 de Julio", "direccion": "76001 Sierra Rios Ruben Camilo, Calle 5C 41 65, 3 de Julio, Cali, Valle del Cauca, COL,3 DE JULIO", "sitio": "SIN INFORMACION", "x": -76.539522, "y": 3.433703, "anio": 2026, "mes": "febrero", "dia": 15, "dia_semana": 1, "hora_hecho": "08:41", "barrio": "3 DE JULIO", "estrato": 4, "geom": "0101000020E61000003E5E4887872253C0AD6A494739780B40", "fecha_hech": "2026-02-15 00:00:00" }, "geometry": { "type": "Point", "coordinates": [ -76.539522, 3.433703 ] } },
{ "type": "Feature", "properties": { "dinamica": "HURTO", "titulo": "DELITOS CONTRA EL PATRIMONIO ECONOMICO", "capitulo": "DEL HURTO", "articulo": "HURTO CALIFICADO. ART. 240 C.P.", "grado_deli": "AGRAVADO", "tipo_notic": "DENUNCIA", "caracteriz": "HURTO A PERSONAS", "modalidad": "ATRACO", "modo": "ARMA DE FUEGO", "motivo": null, "pais": "COLOMBIA", "dane_dep": 76, "departamen": "VALLE DEL CAUCA", "dane_mpio": 76001, "municipio": "CALI", "cod_comuna": 19.0, "comuna": "Comuna 19", "cod_barrio": 1906.0, "nom_barrio": "San Fernando Nuevo", "direccion": "76001 CARRERA 36B 5B3, SAN FERNANDO NUEVO, CALI, VALLE DEL CAUCA", "sitio": "VIA PUBLICA", "x": -76.541495, "y": 3.427645, "anio": 2026, "mes": "febrero", "dia": 16, "dia_semana": 2, "hora_hecho": "17:50", "barrio": "SAN FERNANDO NUEVO", "estrato": 4, "geom": "0101000020E6100000A4FCA4DAA72253C024624A24D16B0B40", "fecha_hech": "2026-02-16 00:00:00" }, "geometry": { "type": "Point", "coordinates": [ -76.541495, 3.427645 ] } },
{ "type": "Feature", "properties": { "dinamica": "HURTO", "titulo": "DELITOS CONTRA EL PATRIMONIO ECONOMICO", "capitulo": "DEL HURTO", "articulo": "HURTO CALIFICADO. ART. 240 C.P.", "grado_deli": "AGRAVADO", "tipo_notic": "DENUNCIA", "caracteriz": "HURTO A PERSONAS", "modalidad": "ATRACO", "modo": "ARMA DE FUEGO", "motivo": null, "pais": "COLOMBIA", "dane_dep": 76, "departamen": "VALLE DEL CAUCA", "dane_mpio": 76001, "municipio": "CALI", "cod_comuna": 19.0, "comuna": "Comuna 19", "cod_barrio": 1906.0, "nom_barrio": "San Fernando Nuevo", "direccion": "76001 CARRERA 36B 5B3, SAN FERNANDO NUEVO, CALI, VALLE DEL CAUCA", "sitio": "VIA PUBLICA", "x": -76.541495, "y": 3.427645, "anio": 2026, "mes": "febrero", "dia": 16, "dia_semana": 2, "hora_hecho": "17:50", "barrio": "SAN FERNANDO NUEVO", "estrato": 4, "geom": "0101000020E6100000A4FCA4DAA72253C024624A24D16B0B40", "fecha_hech": "2026-02-16 00:00:00" }, "geometry": { "type": "Point", "coordinates": [ -76.541495, 3.427645 ] } },
{ "type": "Feature", "properties": { "dinamica": "HURTO", "titulo": "DELITOS CONTRA EL PATRIMONIO ECONOMICO", "capitulo": "DEL HURTO", "articulo": "HURTO CALIFICADO. ART. 240 C.P.", "grado_deli": "AGRAVADO", "tipo_notic": "DENUNCIA", "caracteriz": "HURTO A PERSONAS", "modalidad": "ATRACO", "modo": "ARMA DE FUEGO", "motivo": null, "pais": "COLOMBIA", "dane_dep": 76, "departamen": "VALLE DEL CAUCA", "dane_mpio": 76001, "municipio": "CALI", "cod_comuna": 19.0, "comuna": "Comuna 19", "cod_barrio": 1906.0, "nom_barrio": "San Fernando Nuevo", "direccion": "76001 CARRERA 36B 5B3, SAN FERNANDO NUEVO, CALI, VALLE DEL CAUCA", "sitio": "VIA PUBLICA", "x": -76.541495, "y": 3.427645, "anio": 2026, "mes": "febrero", "dia": 16, "dia_semana": 2, "hora_hecho": "17:50", "barrio": "SAN FERNANDO NUEVO", "estrato": 4, "geom": "0101000020E6100000A4FCA4DAA72253C024624A24D16B0B40", "fecha_hech": "2026-02-16 00:00:00" }, "geometry": { "type": "Point", "coordinates": [ -76.541495, 3.427645 ] } },
{ "type": "Feature", "properties": { "dinamica": "HURTO", "titulo": "DELITOS CONTRA EL PATRIMONIO ECONOMICO", "capitulo": "DEL HURTO", "articulo": "HURTO CALIFICADO. ART. 240 C.P.", "grado_deli": "AGRAVADO", "tipo_notic": "DENUNCIA", "caracteriz": "HURTO A PERSONAS", "modalidad": "ATRACO", "modo": "ARMA DE FUEGO", "motivo": null, "pais": "COLOMBIA", "dane_dep": 76, "departamen": "VALLE DEL CAUCA", "dane_mpio": 76001, "municipio": "CALI", "cod_comuna": 19.0, "comuna": "Comuna 19", "cod_barrio": 1906.0, "nom_barrio": "San Fernando Nuevo", "direccion": "76001 CARRERA 36B 5B3, SAN FERNANDO NUEVO, CALI, VALLE DEL CAUCA", "sitio": "VIA PUBLICA", "x": -76.541495, "y": 3.427645, "anio": 2026, "mes": "febrero", "dia": 16, "dia_semana": 2, "hora_hecho": "17:50", "barrio": "SAN FERNANDO NUEVO", "estrato": 4, "geom": "0101000020E6100000A4FCA4DAA72253C024624A24D16B0B40", "fecha_hech": "2026-02-16 00:00:00" }, "geometry": { "type": "Point", "coordinates": [ -76.541495, 3.427645 ] } },
{ "type": "Feature", "properties": { "dinamica": "HURTO", "titulo": "DELITOS CONTRA EL PATRIMONIO ECONOMICO", "capitulo": "DEL HURTO", "articulo": "HURTO CALIFICADO. ART. 240 C.P.", "grado_deli": "AGRAVADO", "tipo_notic": "DENUNCIA", "caracteriz": "HURTO A PERSONAS", "modalidad": "ATRACO", "modo": "ARMA DE FUEGO", "motivo": null, "pais": "COLOMBIA", "dane_dep": 76, "departamen": "VALLE DEL CAUCA", "dane_mpio": 76001, "municipio": "CALI", "cod_comuna": 19.0, "comuna": "Comuna 19", "cod_barrio": 1906.0, "nom_barrio": "San Fernando Nuevo", "direccion": "76001 Carrera 36B 5B3 41, San Fernando Nuevo, Cali, Valle del Cauca, COL,SAN FERNANDO NUEVO", "sitio": "SIN INFORMACION", "x": -76.541292, "y": 3.427584, "anio": 2026, "mes": "febrero", "dia": 16, "dia_semana": 2, "hora_hecho": "22:05", "barrio": "SAN FERNANDO NUEVO", "estrato": 4, "geom": "0101000020E610000088653387A42253C0C9570229B16B0B40", "fecha_hech": "2026-02-16 00:00:00" }, "geometry": { "type": "Point", "coordinates": [ -76.541292, 3.427584 ] } },
{ "type": "Feature", "properties": { "dinamica": "HURTO", "titulo": "DELITOS CONTRA EL PATRIMONIO ECONOMICO", "capitulo": "DEL HURTO", "articulo": "HURTO CALIFICADO. ART. 240 C.P.", "grado_deli": "AGRAVADO", "tipo_notic": "DENUNCIA", "caracteriz": "HURTO A PERSONAS", "modalidad": "ATRACO", "modo": "ARMA DE FUEGO", "motivo": null, "pais": "COLOMBIA", "dane_dep": 76, "departamen": "VALLE DEL CAUCA", "dane_mpio": 76001, "municipio": "CALI", "cod_comuna": 19.0, "comuna": "Comuna 19", "cod_barrio": 1906.0, "nom_barrio": "San Fernando Nuevo", "direccion": "76001 Carrera 36B 5B3 41, San Fernando Nuevo, Cali, Valle del Cauca, COL,SAN FERNANDO NUEVO", "sitio": "SIN INFORMACION", "x": -76.541292, "y": 3.427584, "anio": 2026, "mes": "febrero", "dia": 16, "dia_semana": 2, "hora_hecho": "22:05", "barrio": "SAN FERNANDO NUEVO", "estrato": 4, "geom": "0101000020E610000088653387A42253C0C9570229B16B0B40", "fecha_hech": "2026-02-16 00:00:00" }, "geometry": { "type": "Point", "coordinates": [ -76.541292, 3.427584 ] } },
{ "type": "Feature", "properties": { "dinamica": "HURTO", "titulo": "DELITOS CONTRA EL PATRIMONIO ECONOMICO", "capitulo": "DEL HURTO", "articulo": "HURTO CALIFICADO. ART. 240 C.P.", "grado_deli": "AGRAVADO", "tipo_notic": "DENUNCIA", "caracteriz": "HURTO A PERSONAS", "modalidad": "ATRACO", "modo": "ARMA DE FUEGO", "motivo": null, "pais": "COLOMBIA", "dane_dep": 76, "departamen": "VALLE DEL CAUCA", "dane_mpio": 76001, "municipio": "CALI", "cod_comuna": 19.0, "comuna": "Comuna 19", "cod_barrio": 1906.0, "nom_barrio": "San Fernando Nuevo", "direccion": "76001 Carrera 36B 5B3 41, San Fernando Nuevo, Cali, Valle del Cauca, COL,SAN FERNANDO NUEVO", "sitio": "SIN INFORMACION", "x": -76.541292, "y": 3.427584, "anio": 2026, "mes": "febrero", "dia": 16, "dia_semana": 2, "hora_hecho": "22:05", "barrio": "SAN FERNANDO NUEVO", "estrato": 4, "geom": "0101000020E610000088653387A42253C0C9570229B16B0B40", "fecha_hech": "2026-02-16 00:00:00" }, "geometry": { "type": "Point", "coordinates": [ -76.541292, 3.427584 ] } },
{ "type": "Feature", "properties": { "dinamica": "HURTO", "titulo": "DELITOS CONTRA EL PATRIMONIO ECONOMICO", "capitulo": "DEL HURTO", "articulo": "HURTO CALIFICADO. ART. 240 C.P.", "grado_deli": "AGRAVADO", "tipo_notic": "DENUNCIA", "caracteriz": "HURTO A PERSONAS", "modalidad": "ATRACO", "modo": "ARMA DE FUEGO", "motivo": null, "pais": "COLOMBIA", "dane_dep": 76, "departamen": "VALLE DEL CAUCA", "dane_mpio": 76001, "municipio": "CALI", "cod_comuna": 19.0, "comuna": "Comuna 19", "cod_barrio": 1906.0, "nom_barrio": "San Fernando Nuevo", "direccion": "76001 Carrera 36B 5B3 41, San Fernando Nuevo, Cali, Valle del Cauca, COL,SAN FERNANDO NUEVO", "sitio": "SIN INFORMACION", "x": -76.541292, "y": 3.427584, "anio": 2026, "mes": "febrero", "dia": 16, "dia_semana": 2, "hora_hecho": "22:05", "barrio": "SAN FERNANDO NUEVO", "estrato": 4, "geom": "0101000020E610000088653387A42253C0C9570229B16B0B40", "fecha_hech": "2026-02-16 00:00:00" }, "geometry": { "type": "Point", "coordinates": [ -76.541292, 3.427584 ] } },
{ "type": "Feature", "properties": { "dinamica": "HURTO", "titulo": "DELITOS CONTRA EL PATRIMONIO ECONOMICO", "capitulo": "DEL HURTO", "articulo": "HURTO. ART. 239 C.P.", "grado_deli": "NINGUNO", "tipo_notic": "DENUNCIA", "caracteriz": "HURTO A PERSONAS", "modalidad": "COSQUILLEO", "modo": null, "motivo": null, "pais": "COLOMBIA", "dane_dep": 76, "departamen": "VALLE DEL CAUCA", "dane_mpio": 76001, "municipio": "CALI", "cod_comuna": 19.0, "comuna": "Comuna 19", "cod_barrio": 1913.0, "nom_barrio": "El Cedro", "direccion": "76001", "sitio": "SIN INFORMACION", "x": -76.537395, "y": 3.435165, "anio": 2026, "mes": "febrero", "dia": 17, "dia_semana": 3, "hora_hecho": "15:30", "barrio": null, "estrato": 4, "geom": "0101000020E61000002C82FFAD642253C025E99AC9377B0B40", "fecha_hech": "2026-02-17 00:00:00" }, "geometry": { "type": "Point", "coordinates": [ -76.537395, 3.435165 ] } },
{ "type": "Feature", "properties": { "dinamica": "HURTO", "titulo": "DELITOS CONTRA EL PATRIMONIO ECONOMICO", "capitulo": "DEL HURTO", "articulo": "HURTO. ART. 239 C.P.", "grado_deli": "NINGUNO", "tipo_notic": "DENUNCIA", "caracteriz": "HURTO A PERSONAS", "modalidad": "COSQUILLEO", "modo": null, "motivo": null, "pais": "COLOMBIA", "dane_dep": 76, "departamen": "VALLE DEL CAUCA", "dane_mpio": 76001, "municipio": "CALI", "cod_comuna": 19.0, "comuna": "Comuna 19", "cod_barrio": 1913.0, "nom_barrio": "El Cedro", "direccion": "76001", "sitio": "SIN INFORMACION", "x": -76.537395, "y": 3.435165, "anio": 2026, "mes": "febrero", "dia": 17, "dia_semana": 3, "hora_hecho": "15:30", "barrio": null, "estrato": 4, "geom": "0101000020E61000002C82FFAD642253C025E99AC9377B0B40", "fecha_hech": "2026-02-17 00:00:00" }, "geometry": { "type": "Point", "coordinates": [ -76.537395, 3.435165 ] } },
{ "type": "Feature", "properties": { "dinamica": "HURTO", "titulo": "DELITOS CONTRA EL PATRIMONIO ECONOMICO", "capitulo": "DEL HURTO", "articulo": "HURTO. ART. 239 C.P.", "grado_deli": "NINGUNO", "tipo_notic": "DENUNCIA", "caracteriz": "HURTO A PERSONAS", "modalidad": "COSQUILLEO", "modo": null, "motivo": null, "pais": "COLOMBIA", "dane_dep": 76, "departamen": "VALLE DEL CAUCA", "dane_mpio": 76001, "municipio": "CALI", "cod_comuna": 19.0, "comuna": "Comuna 19", "cod_barrio": 1913.0, "nom_barrio": "El Cedro", "direccion": "76001", "sitio": "SIN INFORMACION", "x": -76.537395, "y": 3.435165, "anio": 2026, "mes": "febrero", "dia": 17, "dia_semana": 3, "hora_hecho": "15:30", "barrio": null, "estrato": 4, "geom": "0101000020E61000002C82FFAD642253C025E99AC9377B0B40", "fecha_hech": "2026-02-17 00:00:00" }, "geometry": { "type": "Point", "coordinates": [ -76.537395, 3.435165 ] } },
{ "type": "Feature", "properties": { "dinamica": "HURTO", "titulo": "DELITOS CONTRA EL PATRIMONIO ECONOMICO", "capitulo": "DEL HURTO", "articulo": "HURTO. ART. 239 C.P.", "grado_deli": "NINGUNO", "tipo_notic": "DENUNCIA", "caracteriz": "HURTO A PERSONAS", "modalidad": "COSQUILLEO", "modo": null, "motivo": null, "pais": "COLOMBIA", "dane_dep": 76, "departamen": "VALLE DEL CAUCA", "dane_mpio": 76001, "municipio": "CALI", "cod_comuna": 19.0, "comuna": "Comuna 19", "cod_barrio": 1913.0, "nom_barrio": "El Cedro", "direccion": "76001", "sitio": "SIN INFORMACION", "x": -76.537395, "y": 3.435165, "anio": 2026, "mes": "febrero", "dia": 17, "dia_semana": 3, "hora_hecho": "15:30", "barrio": null, "estrato": 4, "geom": "0101000020E61000002C82FFAD642253C025E99AC9377B0B40", "fecha_hech": "2026-02-17 00:00:00" }, "geometry": { "type": "Point", "coordinates": [ -76.537395, 3.435165 ] } },
{ "type": "Feature", "properties": { "dinamica": "HURTO", "titulo": "DELITOS CONTRA EL PATRIMONIO ECONOMICO", "capitulo": "DEL HURTO", "articulo": "HURTO. ART. 239 C.P.", "grado_deli": "AGRAVADO", "tipo_notic": "DENUNCIA", "caracteriz": "HURTO A PERSONAS", "modalidad": "FACTOR DE OPORTUNIDAD", "modo": null, "motivo": null, "pais": "COLOMBIA", "dane_dep": 76, "departamen": "VALLE DEL CAUCA", "dane_mpio": 76001, "municipio": "CALI", "cod_comuna": 19.0, "comuna": "Comuna 19", "cod_barrio": 1912.0, "nom_barrio": "3 de Julio", "direccion": "76001 CALLE 5 24A 94, MIRAFLORES, CALI, VALLE DEL CAUCA", "sitio": "ESTABLECIMIENTO PUBLICO", "x": -76.539196, "y": 3.436819, "anio": 2026, "mes": "febrero", "dia": 18, "dia_semana": 4, "hora_hecho": "19:00", "barrio": "3 DE JULIO", "estrato": 4, "geom": "0101000020E61000009488F02F822253C0E02BBAF59A7E0B40", "fecha_hech": "2026-02-18 00:00:00" }, "geometry": { "type": "Point", "coordinates": [ -76.539196, 3.436819 ] } },
{ "type": "Feature", "properties": { "dinamica": "HURTO", "titulo": "DELITOS CONTRA EL PATRIMONIO ECONOMICO", "capitulo": "DEL HURTO", "articulo": "HURTO. ART. 239 C.P.", "grado_deli": "AGRAVADO", "tipo_notic": "DENUNCIA", "caracteriz": "HURTO A PERSONAS", "modalidad": "FACTOR DE OPORTUNIDAD", "modo": null, "motivo": null, "pais": "COLOMBIA", "dane_dep": 76, "departamen": "VALLE DEL CAUCA", "dane_mpio": 76001, "municipio": "CALI", "cod_comuna": 19.0, "comuna": "Comuna 19", "cod_barrio": 1912.0, "nom_barrio": "3 de Julio", "direccion": "76001 CALLE 5 24A 94, MIRAFLORES, CALI, VALLE DEL CAUCA", "sitio": "ESTABLECIMIENTO PUBLICO", "x": -76.539196, "y": 3.436819, "anio": 2026, "mes": "febrero", "dia": 18, "dia_semana": 4, "hora_hecho": "19:00", "barrio": "3 DE JULIO", "estrato": 4, "geom": "0101000020E61000009488F02F822253C0E02BBAF59A7E0B40", "fecha_hech": "2026-02-18 00:00:00" }, "geometry": { "type": "Point", "coordinates": [ -76.539196, 3.436819 ] } },
{ "type": "Feature", "properties": { "dinamica": "HURTO", "titulo": "DELITOS CONTRA EL PATRIMONIO ECONOMICO", "capitulo": "DEL HURTO", "articulo": "HURTO. ART. 239 C.P.", "grado_deli": "AGRAVADO", "tipo_notic": "DENUNCIA", "caracteriz": "HURTO A PERSONAS", "modalidad": "FACTOR DE OPORTUNIDAD", "modo": null, "motivo": null, "pais": "COLOMBIA", "dane_dep": 76, "departamen": "VALLE DEL CAUCA", "dane_mpio": 76001, "municipio": "CALI", "cod_comuna": 19.0, "comuna": "Comuna 19", "cod_barrio": 1912.0, "nom_barrio": "3 de Julio", "direccion": "76001 CALLE 5 24A 94, MIRAFLORES, CALI, VALLE DEL CAUCA", "sitio": "ESTABLECIMIENTO PUBLICO", "x": -76.539196, "y": 3.436819, "anio": 2026, "mes": "febrero", "dia": 18, "dia_semana": 4, "hora_hecho": "19:00", "barrio": "3 DE JULIO", "estrato": 4, "geom": "0101000020E61000009488F02F822253C0E02BBAF59A7E0B40", "fecha_hech": "2026-02-18 00:00:00" }, "geometry": { "type": "Point", "coordinates": [ -76.539196, 3.436819 ] } },
{ "type": "Feature", "properties": { "dinamica": "HURTO", "titulo": "DELITOS CONTRA EL PATRIMONIO ECONOMICO", "capitulo": "DEL HURTO", "articulo": "HURTO. ART. 239 C.P.", "grado_deli": "AGRAVADO", "tipo_notic": "DENUNCIA", "caracteriz": "HURTO A PERSONAS", "modalidad": "FACTOR DE OPORTUNIDAD", "modo": null, "motivo": null, "pais": "COLOMBIA", "dane_dep": 76, "departamen": "VALLE DEL CAUCA", "dane_mpio": 76001, "municipio": "CALI", "cod_comuna": 19.0, "comuna": "Comuna 19", "cod_barrio": 1912.0, "nom_barrio": "3 de Julio", "direccion": "76001 CALLE 5 24A 94, MIRAFLORES, CALI, VALLE DEL CAUCA", "sitio": "ESTABLECIMIENTO PUBLICO", "x": -76.539196, "y": 3.436819, "anio": 2026, "mes": "febrero", "dia": 18, "dia_semana": 4, "hora_hecho": "19:00", "barrio": "3 DE JULIO", "estrato": 4, "geom": "0101000020E61000009488F02F822253C0E02BBAF59A7E0B40", "fecha_hech": "2026-02-18 00:00:00" }, "geometry": { "type": "Point", "coordinates": [ -76.539196, 3.436819 ] } },
{ "type": "Feature", "properties": { "dinamica": "HURTO", "titulo": "DELITOS CONTRA EL PATRIMONIO ECONOMICO", "capitulo": "DEL HURTO", "articulo": "HURTO CALIFICADO. ART. 240 C.P.", "grado_deli": "NINGUNO", "tipo_notic": "DENUNCIA", "caracteriz": "HURTO A PERSONAS", "modalidad": "ATRACO", "modo": "ARMA DE FUEGO", "motivo": null, "pais": "COLOMBIA", "dane_dep": 76, "departamen": "VALLE DEL CAUCA", "dane_mpio": 76001, "municipio": "CALI", "cod_comuna": 19.0, "comuna": "Comuna 19", "cod_barrio": 1905.0, "nom_barrio": "Eucaristico", "direccion": "76001 CALLE 9 CON CARRERA 34, BARRIO EUCARISTICO, CALI, VALLE DEL CAUCA", "sitio": "VIA PUBLICA", "x": -76.537666, "y": 3.426158, "anio": 2026, "mes": "febrero", "dia": 19, "dia_semana": 5, "hora_hecho": "12:00", "barrio": "BARRIO EUCARÍSTICO", "estrato": 4, "geom": "0101000020E6100000F48AA71E692253C01E6E8786C5680B40", "fecha_hech": "2026-02-19 00:00:00" }, "geometry": { "type": "Point", "coordinates": [ -76.537666, 3.426158 ] } },
{ "type": "Feature", "properties": { "dinamica": "HURTO", "titulo": "DELITOS CONTRA EL PATRIMONIO ECONOMICO", "capitulo": "DEL HURTO", "articulo": "HURTO CALIFICADO. ART. 240 C.P.", "grado_deli": "NINGUNO", "tipo_notic": "DENUNCIA", "caracteriz": "HURTO A PERSONAS", "modalidad": "ATRACO", "modo": "ARMA DE FUEGO", "motivo": null, "pais": "COLOMBIA", "dane_dep": 76, "departamen": "VALLE DEL CAUCA", "dane_mpio": 76001, "municipio": "CALI", "cod_comuna": 19.0, "comuna": "Comuna 19", "cod_barrio": 1905.0, "nom_barrio": "Eucaristico", "direccion": "76001 CALLE 9 CON CARRERA 34, BARRIO EUCARISTICO, CALI, VALLE DEL CAUCA", "sitio": "VIA PUBLICA", "x": -76.537666, "y": 3.426158, "anio": 2026, "mes": "febrero", "dia": 19, "dia_semana": 5, "hora_hecho": "12:00", "barrio": "BARRIO EUCARÍSTICO", "estrato": 4, "geom": "0101000020E6100000F48AA71E692253C01E6E8786C5680B40", "fecha_hech": "2026-02-19 00:00:00" }, "geometry": { "type": "Point", "coordinates": [ -76.537666, 3.426158 ] } },
{ "type": "Feature", "properties": { "dinamica": "HURTO", "titulo": "DELITOS CONTRA EL PATRIMONIO ECONOMICO", "capitulo": "DEL HURTO", "articulo": "HURTO CALIFICADO. ART. 240 C.P.", "grado_deli": "NINGUNO", "tipo_notic": "DENUNCIA", "caracteriz": "HURTO A PERSONAS", "modalidad": "ATRACO", "modo": "ARMA DE FUEGO", "motivo": null, "pais": "COLOMBIA", "dane_dep": 76, "departamen": "VALLE DEL CAUCA", "dane_mpio": 76001, "municipio": "CALI", "cod_comuna": 19.0, "comuna": "Comuna 19", "cod_barrio": 1905.0, "nom_barrio": "Eucaristico", "direccion": "76001 CALLE 9 CON CARRERA 34, BARRIO EUCARISTICO, CALI, VALLE DEL CAUCA", "sitio": "VIA PUBLICA", "x": -76.537666, "y": 3.426158, "anio": 2026, "mes": "febrero", "dia": 19, "dia_semana": 5, "hora_hecho": "12:00", "barrio": "BARRIO EUCARÍSTICO", "estrato": 4, "geom": "0101000020E6100000F48AA71E692253C01E6E8786C5680B40", "fecha_hech": "2026-02-19 00:00:00" }, "geometry": { "type": "Point", "coordinates": [ -76.537666, 3.426158 ] } },
{ "type": "Feature", "properties": { "dinamica": "HURTO", "titulo": "DELITOS CONTRA EL PATRIMONIO ECONOMICO", "capitulo": "DEL HURTO", "articulo": "HURTO CALIFICADO. ART. 240 C.P.", "grado_deli": "NINGUNO", "tipo_notic": "DENUNCIA", "caracteriz": "HURTO A PERSONAS", "modalidad": "ATRACO", "modo": "ARMA DE FUEGO", "motivo": null, "pais": "COLOMBIA", "dane_dep": 76, "departamen": "VALLE DEL CAUCA", "dane_mpio": 76001, "municipio": "CALI", "cod_comuna": 19.0, "comuna": "Comuna 19", "cod_barrio": 1905.0, "nom_barrio": "Eucaristico", "direccion": "76001 CALLE 9 CON CARRERA 34, BARRIO EUCARISTICO, CALI, VALLE DEL CAUCA", "sitio": "VIA PUBLICA", "x": -76.537666, "y": 3.426158, "anio": 2026, "mes": "febrero", "dia": 19, "dia_semana": 5, "hora_hecho": "12:00", "barrio": "BARRIO EUCARÍSTICO", "estrato": 4, "geom": "0101000020E6100000F48AA71E692253C01E6E8786C5680B40", "fecha_hech": "2026-02-19 00:00:00" }, "geometry": { "type": "Point", "coordinates": [ -76.537666, 3.426158 ] } },
{ "type": "Feature", "properties": { "dinamica": "HURTO", "titulo": "DELITOS CONTRA EL PATRIMONIO ECONOMICO", "capitulo": "DEL HURTO", "articulo": "HURTO CALIFICADO. ART. 240 C.P.", "grado_deli": "NINGUNO", "tipo_notic": "DENUNCIA", "caracteriz": "HURTO A PERSONAS", "modalidad": "ATRACO", "modo": "ARMA DE FUEGO", "motivo": null, "pais": "COLOMBIA", "dane_dep": 76, "departamen": "VALLE DEL CAUCA", "dane_mpio": 76001, "municipio": "CALI", "cod_comuna": 19.0, "comuna": "Comuna 19", "cod_barrio": 1913.0, "nom_barrio": "El Cedro", "direccion": "76001 CALLE 7 25 32", "sitio": "VIA PUBLICA", "x": -76.537589, "y": 3.434869, "anio": 2026, "mes": "febrero", "dia": 21, "dia_semana": 7, "hora_hecho": "05:30", "barrio": "EL CEDRO", "estrato": 4, "geom": "0101000020E61000001E6CB1DB672253C0925A28999C7A0B40", "fecha_hech": "2026-02-21 00:00:00" }, "geometry": { "type": "Point", "coordinates": [ -76.537589, 3.434869 ] } },
{ "type": "Feature", "properties": { "dinamica": "HURTO", "titulo": "DELITOS CONTRA EL PATRIMONIO ECONOMICO", "capitulo": "DEL HURTO", "articulo": "HURTO CALIFICADO. ART. 240 C.P.", "grado_deli": "NINGUNO", "tipo_notic": "DENUNCIA", "caracteriz": "HURTO A PERSONAS", "modalidad": "ATRACO", "modo": "ARMA DE FUEGO", "motivo": null, "pais": "COLOMBIA", "dane_dep": 76, "departamen": "VALLE DEL CAUCA", "dane_mpio": 76001, "municipio": "CALI", "cod_comuna": 19.0, "comuna": "Comuna 19", "cod_barrio": 1913.0, "nom_barrio": "El Cedro", "direccion": "76001 CALLE 7 25 32", "sitio": "VIA PUBLICA", "x": -76.537589, "y": 3.434869, "anio": 2026, "mes": "febrero", "dia": 21, "dia_semana": 7, "hora_hecho": "05:30", "barrio": "EL CEDRO", "estrato": 4, "geom": "0101000020E61000001E6CB1DB672253C0925A28999C7A0B40", "fecha_hech": "2026-02-21 00:00:00" }, "geometry": { "type": "Point", "coordinates": [ -76.537589, 3.434869 ] } },
{ "type": "Feature", "properties": { "dinamica": "HURTO", "titulo": "DELITOS CONTRA EL PATRIMONIO ECONOMICO", "capitulo": "DEL HURTO", "articulo": "HURTO CALIFICADO. ART. 240 C.P.", "grado_deli": "NINGUNO", "tipo_notic": "DENUNCIA", "caracteriz": "HURTO A PERSONAS", "modalidad": "ATRACO", "modo": "ARMA DE FUEGO", "motivo": null, "pais": "COLOMBIA", "dane_dep": 76, "departamen": "VALLE DEL CAUCA", "dane_mpio": 76001, "municipio": "CALI", "cod_comuna": 19.0, "comuna": "Comuna 19", "cod_barrio": 1913.0, "nom_barrio": "El Cedro", "direccion": "76001 CALLE 7 25 32", "sitio": "VIA PUBLICA", "x": -76.537589, "y": 3.434869, "anio": 2026, "mes": "febrero", "dia": 21, "dia_semana": 7, "hora_hecho": "05:30", "barrio": "EL CEDRO", "estrato": 4, "geom": "0101000020E61000001E6CB1DB672253C0925A28999C7A0B40", "fecha_hech": "2026-02-21 00:00:00" }, "geometry": { "type": "Point", "coordinates": [ -76.537589, 3.434869 ] } },
{ "type": "Feature", "properties": { "dinamica": "HURTO", "titulo": "DELITOS CONTRA EL PATRIMONIO ECONOMICO", "capitulo": "DEL HURTO", "articulo": "HURTO CALIFICADO. ART. 240 C.P.", "grado_deli": "NINGUNO", "tipo_notic": "DENUNCIA", "caracteriz": "HURTO A PERSONAS", "modalidad": "ATRACO", "modo": "ARMA DE FUEGO", "motivo": null, "pais": "COLOMBIA", "dane_dep": 76, "departamen": "VALLE DEL CAUCA", "dane_mpio": 76001, "municipio": "CALI", "cod_comuna": 19.0, "comuna": "Comuna 19", "cod_barrio": 1913.0, "nom_barrio": "El Cedro", "direccion": "76001 CALLE 7 25 32", "sitio": "VIA PUBLICA", "x": -76.537589, "y": 3.434869, "anio": 2026, "mes": "febrero", "dia": 21, "dia_semana": 7, "hora_hecho": "05:30", "barrio": "EL CEDRO", "estrato": 4, "geom": "0101000020E61000001E6CB1DB672253C0925A28999C7A0B40", "fecha_hech": "2026-02-21 00:00:00" }, "geometry": { "type": "Point", "coordinates": [ -76.537589, 3.434869 ] } },
{ "type": "Feature", "properties": { "dinamica": "HURTO", "titulo": "DELITOS CONTRA EL PATRIMONIO ECONOMICO", "capitulo": "DEL HURTO", "articulo": "HURTO CALIFICADO. ART. 240 C.P.", "grado_deli": "NINGUNO", "tipo_notic": "DENUNCIA", "caracteriz": "HURTO DE AUTOPARTES", "modalidad": "RAPONAZO", "modo": null, "motivo": null, "pais": "COLOMBIA", "dane_dep": 76, "departamen": "VALLE DEL CAUCA", "dane_mpio": 76001, "municipio": "CALI", "cod_comuna": 19.0, "comuna": "Comuna 19", "cod_barrio": 1906.0, "nom_barrio": "San Fernando Nuevo", "direccion": "76001 CALLE 5B5 36, SAN FERNANDO NUEVO, CALI, VALLE DEL CAUCA", "sitio": "VIA PUBLICA", "x": -76.540047, "y": 3.426842, "anio": 2026, "mes": "febrero", "dia": 23, "dia_semana": 2, "hora_hecho": "16:30", "barrio": "SAN FERNANDO NUEVO", "estrato": 4, "geom": "0101000020E610000063D34A21902253C04F7974232C6A0B40", "fecha_hech": "2026-02-23 00:00:00" }, "geometry": { "type": "Point", "coordinates": [ -76.540047, 3.426842 ] } },
{ "type": "Feature", "properties": { "dinamica": "HURTO", "titulo": "DELITOS CONTRA EL PATRIMONIO ECONOMICO", "capitulo": "DEL HURTO", "articulo": "HURTO CALIFICADO. ART. 240 C.P.", "grado_deli": "NINGUNO", "tipo_notic": "DENUNCIA", "caracteriz": "HURTO DE AUTOPARTES", "modalidad": "RAPONAZO", "modo": null, "motivo": null, "pais": "COLOMBIA", "dane_dep": 76, "departamen": "VALLE DEL CAUCA", "dane_mpio": 76001, "municipio": "CALI", "cod_comuna": 19.0, "comuna": "Comuna 19", "cod_barrio": 1906.0, "nom_barrio": "San Fernando Nuevo", "direccion": "76001 CALLE 5B5 36, SAN FERNANDO NUEVO, CALI, VALLE DEL CAUCA", "sitio": "VIA PUBLICA", "x": -76.540047, "y": 3.426842, "anio": 2026, "mes": "febrero", "dia": 23, "dia_semana": 2, "hora_hecho": "16:30", "barrio": "SAN FERNANDO NUEVO", "estrato": 4, "geom": "0101000020E610000063D34A21902253C04F7974232C6A0B40", "fecha_hech": "2026-02-23 00:00:00" }, "geometry": { "type": "Point", "coordinates": [ -76.540047, 3.426842 ] } },
{ "type": "Feature", "properties": { "dinamica": "HURTO", "titulo": "DELITOS CONTRA EL PATRIMONIO ECONOMICO", "capitulo": "DEL HURTO", "articulo": "HURTO CALIFICADO. ART. 240 C.P.", "grado_deli": "NINGUNO", "tipo_notic": "DENUNCIA", "caracteriz": "HURTO DE AUTOPARTES", "modalidad": "RAPONAZO", "modo": null, "motivo": null, "pais": "COLOMBIA", "dane_dep": 76, "departamen": "VALLE DEL CAUCA", "dane_mpio": 76001, "municipio": "CALI", "cod_comuna": 19.0, "comuna": "Comuna 19", "cod_barrio": 1906.0, "nom_barrio": "San Fernando Nuevo", "direccion": "76001 CALLE 5B5 36, SAN FERNANDO NUEVO, CALI, VALLE DEL CAUCA", "sitio": "VIA PUBLICA", "x": -76.540047, "y": 3.426842, "anio": 2026, "mes": "febrero", "dia": 23, "dia_semana": 2, "hora_hecho": "16:30", "barrio": "SAN FERNANDO NUEVO", "estrato": 4, "geom": "0101000020E610000063D34A21902253C04F7974232C6A0B40", "fecha_hech": "2026-02-23 00:00:00" }, "geometry": { "type": "Point", "coordinates": [ -76.540047, 3.426842 ] } },
{ "type": "Feature", "properties": { "dinamica": "HURTO", "titulo": "DELITOS CONTRA EL PATRIMONIO ECONOMICO", "capitulo": "DEL HURTO", "articulo": "HURTO CALIFICADO. ART. 240 C.P.", "grado_deli": "NINGUNO", "tipo_notic": "DENUNCIA", "caracteriz": "HURTO DE AUTOPARTES", "modalidad": "RAPONAZO", "modo": null, "motivo": null, "pais": "COLOMBIA", "dane_dep": 76, "departamen": "VALLE DEL CAUCA", "dane_mpio": 76001, "municipio": "CALI", "cod_comuna": 19.0, "comuna": "Comuna 19", "cod_barrio": 1906.0, "nom_barrio": "San Fernando Nuevo", "direccion": "76001 CALLE 5B5 36, SAN FERNANDO NUEVO, CALI, VALLE DEL CAUCA", "sitio": "VIA PUBLICA", "x": -76.540047, "y": 3.426842, "anio": 2026, "mes": "febrero", "dia": 23, "dia_semana": 2, "hora_hecho": "16:30", "barrio": "SAN FERNANDO NUEVO", "estrato": 4, "geom": "0101000020E610000063D34A21902253C04F7974232C6A0B40", "fecha_hech": "2026-02-23 00:00:00" }, "geometry": { "type": "Point", "coordinates": [ -76.540047, 3.426842 ] } },
{ "type": "Feature", "properties": { "dinamica": "HURTO", "titulo": "DELITOS CONTRA EL PATRIMONIO ECONOMICO", "capitulo": "DEL HURTO", "articulo": "HURTO CALIFICADO. ART. 240 C.P.", "grado_deli": "AGRAVADO", "tipo_notic": "DENUNCIA", "caracteriz": "HURTO DE VEHICULOS", "modalidad": "FACTOR DE OPORTUNIDAD", "modo": null, "motivo": null, "pais": "COLOMBIA", "dane_dep": 76, "departamen": "VALLE DEL CAUCA", "dane_mpio": 76001, "municipio": "CALI", "cod_comuna": 19.0, "comuna": "Comuna 19", "cod_barrio": 1913.0, "nom_barrio": "El Cedro", "direccion": "76001 CALLE 7 31 98", "sitio": "VIA PUBLICA", "x": -76.538477, "y": 3.428394, "anio": 2026, "mes": "febrero", "dia": 24, "dia_semana": 3, "hora_hecho": "21:32", "barrio": "EL CEDRO", "estrato": 4, "geom": "0101000020E61000007C293C68762253C0C66B5ED5596D0B40", "fecha_hech": "2026-02-24 00:00:00" }, "geometry": { "type": "Point", "coordinates": [ -76.538477, 3.428394 ] } },
{ "type": "Feature", "properties": { "dinamica": "HURTO", "titulo": "DELITOS CONTRA EL PATRIMONIO ECONOMICO", "capitulo": "DEL HURTO", "articulo": "HURTO CALIFICADO. ART. 240 C.P.", "grado_deli": "AGRAVADO", "tipo_notic": "DENUNCIA", "caracteriz": "HURTO DE VEHICULOS", "modalidad": "FACTOR DE OPORTUNIDAD", "modo": null, "motivo": null, "pais": "COLOMBIA", "dane_dep": 76, "departamen": "VALLE DEL CAUCA", "dane_mpio": 76001, "municipio": "CALI", "cod_comuna": 19.0, "comuna": "Comuna 19", "cod_barrio": 1913.0, "nom_barrio": "El Cedro", "direccion": "76001 CALLE 7 31 98", "sitio": "VIA PUBLICA", "x": -76.538477, "y": 3.428394, "anio": 2026, "mes": "febrero", "dia": 24, "dia_semana": 3, "hora_hecho": "21:32", "barrio": "EL CEDRO", "estrato": 4, "geom": "0101000020E61000007C293C68762253C0C66B5ED5596D0B40", "fecha_hech": "2026-02-24 00:00:00" }, "geometry": { "type": "Point", "coordinates": [ -76.538477, 3.428394 ] } },
{ "type": "Feature", "properties": { "dinamica": "HURTO", "titulo": "DELITOS CONTRA EL PATRIMONIO ECONOMICO", "capitulo": "DEL HURTO", "articulo": "HURTO CALIFICADO. ART. 240 C.P.", "grado_deli": "AGRAVADO", "tipo_notic": "DENUNCIA", "caracteriz": "HURTO DE VEHICULOS", "modalidad": "FACTOR DE OPORTUNIDAD", "modo": null, "motivo": null, "pais": "COLOMBIA", "dane_dep": 76, "departamen": "VALLE DEL CAUCA", "dane_mpio": 76001, "municipio": "CALI", "cod_comuna": 19.0, "comuna": "Comuna 19", "cod_barrio": 1913.0, "nom_barrio": "El Cedro", "direccion": "76001 CALLE 7 31 98", "sitio": "VIA PUBLICA", "x": -76.538477, "y": 3.428394, "anio": 2026, "mes": "febrero", "dia": 24, "dia_semana": 3, "hora_hecho": "21:32", "barrio": "EL CEDRO", "estrato": 4, "geom": "0101000020E61000007C293C68762253C0C66B5ED5596D0B40", "fecha_hech": "2026-02-24 00:00:00" }, "geometry": { "type": "Point", "coordinates": [ -76.538477, 3.428394 ] } },
{ "type": "Feature", "properties": { "dinamica": "HURTO", "titulo": "DELITOS CONTRA EL PATRIMONIO ECONOMICO", "capitulo": "DEL HURTO", "articulo": "HURTO CALIFICADO. ART. 240 C.P.", "grado_deli": "AGRAVADO", "tipo_notic": "DENUNCIA", "caracteriz": "HURTO DE VEHICULOS", "modalidad": "FACTOR DE OPORTUNIDAD", "modo": null, "motivo": null, "pais": "COLOMBIA", "dane_dep": 76, "departamen": "VALLE DEL CAUCA", "dane_mpio": 76001, "municipio": "CALI", "cod_comuna": 19.0, "comuna": "Comuna 19", "cod_barrio": 1913.0, "nom_barrio": "El Cedro", "direccion": "76001 CALLE 7 31 98", "sitio": "VIA PUBLICA", "x": -76.538477, "y": 3.428394, "anio": 2026, "mes": "febrero", "dia": 24, "dia_semana": 3, "hora_hecho": "21:32", "barrio": "EL CEDRO", "estrato": 4, "geom": "0101000020E61000007C293C68762253C0C66B5ED5596D0B40", "fecha_hech": "2026-02-24 00:00:00" }, "geometry": { "type": "Point", "coordinates": [ -76.538477, 3.428394 ] } },
{ "type": "Feature", "properties": { "dinamica": "HURTO", "titulo": "DELITOS CONTRA EL PATRIMONIO ECONOMICO", "capitulo": "DEL HURTO", "articulo": "HURTO CALIFICADO. ART. 240 C.P.", "grado_deli": "NINGUNO", "tipo_notic": "DENUNCIA", "caracteriz": "HURTO DE MOTOCICLETAS", "modalidad": "HALADO", "modo": null, "motivo": null, "pais": "COLOMBIA", "dane_dep": 76, "departamen": "VALLE DEL CAUCA", "dane_mpio": 76001, "municipio": "CALI", "cod_comuna": 19.0, "comuna": "Comuna 19", "cod_barrio": 1912.0, "nom_barrio": "3 de Julio", "direccion": "76001 CALLE 5B 25 1", "sitio": "VIA PUBLICA", "x": -76.540391, "y": 3.435413, "anio": 2026, "mes": "febrero", "dia": 25, "dia_semana": 4, "hora_hecho": "20:15", "barrio": "3 DE JULIO", "estrato": 4, "geom": "0101000020E6100000600322C4952253C0A7069ACFB97B0B40", "fecha_hech": "2026-02-25 00:00:00" }, "geometry": { "type": "Point", "coordinates": [ -76.540391, 3.435413 ] } },
{ "type": "Feature", "properties": { "dinamica": "HURTO", "titulo": "DELITOS CONTRA EL PATRIMONIO ECONOMICO", "capitulo": "DEL HURTO", "articulo": "HURTO CALIFICADO. ART. 240 C.P.", "grado_deli": "NINGUNO", "tipo_notic": "DENUNCIA", "caracteriz": "HURTO DE MOTOCICLETAS", "modalidad": "HALADO", "modo": null, "motivo": null, "pais": "COLOMBIA", "dane_dep": 76, "departamen": "VALLE DEL CAUCA", "dane_mpio": 76001, "municipio": "CALI", "cod_comuna": 19.0, "comuna": "Comuna 19", "cod_barrio": 1912.0, "nom_barrio": "3 de Julio", "direccion": "76001 CALLE 5B 25 1", "sitio": "VIA PUBLICA", "x": -76.540391, "y": 3.435413, "anio": 2026, "mes": "febrero", "dia": 25, "dia_semana": 4, "hora_hecho": "20:15", "barrio": "3 DE JULIO", "estrato": 4, "geom": "0101000020E6100000600322C4952253C0A7069ACFB97B0B40", "fecha_hech": "2026-02-25 00:00:00" }, "geometry": { "type": "Point", "coordinates": [ -76.540391, 3.435413 ] } },
{ "type": "Feature", "properties": { "dinamica": "HURTO", "titulo": "DELITOS CONTRA EL PATRIMONIO ECONOMICO", "capitulo": "DEL HURTO", "articulo": "HURTO CALIFICADO. ART. 240 C.P.", "grado_deli": "NINGUNO", "tipo_notic": "DENUNCIA", "caracteriz": "HURTO DE MOTOCICLETAS", "modalidad": "HALADO", "modo": null, "motivo": null, "pais": "COLOMBIA", "dane_dep": 76, "departamen": "VALLE DEL CAUCA", "dane_mpio": 76001, "municipio": "CALI", "cod_comuna": 19.0, "comuna": "Comuna 19", "cod_barrio": 1912.0, "nom_barrio": "3 de Julio", "direccion": "76001 CALLE 5B 25 1", "sitio": "VIA PUBLICA", "x": -76.540391, "y": 3.435413, "anio": 2026, "mes": "febrero", "dia": 25, "dia_semana": 4, "hora_hecho": "20:15", "barrio": "3 DE JULIO", "estrato": 4, "geom": "0101000020E6100000600322C4952253C0A7069ACFB97B0B40", "fecha_hech": "2026-02-25 00:00:00" }, "geometry": { "type": "Point", "coordinates": [ -76.540391, 3.435413 ] } },
{ "type": "Feature", "properties": { "dinamica": "HURTO", "titulo": "DELITOS CONTRA EL PATRIMONIO ECONOMICO", "capitulo": "DEL HURTO", "articulo": "HURTO CALIFICADO. ART. 240 C.P.", "grado_deli": "NINGUNO", "tipo_notic": "DENUNCIA", "caracteriz": "HURTO DE MOTOCICLETAS", "modalidad": "HALADO", "modo": null, "motivo": null, "pais": "COLOMBIA", "dane_dep": 76, "departamen": "VALLE DEL CAUCA", "dane_mpio": 76001, "municipio": "CALI", "cod_comuna": 19.0, "comuna": "Comuna 19", "cod_barrio": 1912.0, "nom_barrio": "3 de Julio", "direccion": "76001 CALLE 5B 25 1", "sitio": "VIA PUBLICA", "x": -76.540391, "y": 3.435413, "anio": 2026, "mes": "febrero", "dia": 25, "dia_semana": 4, "hora_hecho": "20:15", "barrio": "3 DE JULIO", "estrato": 4, "geom": "0101000020E6100000600322C4952253C0A7069ACFB97B0B40", "fecha_hech": "2026-02-25 00:00:00" }, "geometry": { "type": "Point", "coordinates": [ -76.540391, 3.435413 ] } },
{ "type": "Feature", "properties": { "dinamica": "HURTO", "titulo": "DELITOS CONTRA EL PATRIMONIO ECONOMICO", "capitulo": "DEL HURTO", "articulo": "HURTO CALIFICADO. ART. 240 C.P.", "grado_deli": "NINGUNO", "tipo_notic": "DENUNCIA", "caracteriz": "HURTO A PERSONAS", "modalidad": "VIOLACION DE CERRADURA", "modo": null, "motivo": null, "pais": "COLOMBIA", "dane_dep": 76, "departamen": "VALLE DEL CAUCA", "dane_mpio": 76001, "municipio": "CALI", "cod_comuna": 19.0, "comuna": "Comuna 19", "cod_barrio": 1913.0, "nom_barrio": "El Cedro", "direccion": "76001 Centro Comercial Centrosur Plaza, El Cedro, Cali, Valle del Cauca, COL,EL CEDRO", "sitio": "SIN INFORMACION", "x": -76.53776, "y": 3.42698, "anio": 2026, "mes": "febrero", "dia": 26, "dia_semana": 5, "hora_hecho": "14:25", "barrio": "EL CEDRO", "estrato": 4, "geom": "0101000020E61000003546EBA86A2253C05F5E807D746A0B40", "fecha_hech": "2026-02-26 00:00:00" }, "geometry": { "type": "Point", "coordinates": [ -76.53776, 3.42698 ] } },
{ "type": "Feature", "properties": { "dinamica": "HURTO", "titulo": "DELITOS CONTRA EL PATRIMONIO ECONOMICO", "capitulo": "DEL HURTO", "articulo": "HURTO CALIFICADO. ART. 240 C.P.", "grado_deli": "NINGUNO", "tipo_notic": "DENUNCIA", "caracteriz": "HURTO A PERSONAS", "modalidad": "VIOLACION DE CERRADURA", "modo": null, "motivo": null, "pais": "COLOMBIA", "dane_dep": 76, "departamen": "VALLE DEL CAUCA", "dane_mpio": 76001, "municipio": "CALI", "cod_comuna": 19.0, "comuna": "Comuna 19", "cod_barrio": 1913.0, "nom_barrio": "El Cedro", "direccion": "76001 Centro Comercial Centrosur Plaza, El Cedro, Cali, Valle del Cauca, COL,EL CEDRO", "sitio": "SIN INFORMACION", "x": -76.53776, "y": 3.42698, "anio": 2026, "mes": "febrero", "dia": 26, "dia_semana": 5, "hora_hecho": "14:25", "barrio": "EL CEDRO", "estrato": 4, "geom": "0101000020E61000003546EBA86A2253C05F5E807D746A0B40", "fecha_hech": "2026-02-26 00:00:00" }, "geometry": { "type": "Point", "coordinates": [ -76.53776, 3.42698 ] } },
{ "type": "Feature", "properties": { "dinamica": "HURTO", "titulo": "DELITOS CONTRA EL PATRIMONIO ECONOMICO", "capitulo": "DEL HURTO", "articulo": "HURTO CALIFICADO. ART. 240 C.P.", "grado_deli": "NINGUNO", "tipo_notic": "DENUNCIA", "caracteriz": "HURTO A PERSONAS", "modalidad": "VIOLACION DE CERRADURA", "modo": null, "motivo": null, "pais": "COLOMBIA", "dane_dep": 76, "departamen": "VALLE DEL CAUCA", "dane_mpio": 76001, "municipio": "CALI", "cod_comuna": 19.0, "comuna": "Comuna 19", "cod_barrio": 1913.0, "nom_barrio": "El Cedro", "direccion": "76001 Centro Comercial Centrosur Plaza, El Cedro, Cali, Valle del Cauca, COL,EL CEDRO", "sitio": "SIN INFORMACION", "x": -76.53776, "y": 3.42698, "anio": 2026, "mes": "febrero", "dia": 26, "dia_semana": 5, "hora_hecho": "14:25", "barrio": "EL CEDRO", "estrato": 4, "geom": "0101000020E61000003546EBA86A2253C05F5E807D746A0B40", "fecha_hech": "2026-02-26 00:00:00" }, "geometry": { "type": "Point", "coordinates": [ -76.53776, 3.42698 ] } },
{ "type": "Feature", "properties": { "dinamica": "HURTO", "titulo": "DELITOS CONTRA EL PATRIMONIO ECONOMICO", "capitulo": "DEL HURTO", "articulo": "HURTO CALIFICADO. ART. 240 C.P.", "grado_deli": "NINGUNO", "tipo_notic": "DENUNCIA", "caracteriz": "HURTO A PERSONAS", "modalidad": "VIOLACION DE CERRADURA", "modo": null, "motivo": null, "pais": "COLOMBIA", "dane_dep": 76, "departamen": "VALLE DEL CAUCA", "dane_mpio": 76001, "municipio": "CALI", "cod_comuna": 19.0, "comuna": "Comuna 19", "cod_barrio": 1913.0, "nom_barrio": "El Cedro", "direccion": "76001 Centro Comercial Centrosur Plaza, El Cedro, Cali, Valle del Cauca, COL,EL CEDRO", "sitio": "SIN INFORMACION", "x": -76.53776, "y": 3.42698, "anio": 2026, "mes": "febrero", "dia": 26, "dia_semana": 5, "hora_hecho": "14:25", "barrio": "EL CEDRO", "estrato": 4, "geom": "0101000020E61000003546EBA86A2253C05F5E807D746A0B40", "fecha_hech": "2026-02-26 00:00:00" }, "geometry": { "type": "Point", "coordinates": [ -76.53776, 3.42698 ] } },
{ "type": "Feature", "properties": { "dinamica": "HURTO", "titulo": "DELITOS CONTRA EL PATRIMONIO ECONOMICO", "capitulo": "DEL HURTO", "articulo": "HURTO CALIFICADO. ART. 240 C.P.", "grado_deli": "AGRAVADO", "tipo_notic": "DENUNCIA", "caracteriz": "HURTO DE MOTOCICLETAS", "modalidad": "HALADO", "modo": null, "motivo": null, "pais": "COLOMBIA", "dane_dep": 76, "departamen": "VALLE DEL CAUCA", "dane_mpio": 76001, "municipio": "CALI", "cod_comuna": 19.0, "comuna": "Comuna 19", "cod_barrio": 1913.0, "nom_barrio": "El Cedro", "direccion": "76001 CALLE 7, EL CEDRO, CALI, VALLE DEL CAUCA", "sitio": "VIA PUBLICA", "x": -76.537619, "y": 3.431045, "anio": 2026, "mes": "febrero", "dia": 26, "dia_semana": 5, "hora_hecho": "15:00", "barrio": "EL CEDRO", "estrato": 4, "geom": "0101000020E610000054AD8559682253C0A6D590B8C7720B40", "fecha_hech": "2026-02-26 00:00:00" }, "geometry": { "type": "Point", "coordinates": [ -76.537619, 3.431045 ] } },
{ "type": "Feature", "properties": { "dinamica": "HURTO", "titulo": "DELITOS CONTRA EL PATRIMONIO ECONOMICO", "capitulo": "DEL HURTO", "articulo": "HURTO CALIFICADO. ART. 240 C.P.", "grado_deli": "AGRAVADO", "tipo_notic": "DENUNCIA", "caracteriz": "HURTO DE MOTOCICLETAS", "modalidad": "HALADO", "modo": null, "motivo": null, "pais": "COLOMBIA", "dane_dep": 76, "departamen": "VALLE DEL CAUCA", "dane_mpio": 76001, "municipio": "CALI", "cod_comuna": 19.0, "comuna": "Comuna 19", "cod_barrio": 1913.0, "nom_barrio": "El Cedro", "direccion": "76001 CALLE 7, EL CEDRO, CALI, VALLE DEL CAUCA", "sitio": "VIA PUBLICA", "x": -76.537619, "y": 3.431045, "anio": 2026, "mes": "febrero", "dia": 26, "dia_semana": 5, "hora_hecho": "15:00", "barrio": "EL CEDRO", "estrato": 4, "geom": "0101000020E610000054AD8559682253C0A6D590B8C7720B40", "fecha_hech": "2026-02-26 00:00:00" }, "geometry": { "type": "Point", "coordinates": [ -76.537619, 3.431045 ] } },
{ "type": "Feature", "properties": { "dinamica": "HURTO", "titulo": "DELITOS CONTRA EL PATRIMONIO ECONOMICO", "capitulo": "DEL HURTO", "articulo": "HURTO CALIFICADO. ART. 240 C.P.", "grado_deli": "AGRAVADO", "tipo_notic": "DENUNCIA", "caracteriz": "HURTO DE MOTOCICLETAS", "modalidad": "HALADO", "modo": null, "motivo": null, "pais": "COLOMBIA", "dane_dep": 76, "departamen": "VALLE DEL CAUCA", "dane_mpio": 76001, "municipio": "CALI", "cod_comuna": 19.0, "comuna": "Comuna 19", "cod_barrio": 1913.0, "nom_barrio": "El Cedro", "direccion": "76001 CALLE 7, EL CEDRO, CALI, VALLE DEL CAUCA", "sitio": "VIA PUBLICA", "x": -76.537619, "y": 3.431045, "anio": 2026, "mes": "febrero", "dia": 26, "dia_semana": 5, "hora_hecho": "15:00", "barrio": "EL CEDRO", "estrato": 4, "geom": "0101000020E610000054AD8559682253C0A6D590B8C7720B40", "fecha_hech": "2026-02-26 00:00:00" }, "geometry": { "type": "Point", "coordinates": [ -76.537619, 3.431045 ] } },
{ "type": "Feature", "properties": { "dinamica": "HURTO", "titulo": "DELITOS CONTRA EL PATRIMONIO ECONOMICO", "capitulo": "DEL HURTO", "articulo": "HURTO CALIFICADO. ART. 240 C.P.", "grado_deli": "AGRAVADO", "tipo_notic": "DENUNCIA", "caracteriz": "HURTO DE MOTOCICLETAS", "modalidad": "HALADO", "modo": null, "motivo": null, "pais": "COLOMBIA", "dane_dep": 76, "departamen": "VALLE DEL CAUCA", "dane_mpio": 76001, "municipio": "CALI", "cod_comuna": 19.0, "comuna": "Comuna 19", "cod_barrio": 1913.0, "nom_barrio": "El Cedro", "direccion": "76001 CALLE 7, EL CEDRO, CALI, VALLE DEL CAUCA", "sitio": "VIA PUBLICA", "x": -76.537619, "y": 3.431045, "anio": 2026, "mes": "febrero", "dia": 26, "dia_semana": 5, "hora_hecho": "15:00", "barrio": "EL CEDRO", "estrato": 4, "geom": "0101000020E610000054AD8559682253C0A6D590B8C7720B40", "fecha_hech": "2026-02-26 00:00:00" }, "geometry": { "type": "Point", "coordinates": [ -76.537619, 3.431045 ] } },
{ "type": "Feature", "properties": { "dinamica": "HURTO", "titulo": "DELITOS CONTRA EL PATRIMONIO ECONOMICO", "capitulo": "DEL HURTO", "articulo": "HURTO. ART. 239 C.P.", "grado_deli": "NINGUNO", "tipo_notic": "DENUNCIA", "caracteriz": "HURTO A PERSONAS", "modalidad": "RAPONAZO", "modo": null, "motivo": null, "pais": "COLOMBIA", "dane_dep": 76, "departamen": "VALLE DEL CAUCA", "dane_mpio": 76001, "municipio": "CALI", "cod_comuna": 19.0, "comuna": "Comuna 19", "cod_barrio": 1913.0, "nom_barrio": "El Cedro", "direccion": "76001 CARRERA 34, EL CEDRO, CALI, VALLE DEL CAUCA", "sitio": "VIA PUBLICA", "x": -76.538954, "y": 3.428224, "anio": 2026, "mes": "marzo", "dia": 2, "dia_semana": 2, "hora_hecho": "18:30", "barrio": "EL CEDRO", "estrato": 4, "geom": "0101000020E61000001903EB387E2253C000E65AB4006D0B40", "fecha_hech": "2026-03-02 00:00:00" }, "geometry": { "type": "Point", "coordinates": [ -76.538954, 3.428224 ] } },
{ "type": "Feature", "properties": { "dinamica": "HURTO", "titulo": "DELITOS CONTRA EL PATRIMONIO ECONOMICO", "capitulo": "DEL HURTO", "articulo": "HURTO. ART. 239 C.P.", "grado_deli": "NINGUNO", "tipo_notic": "DENUNCIA", "caracteriz": "HURTO A PERSONAS", "modalidad": "RAPONAZO", "modo": null, "motivo": null, "pais": "COLOMBIA", "dane_dep": 76, "departamen": "VALLE DEL CAUCA", "dane_mpio": 76001, "municipio": "CALI", "cod_comuna": 19.0, "comuna": "Comuna 19", "cod_barrio": 1913.0, "nom_barrio": "El Cedro", "direccion": "76001 CARRERA 34, EL CEDRO, CALI, VALLE DEL CAUCA", "sitio": "VIA PUBLICA", "x": -76.538954, "y": 3.428224, "anio": 2026, "mes": "marzo", "dia": 2, "dia_semana": 2, "hora_hecho": "18:30", "barrio": "EL CEDRO", "estrato": 4, "geom": "0101000020E61000001903EB387E2253C000E65AB4006D0B40", "fecha_hech": "2026-03-02 00:00:00" }, "geometry": { "type": "Point", "coordinates": [ -76.538954, 3.428224 ] } },
{ "type": "Feature", "properties": { "dinamica": "HURTO", "titulo": "DELITOS CONTRA EL PATRIMONIO ECONOMICO", "capitulo": "DEL HURTO", "articulo": "HURTO. ART. 239 C.P.", "grado_deli": "NINGUNO", "tipo_notic": "DENUNCIA", "caracteriz": "HURTO A PERSONAS", "modalidad": "RAPONAZO", "modo": null, "motivo": null, "pais": "COLOMBIA", "dane_dep": 76, "departamen": "VALLE DEL CAUCA", "dane_mpio": 76001, "municipio": "CALI", "cod_comuna": 19.0, "comuna": "Comuna 19", "cod_barrio": 1913.0, "nom_barrio": "El Cedro", "direccion": "76001 CARRERA 34, EL CEDRO, CALI, VALLE DEL CAUCA", "sitio": "VIA PUBLICA", "x": -76.538954, "y": 3.428224, "anio": 2026, "mes": "marzo", "dia": 2, "dia_semana": 2, "hora_hecho": "18:30", "barrio": "EL CEDRO", "estrato": 4, "geom": "0101000020E61000001903EB387E2253C000E65AB4006D0B40", "fecha_hech": "2026-03-02 00:00:00" }, "geometry": { "type": "Point", "coordinates": [ -76.538954, 3.428224 ] } },
{ "type": "Feature", "properties": { "dinamica": "HURTO", "titulo": "DELITOS CONTRA EL PATRIMONIO ECONOMICO", "capitulo": "DEL HURTO", "articulo": "HURTO. ART. 239 C.P.", "grado_deli": "NINGUNO", "tipo_notic": "DENUNCIA", "caracteriz": "HURTO A PERSONAS", "modalidad": "RAPONAZO", "modo": null, "motivo": null, "pais": "COLOMBIA", "dane_dep": 76, "departamen": "VALLE DEL CAUCA", "dane_mpio": 76001, "municipio": "CALI", "cod_comuna": 19.0, "comuna": "Comuna 19", "cod_barrio": 1913.0, "nom_barrio": "El Cedro", "direccion": "76001 CARRERA 34, EL CEDRO, CALI, VALLE DEL CAUCA", "sitio": "VIA PUBLICA", "x": -76.538954, "y": 3.428224, "anio": 2026, "mes": "marzo", "dia": 2, "dia_semana": 2, "hora_hecho": "18:30", "barrio": "EL CEDRO", "estrato": 4, "geom": "0101000020E61000001903EB387E2253C000E65AB4006D0B40", "fecha_hech": "2026-03-02 00:00:00" }, "geometry": { "type": "Point", "coordinates": [ -76.538954, 3.428224 ] } },
{ "type": "Feature", "properties": { "dinamica": "HURTO", "titulo": "DELITOS CONTRA EL PATRIMONIO ECONOMICO", "capitulo": "DEL HURTO", "articulo": "HURTO CALIFICADO. ART. 240 C.P.", "grado_deli": "NINGUNO", "tipo_notic": "DENUNCIA", "caracteriz": "HURTO A PERSONAS", "modalidad": "RAPONAZO", "modo": null, "motivo": null, "pais": "COLOMBIA", "dane_dep": 76, "departamen": "VALLE DEL CAUCA", "dane_mpio": 76001, "municipio": "CALI", "cod_comuna": 19.0, "comuna": "Comuna 19", "cod_barrio": 1913.0, "nom_barrio": "El Cedro", "direccion": "76001 Calle 7 25 60, El Cedro, Cali, Valle del Cauca, COL,EL CEDRO", "sitio": "SIN INFORMACION", "x": -76.537569, "y": 3.434515, "anio": 2026, "mes": "marzo", "dia": 2, "dia_semana": 2, "hora_hecho": "21:05", "barrio": "EL CEDRO", "estrato": 4, "geom": "0101000020E6100000FB95CE87672253C0B6F81400E3790B40", "fecha_hech": "2026-03-02 00:00:00" }, "geometry": { "type": "Point", "coordinates": [ -76.537569, 3.434515 ] } },
{ "type": "Feature", "properties": { "dinamica": "HURTO", "titulo": "DELITOS CONTRA EL PATRIMONIO ECONOMICO", "capitulo": "DEL HURTO", "articulo": "HURTO CALIFICADO. ART. 240 C.P.", "grado_deli": "NINGUNO", "tipo_notic": "DENUNCIA", "caracteriz": "HURTO A PERSONAS", "modalidad": "RAPONAZO", "modo": null, "motivo": null, "pais": "COLOMBIA", "dane_dep": 76, "departamen": "VALLE DEL CAUCA", "dane_mpio": 76001, "municipio": "CALI", "cod_comuna": 19.0, "comuna": "Comuna 19", "cod_barrio": 1913.0, "nom_barrio": "El Cedro", "direccion": "76001 Calle 7 25 60, El Cedro, Cali, Valle del Cauca, COL,EL CEDRO", "sitio": "SIN INFORMACION", "x": -76.537569, "y": 3.434515, "anio": 2026, "mes": "marzo", "dia": 2, "dia_semana": 2, "hora_hecho": "21:05", "barrio": "EL CEDRO", "estrato": 4, "geom": "0101000020E6100000FB95CE87672253C0B6F81400E3790B40", "fecha_hech": "2026-03-02 00:00:00" }, "geometry": { "type": "Point", "coordinates": [ -76.537569, 3.434515 ] } },
{ "type": "Feature", "properties": { "dinamica": "HURTO", "titulo": "DELITOS CONTRA EL PATRIMONIO ECONOMICO", "capitulo": "DEL HURTO", "articulo": "HURTO CALIFICADO. ART. 240 C.P.", "grado_deli": "NINGUNO", "tipo_notic": "DENUNCIA", "caracteriz": "HURTO A PERSONAS", "modalidad": "RAPONAZO", "modo": null, "motivo": null, "pais": "COLOMBIA", "dane_dep": 76, "departamen": "VALLE DEL CAUCA", "dane_mpio": 76001, "municipio": "CALI", "cod_comuna": 19.0, "comuna": "Comuna 19", "cod_barrio": 1913.0, "nom_barrio": "El Cedro", "direccion": "76001 Calle 7 25 60, El Cedro, Cali, Valle del Cauca, COL,EL CEDRO", "sitio": "SIN INFORMACION", "x": -76.537569, "y": 3.434515, "anio": 2026, "mes": "marzo", "dia": 2, "dia_semana": 2, "hora_hecho": "21:05", "barrio": "EL CEDRO", "estrato": 4, "geom": "0101000020E6100000FB95CE87672253C0B6F81400E3790B40", "fecha_hech": "2026-03-02 00:00:00" }, "geometry": { "type": "Point", "coordinates": [ -76.537569, 3.434515 ] } },
{ "type": "Feature", "properties": { "dinamica": "HURTO", "titulo": "DELITOS CONTRA EL PATRIMONIO ECONOMICO", "capitulo": "DEL HURTO", "articulo": "HURTO CALIFICADO. ART. 240 C.P.", "grado_deli": "NINGUNO", "tipo_notic": "DENUNCIA", "caracteriz": "HURTO A PERSONAS", "modalidad": "RAPONAZO", "modo": null, "motivo": null, "pais": "COLOMBIA", "dane_dep": 76, "departamen": "VALLE DEL CAUCA", "dane_mpio": 76001, "municipio": "CALI", "cod_comuna": 19.0, "comuna": "Comuna 19", "cod_barrio": 1913.0, "nom_barrio": "El Cedro", "direccion": "76001 Calle 7 25 60, El Cedro, Cali, Valle del Cauca, COL,EL CEDRO", "sitio": "SIN INFORMACION", "x": -76.537569, "y": 3.434515, "anio": 2026, "mes": "marzo", "dia": 2, "dia_semana": 2, "hora_hecho": "21:05", "barrio": "EL CEDRO", "estrato": 4, "geom": "0101000020E6100000FB95CE87672253C0B6F81400E3790B40", "fecha_hech": "2026-03-02 00:00:00" }, "geometry": { "type": "Point", "coordinates": [ -76.537569, 3.434515 ] } },
{ "type": "Feature", "properties": { "dinamica": "HURTO", "titulo": "DELITOS CONTRA EL PATRIMONIO ECONOMICO", "capitulo": "DEL HURTO", "articulo": "HURTO. ART. 239 C.P.", "grado_deli": "AGRAVADO", "tipo_notic": "DENUNCIA", "caracteriz": "HURTO A ESTABLECIMIENTOS", "modalidad": "FACTOR DE OPORTUNIDAD", "modo": null, "motivo": null, "pais": "COLOMBIA", "dane_dep": 76, "departamen": "VALLE DEL CAUCA", "dane_mpio": 76001, "municipio": "CALI", "cod_comuna": 19.0, "comuna": "Comuna 19", "cod_barrio": 1913.0, "nom_barrio": "El Cedro", "direccion": "76001 NO REPORTA CALLE 9 32 A 16", "sitio": "SIN INFORMACION", "x": -76.5373, "y": 3.42715, "anio": 2026, "mes": "marzo", "dia": 3, "dia_semana": 3, "hora_hecho": "13:00", "barrio": null, "estrato": 4, "geom": "0101000020E610000003098A1F632253C026E4839ECD6A0B40", "fecha_hech": "2026-03-03 00:00:00" }, "geometry": { "type": "Point", "coordinates": [ -76.5373, 3.42715 ] } },
{ "type": "Feature", "properties": { "dinamica": "HURTO", "titulo": "DELITOS CONTRA EL PATRIMONIO ECONOMICO", "capitulo": "DEL HURTO", "articulo": "HURTO. ART. 239 C.P.", "grado_deli": "AGRAVADO", "tipo_notic": "DENUNCIA", "caracteriz": "HURTO A ESTABLECIMIENTOS", "modalidad": "FACTOR DE OPORTUNIDAD", "modo": null, "motivo": null, "pais": "COLOMBIA", "dane_dep": 76, "departamen": "VALLE DEL CAUCA", "dane_mpio": 76001, "municipio": "CALI", "cod_comuna": 19.0, "comuna": "Comuna 19", "cod_barrio": 1913.0, "nom_barrio": "El Cedro", "direccion": "76001 NO REPORTA CALLE 9 32 A 16", "sitio": "SIN INFORMACION", "x": -76.5373, "y": 3.42715, "anio": 2026, "mes": "marzo", "dia": 3, "dia_semana": 3, "hora_hecho": "13:00", "barrio": null, "estrato": 4, "geom": "0101000020E610000003098A1F632253C026E4839ECD6A0B40", "fecha_hech": "2026-03-03 00:00:00" }, "geometry": { "type": "Point", "coordinates": [ -76.5373, 3.42715 ] } },
{ "type": "Feature", "properties": { "dinamica": "HURTO", "titulo": "DELITOS CONTRA EL PATRIMONIO ECONOMICO", "capitulo": "DEL HURTO", "articulo": "HURTO. ART. 239 C.P.", "grado_deli": "AGRAVADO", "tipo_notic": "DENUNCIA", "caracteriz": "HURTO A ESTABLECIMIENTOS", "modalidad": "FACTOR DE OPORTUNIDAD", "modo": null, "motivo": null, "pais": "COLOMBIA", "dane_dep": 76, "departamen": "VALLE DEL CAUCA", "dane_mpio": 76001, "municipio": "CALI", "cod_comuna": 19.0, "comuna": "Comuna 19", "cod_barrio": 1913.0, "nom_barrio": "El Cedro", "direccion": "76001 NO REPORTA CALLE 9 32 A 16", "sitio": "SIN INFORMACION", "x": -76.5373, "y": 3.42715, "anio": 2026, "mes": "marzo", "dia": 3, "dia_semana": 3, "hora_hecho": "13:00", "barrio": null, "estrato": 4, "geom": "0101000020E610000003098A1F632253C026E4839ECD6A0B40", "fecha_hech": "2026-03-03 00:00:00" }, "geometry": { "type": "Point", "coordinates": [ -76.5373, 3.42715 ] } },
{ "type": "Feature", "properties": { "dinamica": "HURTO", "titulo": "DELITOS CONTRA EL PATRIMONIO ECONOMICO", "capitulo": "DEL HURTO", "articulo": "HURTO. ART. 239 C.P.", "grado_deli": "AGRAVADO", "tipo_notic": "DENUNCIA", "caracteriz": "HURTO A ESTABLECIMIENTOS", "modalidad": "FACTOR DE OPORTUNIDAD", "modo": null, "motivo": null, "pais": "COLOMBIA", "dane_dep": 76, "departamen": "VALLE DEL CAUCA", "dane_mpio": 76001, "municipio": "CALI", "cod_comuna": 19.0, "comuna": "Comuna 19", "cod_barrio": 1913.0, "nom_barrio": "El Cedro", "direccion": "76001 NO REPORTA CALLE 9 32 A 16", "sitio": "SIN INFORMACION", "x": -76.5373, "y": 3.42715, "anio": 2026, "mes": "marzo", "dia": 3, "dia_semana": 3, "hora_hecho": "13:00", "barrio": null, "estrato": 4, "geom": "0101000020E610000003098A1F632253C026E4839ECD6A0B40", "fecha_hech": "2026-03-03 00:00:00" }, "geometry": { "type": "Point", "coordinates": [ -76.5373, 3.42715 ] } },
{ "type": "Feature", "properties": { "dinamica": "HURTO", "titulo": "DELITOS CONTRA EL PATRIMONIO ECONOMICO", "capitulo": "DEL HURTO", "articulo": "HURTO. ART. 239 C.P.", "grado_deli": "AGRAVADO", "tipo_notic": "DENUNCIA", "caracteriz": "HURTO A PERSONAS", "modalidad": "FACTOR DE OPORTUNIDAD", "modo": null, "motivo": null, "pais": "COLOMBIA", "dane_dep": 76, "departamen": "VALLE DEL CAUCA", "dane_mpio": 76001, "municipio": "CALI", "cod_comuna": 19.0, "comuna": "Comuna 19", "cod_barrio": 1906.0, "nom_barrio": "San Fernando Nuevo", "direccion": "76001 Carrera 36 31 43, San Fernando Nuevo, Cali, Valle del Cauca, COL,SAN FERNANDO NUEVO", "sitio": "SIN INFORMACION", "x": -76.540431, "y": 3.427856, "anio": 2026, "mes": "marzo", "dia": 4, "dia_semana": 4, "hora_hecho": "13:00", "barrio": "SAN FERNANDO NUEVO", "estrato": 4, "geom": "0101000020E6100000A7AFE76B962253C0D32D3BC43F6C0B40", "fecha_hech": "2026-03-04 00:00:00" }, "geometry": { "type": "Point", "coordinates": [ -76.540431, 3.427856 ] } },
{ "type": "Feature", "properties": { "dinamica": "HURTO", "titulo": "DELITOS CONTRA EL PATRIMONIO ECONOMICO", "capitulo": "DEL HURTO", "articulo": "HURTO. ART. 239 C.P.", "grado_deli": "AGRAVADO", "tipo_notic": "DENUNCIA", "caracteriz": "HURTO A PERSONAS", "modalidad": "FACTOR DE OPORTUNIDAD", "modo": null, "motivo": null, "pais": "COLOMBIA", "dane_dep": 76, "departamen": "VALLE DEL CAUCA", "dane_mpio": 76001, "municipio": "CALI", "cod_comuna": 19.0, "comuna": "Comuna 19", "cod_barrio": 1906.0, "nom_barrio": "San Fernando Nuevo", "direccion": "76001 Carrera 36 31 43, San Fernando Nuevo, Cali, Valle del Cauca, COL,SAN FERNANDO NUEVO", "sitio": "SIN INFORMACION", "x": -76.540431, "y": 3.427856, "anio": 2026, "mes": "marzo", "dia": 4, "dia_semana": 4, "hora_hecho": "13:00", "barrio": "SAN FERNANDO NUEVO", "estrato": 4, "geom": "0101000020E6100000A7AFE76B962253C0D32D3BC43F6C0B40", "fecha_hech": "2026-03-04 00:00:00" }, "geometry": { "type": "Point", "coordinates": [ -76.540431, 3.427856 ] } },
{ "type": "Feature", "properties": { "dinamica": "HURTO", "titulo": "DELITOS CONTRA EL PATRIMONIO ECONOMICO", "capitulo": "DEL HURTO", "articulo": "HURTO. ART. 239 C.P.", "grado_deli": "AGRAVADO", "tipo_notic": "DENUNCIA", "caracteriz": "HURTO A PERSONAS", "modalidad": "FACTOR DE OPORTUNIDAD", "modo": null, "motivo": null, "pais": "COLOMBIA", "dane_dep": 76, "departamen": "VALLE DEL CAUCA", "dane_mpio": 76001, "municipio": "CALI", "cod_comuna": 19.0, "comuna": "Comuna 19", "cod_barrio": 1906.0, "nom_barrio": "San Fernando Nuevo", "direccion": "76001 Carrera 36 31 43, San Fernando Nuevo, Cali, Valle del Cauca, COL,SAN FERNANDO NUEVO", "sitio": "SIN INFORMACION", "x": -76.540431, "y": 3.427856, "anio": 2026, "mes": "marzo", "dia": 4, "dia_semana": 4, "hora_hecho": "13:00", "barrio": "SAN FERNANDO NUEVO", "estrato": 4, "geom": "0101000020E6100000A7AFE76B962253C0D32D3BC43F6C0B40", "fecha_hech": "2026-03-04 00:00:00" }, "geometry": { "type": "Point", "coordinates": [ -76.540431, 3.427856 ] } },
{ "type": "Feature", "properties": { "dinamica": "HURTO", "titulo": "DELITOS CONTRA EL PATRIMONIO ECONOMICO", "capitulo": "DEL HURTO", "articulo": "HURTO. ART. 239 C.P.", "grado_deli": "AGRAVADO", "tipo_notic": "DENUNCIA", "caracteriz": "HURTO A PERSONAS", "modalidad": "FACTOR DE OPORTUNIDAD", "modo": null, "motivo": null, "pais": "COLOMBIA", "dane_dep": 76, "departamen": "VALLE DEL CAUCA", "dane_mpio": 76001, "municipio": "CALI", "cod_comuna": 19.0, "comuna": "Comuna 19", "cod_barrio": 1906.0, "nom_barrio": "San Fernando Nuevo", "direccion": "76001 Carrera 36 31 43, San Fernando Nuevo, Cali, Valle del Cauca, COL,SAN FERNANDO NUEVO", "sitio": "SIN INFORMACION", "x": -76.540431, "y": 3.427856, "anio": 2026, "mes": "marzo", "dia": 4, "dia_semana": 4, "hora_hecho": "13:00", "barrio": "SAN FERNANDO NUEVO", "estrato": 4, "geom": "0101000020E6100000A7AFE76B962253C0D32D3BC43F6C0B40", "fecha_hech": "2026-03-04 00:00:00" }, "geometry": { "type": "Point", "coordinates": [ -76.540431, 3.427856 ] } },
{ "type": "Feature", "properties": { "dinamica": "HURTO", "titulo": "DELITOS CONTRA EL PATRIMONIO ECONOMICO", "capitulo": "DEL HURTO", "articulo": "HURTO CALIFICADO. ART. 240 C.P.", "grado_deli": "NINGUNO", "tipo_notic": "DENUNCIA", "caracteriz": "HURTO A CELULARES", "modalidad": "FACTOR DE OPORTUNIDAD", "modo": null, "motivo": null, "pais": "COLOMBIA", "dane_dep": 76, "departamen": "VALLE DEL CAUCA", "dane_mpio": 76001, "municipio": "CALI", "cod_comuna": 19.0, "comuna": "Comuna 19", "cod_barrio": 1905.0, "nom_barrio": "Eucaristico", "direccion": "76001 CALLE 9 34 1, BARRIO EUCARISTICO, CALI, VALLE DEL CAUCA", "sitio": "ESTABLECIMIENTO EDUCATIVO", "x": -76.537749, "y": 3.425702, "anio": 2026, "mes": "marzo", "dia": 10, "dia_semana": 3, "hora_hecho": "14:30", "barrio": "BARRIO EUCARÍSTICO", "estrato": 4, "geom": "0101000020E61000003B1DC87A6A2253C0FDBB3E73D6670B40", "fecha_hech": "2026-03-10 00:00:00" }, "geometry": { "type": "Point", "coordinates": [ -76.537749, 3.425702 ] } },
{ "type": "Feature", "properties": { "dinamica": "HURTO", "titulo": "DELITOS CONTRA EL PATRIMONIO ECONOMICO", "capitulo": "DEL HURTO", "articulo": "HURTO CALIFICADO. ART. 240 C.P.", "grado_deli": "NINGUNO", "tipo_notic": "DENUNCIA", "caracteriz": "HURTO A CELULARES", "modalidad": "FACTOR DE OPORTUNIDAD", "modo": null, "motivo": null, "pais": "COLOMBIA", "dane_dep": 76, "departamen": "VALLE DEL CAUCA", "dane_mpio": 76001, "municipio": "CALI", "cod_comuna": 19.0, "comuna": "Comuna 19", "cod_barrio": 1905.0, "nom_barrio": "Eucaristico", "direccion": "76001 CALLE 9 34 1, BARRIO EUCARISTICO, CALI, VALLE DEL CAUCA", "sitio": "ESTABLECIMIENTO EDUCATIVO", "x": -76.537749, "y": 3.425702, "anio": 2026, "mes": "marzo", "dia": 10, "dia_semana": 3, "hora_hecho": "14:30", "barrio": "BARRIO EUCARÍSTICO", "estrato": 4, "geom": "0101000020E61000003B1DC87A6A2253C0FDBB3E73D6670B40", "fecha_hech": "2026-03-10 00:00:00" }, "geometry": { "type": "Point", "coordinates": [ -76.537749, 3.425702 ] } },
{ "type": "Feature", "properties": { "dinamica": "HURTO", "titulo": "DELITOS CONTRA EL PATRIMONIO ECONOMICO", "capitulo": "DEL HURTO", "articulo": "HURTO CALIFICADO. ART. 240 C.P.", "grado_deli": "NINGUNO", "tipo_notic": "DENUNCIA", "caracteriz": "HURTO A CELULARES", "modalidad": "FACTOR DE OPORTUNIDAD", "modo": null, "motivo": null, "pais": "COLOMBIA", "dane_dep": 76, "departamen": "VALLE DEL CAUCA", "dane_mpio": 76001, "municipio": "CALI", "cod_comuna": 19.0, "comuna": "Comuna 19", "cod_barrio": 1905.0, "nom_barrio": "Eucaristico", "direccion": "76001 CALLE 9 34 1, BARRIO EUCARISTICO, CALI, VALLE DEL CAUCA", "sitio": "ESTABLECIMIENTO EDUCATIVO", "x": -76.537749, "y": 3.425702, "anio": 2026, "mes": "marzo", "dia": 10, "dia_semana": 3, "hora_hecho": "14:30", "barrio": "BARRIO EUCARÍSTICO", "estrato": 4, "geom": "0101000020E61000003B1DC87A6A2253C0FDBB3E73D6670B40", "fecha_hech": "2026-03-10 00:00:00" }, "geometry": { "type": "Point", "coordinates": [ -76.537749, 3.425702 ] } },
{ "type": "Feature", "properties": { "dinamica": "HURTO", "titulo": "DELITOS CONTRA EL PATRIMONIO ECONOMICO", "capitulo": "DEL HURTO", "articulo": "HURTO CALIFICADO. ART. 240 C.P.", "grado_deli": "NINGUNO", "tipo_notic": "DENUNCIA", "caracteriz": "HURTO A CELULARES", "modalidad": "FACTOR DE OPORTUNIDAD", "modo": null, "motivo": null, "pais": "COLOMBIA", "dane_dep": 76, "departamen": "VALLE DEL CAUCA", "dane_mpio": 76001, "municipio": "CALI", "cod_comuna": 19.0, "comuna": "Comuna 19", "cod_barrio": 1905.0, "nom_barrio": "Eucaristico", "direccion": "76001 CALLE 9 34 1, BARRIO EUCARISTICO, CALI, VALLE DEL CAUCA", "sitio": "ESTABLECIMIENTO EDUCATIVO", "x": -76.537749, "y": 3.425702, "anio": 2026, "mes": "marzo", "dia": 10, "dia_semana": 3, "hora_hecho": "14:30", "barrio": "BARRIO EUCARÍSTICO", "estrato": 4, "geom": "0101000020E61000003B1DC87A6A2253C0FDBB3E73D6670B40", "fecha_hech": "2026-03-10 00:00:00" }, "geometry": { "type": "Point", "coordinates": [ -76.537749, 3.425702 ] } },
{ "type": "Feature", "properties": { "dinamica": "HURTO", "titulo": "DELITOS CONTRA EL PATRIMONIO ECONOMICO", "capitulo": "DEL HURTO", "articulo": "HURTO. ART. 239 C.P.", "grado_deli": "NINGUNO", "tipo_notic": "QUERELLA", "caracteriz": "HURTO A PERSONAS", "modalidad": "COSQUILLEO", "modo": null, "motivo": null, "pais": "COLOMBIA", "dane_dep": 76, "departamen": "VALLE DEL CAUCA", "dane_mpio": 76001, "municipio": "CALI", "cod_comuna": 19.0, "comuna": "Comuna 19", "cod_barrio": 1905.0, "nom_barrio": "Eucaristico", "direccion": "76001 KR 34 CARRERA 34 7 00", "sitio": "SIN INFORMACION", "x": -76.53853, "y": 3.427276, "anio": 2026, "mes": "marzo", "dia": 11, "dia_semana": 4, "hora_hecho": "13:00", "barrio": null, "estrato": 4, "geom": "0101000020E61000008D7A8846772253C0F2ECF2AD0F6B0B40", "fecha_hech": "2026-03-11 00:00:00" }, "geometry": { "type": "Point", "coordinates": [ -76.53853, 3.427276 ] } },
{ "type": "Feature", "properties": { "dinamica": "HURTO", "titulo": "DELITOS CONTRA EL PATRIMONIO ECONOMICO", "capitulo": "DEL HURTO", "articulo": "HURTO. ART. 239 C.P.", "grado_deli": "NINGUNO", "tipo_notic": "QUERELLA", "caracteriz": "HURTO A PERSONAS", "modalidad": "COSQUILLEO", "modo": null, "motivo": null, "pais": "COLOMBIA", "dane_dep": 76, "departamen": "VALLE DEL CAUCA", "dane_mpio": 76001, "municipio": "CALI", "cod_comuna": 19.0, "comuna": "Comuna 19", "cod_barrio": 1905.0, "nom_barrio": "Eucaristico", "direccion": "76001 KR 34 CARRERA 34 7 00", "sitio": "SIN INFORMACION", "x": -76.53853, "y": 3.427276, "anio": 2026, "mes": "marzo", "dia": 11, "dia_semana": 4, "hora_hecho": "13:00", "barrio": null, "estrato": 4, "geom": "0101000020E61000008D7A8846772253C0F2ECF2AD0F6B0B40", "fecha_hech": "2026-03-11 00:00:00" }, "geometry": { "type": "Point", "coordinates": [ -76.53853, 3.427276 ] } },
{ "type": "Feature", "properties": { "dinamica": "HURTO", "titulo": "DELITOS CONTRA EL PATRIMONIO ECONOMICO", "capitulo": "DEL HURTO", "articulo": "HURTO. ART. 239 C.P.", "grado_deli": "NINGUNO", "tipo_notic": "QUERELLA", "caracteriz": "HURTO A PERSONAS", "modalidad": "COSQUILLEO", "modo": null, "motivo": null, "pais": "COLOMBIA", "dane_dep": 76, "departamen": "VALLE DEL CAUCA", "dane_mpio": 76001, "municipio": "CALI", "cod_comuna": 19.0, "comuna": "Comuna 19", "cod_barrio": 1905.0, "nom_barrio": "Eucaristico", "direccion": "76001 KR 34 CARRERA 34 7 00", "sitio": "SIN INFORMACION", "x": -76.53853, "y": 3.427276, "anio": 2026, "mes": "marzo", "dia": 11, "dia_semana": 4, "hora_hecho": "13:00", "barrio": null, "estrato": 4, "geom": "0101000020E61000008D7A8846772253C0F2ECF2AD0F6B0B40", "fecha_hech": "2026-03-11 00:00:00" }, "geometry": { "type": "Point", "coordinates": [ -76.53853, 3.427276 ] } },
{ "type": "Feature", "properties": { "dinamica": "HURTO", "titulo": "DELITOS CONTRA EL PATRIMONIO ECONOMICO", "capitulo": "DEL HURTO", "articulo": "HURTO. ART. 239 C.P.", "grado_deli": "NINGUNO", "tipo_notic": "QUERELLA", "caracteriz": "HURTO A PERSONAS", "modalidad": "COSQUILLEO", "modo": null, "motivo": null, "pais": "COLOMBIA", "dane_dep": 76, "departamen": "VALLE DEL CAUCA", "dane_mpio": 76001, "municipio": "CALI", "cod_comuna": 19.0, "comuna": "Comuna 19", "cod_barrio": 1905.0, "nom_barrio": "Eucaristico", "direccion": "76001 KR 34 CARRERA 34 7 00", "sitio": "SIN INFORMACION", "x": -76.53853, "y": 3.427276, "anio": 2026, "mes": "marzo", "dia": 11, "dia_semana": 4, "hora_hecho": "13:00", "barrio": null, "estrato": 4, "geom": "0101000020E61000008D7A8846772253C0F2ECF2AD0F6B0B40", "fecha_hech": "2026-03-11 00:00:00" }, "geometry": { "type": "Point", "coordinates": [ -76.53853, 3.427276 ] } },
{ "type": "Feature", "properties": { "dinamica": "HURTO", "titulo": "DELITOS CONTRA EL PATRIMONIO ECONOMICO", "capitulo": "DEL HURTO", "articulo": "HURTO CALIFICADO. ART. 240 C.P.", "grado_deli": "NINGUNO", "tipo_notic": "DENUNCIA", "caracteriz": "HURTO A PERSONAS", "modalidad": "ATRACO", "modo": "SIN ARMA", "motivo": null, "pais": "COLOMBIA", "dane_dep": 76, "departamen": "VALLE DEL CAUCA", "dane_mpio": 76001, "municipio": "CALI", "cod_comuna": 19.0, "comuna": "Comuna 19", "cod_barrio": 1905.0, "nom_barrio": "Eucaristico", "direccion": "76001 Calle 7 con Carrera 35, Barrio Eucaristico, Cali, Valle del Cauca, COL,BARRIO EUCARÍSTICO", "sitio": "SIN INFORMACION", "x": -76.53874, "y": 3.427034, "anio": 2026, "mes": "marzo", "dia": 13, "dia_semana": 6, "hora_hecho": "09:05", "barrio": "BARRIO EUCARÍSTICO", "estrato": 4, "geom": "0101000020E6100000034356B77A2253C0923D42CD906A0B40", "fecha_hech": "2026-03-13 00:00:00" }, "geometry": { "type": "Point", "coordinates": [ -76.53874, 3.427034 ] } },
{ "type": "Feature", "properties": { "dinamica": "HURTO", "titulo": "DELITOS CONTRA EL PATRIMONIO ECONOMICO", "capitulo": "DEL HURTO", "articulo": "HURTO CALIFICADO. ART. 240 C.P.", "grado_deli": "NINGUNO", "tipo_notic": "DENUNCIA", "caracteriz": "HURTO A PERSONAS", "modalidad": "ATRACO", "modo": "SIN ARMA", "motivo": null, "pais": "COLOMBIA", "dane_dep": 76, "departamen": "VALLE DEL CAUCA", "dane_mpio": 76001, "municipio": "CALI", "cod_comuna": 19.0, "comuna": "Comuna 19", "cod_barrio": 1905.0, "nom_barrio": "Eucaristico", "direccion": "76001 Calle 7 con Carrera 35, Barrio Eucaristico, Cali, Valle del Cauca, COL,BARRIO EUCARÍSTICO", "sitio": "SIN INFORMACION", "x": -76.53874, "y": 3.427034, "anio": 2026, "mes": "marzo", "dia": 13, "dia_semana": 6, "hora_hecho": "09:05", "barrio": "BARRIO EUCARÍSTICO", "estrato": 4, "geom": "0101000020E6100000034356B77A2253C0923D42CD906A0B40", "fecha_hech": "2026-03-13 00:00:00" }, "geometry": { "type": "Point", "coordinates": [ -76.53874, 3.427034 ] } },
{ "type": "Feature", "properties": { "dinamica": "HURTO", "titulo": "DELITOS CONTRA EL PATRIMONIO ECONOMICO", "capitulo": "DEL HURTO", "articulo": "HURTO CALIFICADO. ART. 240 C.P.", "grado_deli": "NINGUNO", "tipo_notic": "DENUNCIA", "caracteriz": "HURTO A PERSONAS", "modalidad": "ATRACO", "modo": "SIN ARMA", "motivo": null, "pais": "COLOMBIA", "dane_dep": 76, "departamen": "VALLE DEL CAUCA", "dane_mpio": 76001, "municipio": "CALI", "cod_comuna": 19.0, "comuna": "Comuna 19", "cod_barrio": 1905.0, "nom_barrio": "Eucaristico", "direccion": "76001 Calle 7 con Carrera 35, Barrio Eucaristico, Cali, Valle del Cauca, COL,BARRIO EUCARÍSTICO", "sitio": "SIN INFORMACION", "x": -76.53874, "y": 3.427034, "anio": 2026, "mes": "marzo", "dia": 13, "dia_semana": 6, "hora_hecho": "09:05", "barrio": "BARRIO EUCARÍSTICO", "estrato": 4, "geom": "0101000020E6100000034356B77A2253C0923D42CD906A0B40", "fecha_hech": "2026-03-13 00:00:00" }, "geometry": { "type": "Point", "coordinates": [ -76.53874, 3.427034 ] } },
{ "type": "Feature", "properties": { "dinamica": "HURTO", "titulo": "DELITOS CONTRA EL PATRIMONIO ECONOMICO", "capitulo": "DEL HURTO", "articulo": "HURTO CALIFICADO. ART. 240 C.P.", "grado_deli": "NINGUNO", "tipo_notic": "DENUNCIA", "caracteriz": "HURTO A PERSONAS", "modalidad": "ATRACO", "modo": "SIN ARMA", "motivo": null, "pais": "COLOMBIA", "dane_dep": 76, "departamen": "VALLE DEL CAUCA", "dane_mpio": 76001, "municipio": "CALI", "cod_comuna": 19.0, "comuna": "Comuna 19", "cod_barrio": 1905.0, "nom_barrio": "Eucaristico", "direccion": "76001 Calle 7 con Carrera 35, Barrio Eucaristico, Cali, Valle del Cauca, COL,BARRIO EUCARÍSTICO", "sitio": "SIN INFORMACION", "x": -76.53874, "y": 3.427034, "anio": 2026, "mes": "marzo", "dia": 13, "dia_semana": 6, "hora_hecho": "09:05", "barrio": "BARRIO EUCARÍSTICO", "estrato": 4, "geom": "0101000020E6100000034356B77A2253C0923D42CD906A0B40", "fecha_hech": "2026-03-13 00:00:00" }, "geometry": { "type": "Point", "coordinates": [ -76.53874, 3.427034 ] } },
{ "type": "Feature", "properties": { "dinamica": "HURTO", "titulo": "DELITOS CONTRA EL PATRIMONIO ECONOMICO", "capitulo": "DEL HURTO", "articulo": "HURTO CALIFICADO. ART. 240 C.P.", "grado_deli": "AGRAVADO", "tipo_notic": "DENUNCIA", "caracteriz": "HURTO A PERSONAS", "modalidad": "VIOLACION DE CERRADURA", "modo": null, "motivo": null, "pais": "COLOMBIA", "dane_dep": 76, "departamen": "VALLE DEL CAUCA", "dane_mpio": 76001, "municipio": "CALI", "cod_comuna": 19.0, "comuna": "Comuna 19", "cod_barrio": 1912.0, "nom_barrio": "3 de Julio", "direccion": "76001 CALLE 6 29, 3 DE JULIO, CALI, VALLE DEL CAUCA", "sitio": "PARQUEADERO", "x": -76.538933, "y": 3.431311, "anio": 2026, "mes": "marzo", "dia": 13, "dia_semana": 6, "hora_hecho": "16:00", "barrio": "EL CEDRO", "estrato": 4, "geom": "0101000020E61000000D6FD6E07D2253C08E3D7B2E53730B40", "fecha_hech": "2026-03-13 00:00:00" }, "geometry": { "type": "Point", "coordinates": [ -76.538933, 3.431311 ] } },
{ "type": "Feature", "properties": { "dinamica": "HURTO", "titulo": "DELITOS CONTRA EL PATRIMONIO ECONOMICO", "capitulo": "DEL HURTO", "articulo": "HURTO CALIFICADO. ART. 240 C.P.", "grado_deli": "AGRAVADO", "tipo_notic": "DENUNCIA", "caracteriz": "HURTO A PERSONAS", "modalidad": "VIOLACION DE CERRADURA", "modo": null, "motivo": null, "pais": "COLOMBIA", "dane_dep": 76, "departamen": "VALLE DEL CAUCA", "dane_mpio": 76001, "municipio": "CALI", "cod_comuna": 19.0, "comuna": "Comuna 19", "cod_barrio": 1912.0, "nom_barrio": "3 de Julio", "direccion": "76001 CALLE 6 29, 3 DE JULIO, CALI, VALLE DEL CAUCA", "sitio": "PARQUEADERO", "x": -76.538933, "y": 3.431311, "anio": 2026, "mes": "marzo", "dia": 13, "dia_semana": 6, "hora_hecho": "16:00", "barrio": "EL CEDRO", "estrato": 4, "geom": "0101000020E61000000D6FD6E07D2253C08E3D7B2E53730B40", "fecha_hech": "2026-03-13 00:00:00" }, "geometry": { "type": "Point", "coordinates": [ -76.538933, 3.431311 ] } },
{ "type": "Feature", "properties": { "dinamica": "HURTO", "titulo": "DELITOS CONTRA EL PATRIMONIO ECONOMICO", "capitulo": "DEL HURTO", "articulo": "HURTO CALIFICADO. ART. 240 C.P.", "grado_deli": "AGRAVADO", "tipo_notic": "DENUNCIA", "caracteriz": "HURTO A PERSONAS", "modalidad": "VIOLACION DE CERRADURA", "modo": null, "motivo": null, "pais": "COLOMBIA", "dane_dep": 76, "departamen": "VALLE DEL CAUCA", "dane_mpio": 76001, "municipio": "CALI", "cod_comuna": 19.0, "comuna": "Comuna 19", "cod_barrio": 1912.0, "nom_barrio": "3 de Julio", "direccion": "76001 CALLE 6 29, 3 DE JULIO, CALI, VALLE DEL CAUCA", "sitio": "PARQUEADERO", "x": -76.538933, "y": 3.431311, "anio": 2026, "mes": "marzo", "dia": 13, "dia_semana": 6, "hora_hecho": "16:00", "barrio": "EL CEDRO", "estrato": 4, "geom": "0101000020E61000000D6FD6E07D2253C08E3D7B2E53730B40", "fecha_hech": "2026-03-13 00:00:00" }, "geometry": { "type": "Point", "coordinates": [ -76.538933, 3.431311 ] } },
{ "type": "Feature", "properties": { "dinamica": "HURTO", "titulo": "DELITOS CONTRA EL PATRIMONIO ECONOMICO", "capitulo": "DEL HURTO", "articulo": "HURTO CALIFICADO. ART. 240 C.P.", "grado_deli": "AGRAVADO", "tipo_notic": "DENUNCIA", "caracteriz": "HURTO A PERSONAS", "modalidad": "VIOLACION DE CERRADURA", "modo": null, "motivo": null, "pais": "COLOMBIA", "dane_dep": 76, "departamen": "VALLE DEL CAUCA", "dane_mpio": 76001, "municipio": "CALI", "cod_comuna": 19.0, "comuna": "Comuna 19", "cod_barrio": 1912.0, "nom_barrio": "3 de Julio", "direccion": "76001 CALLE 6 29, 3 DE JULIO, CALI, VALLE DEL CAUCA", "sitio": "PARQUEADERO", "x": -76.538933, "y": 3.431311, "anio": 2026, "mes": "marzo", "dia": 13, "dia_semana": 6, "hora_hecho": "16:00", "barrio": "EL CEDRO", "estrato": 4, "geom": "0101000020E61000000D6FD6E07D2253C08E3D7B2E53730B40", "fecha_hech": "2026-03-13 00:00:00" }, "geometry": { "type": "Point", "coordinates": [ -76.538933, 3.431311 ] } },
{ "type": "Feature", "properties": { "dinamica": "HURTO", "titulo": "DELITOS CONTRA EL PATRIMONIO ECONOMICO", "capitulo": "DEL HURTO", "articulo": "HURTO. ART. 239 C.P.", "grado_deli": "NINGUNO", "tipo_notic": "DENUNCIA", "caracteriz": "HURTO A PERSONAS", "modalidad": "VIOLACION DE CERRADURA", "modo": null, "motivo": null, "pais": "COLOMBIA", "dane_dep": 76, "departamen": "VALLE DEL CAUCA", "dane_mpio": 76001, "municipio": "CALI", "cod_comuna": 19.0, "comuna": "Comuna 19", "cod_barrio": 1912.0, "nom_barrio": "3 de Julio", "direccion": "76001 CL 6 SUR CON CON KR 29 OCCIDENTE", "sitio": "SIN INFORMACION", "x": -76.538994, "y": 3.431888, "anio": 2026, "mes": "marzo", "dia": 23, "dia_semana": 2, "hora_hecho": "03:00", "barrio": null, "estrato": 4, "geom": "0101000020E610000060AFB0E07E2253C05E471CB281740B40", "fecha_hech": "2026-03-23 00:00:00" }, "geometry": { "type": "Point", "coordinates": [ -76.538994, 3.431888 ] } },
{ "type": "Feature", "properties": { "dinamica": "HURTO", "titulo": "DELITOS CONTRA EL PATRIMONIO ECONOMICO", "capitulo": "DEL HURTO", "articulo": "HURTO. ART. 239 C.P.", "grado_deli": "NINGUNO", "tipo_notic": "DENUNCIA", "caracteriz": "HURTO A PERSONAS", "modalidad": "VIOLACION DE CERRADURA", "modo": null, "motivo": null, "pais": "COLOMBIA", "dane_dep": 76, "departamen": "VALLE DEL CAUCA", "dane_mpio": 76001, "municipio": "CALI", "cod_comuna": 19.0, "comuna": "Comuna 19", "cod_barrio": 1912.0, "nom_barrio": "3 de Julio", "direccion": "76001 CL 6 SUR CON CON KR 29 OCCIDENTE", "sitio": "SIN INFORMACION", "x": -76.538994, "y": 3.431888, "anio": 2026, "mes": "marzo", "dia": 23, "dia_semana": 2, "hora_hecho": "03:00", "barrio": null, "estrato": 4, "geom": "0101000020E610000060AFB0E07E2253C05E471CB281740B40", "fecha_hech": "2026-03-23 00:00:00" }, "geometry": { "type": "Point", "coordinates": [ -76.538994, 3.431888 ] } },
{ "type": "Feature", "properties": { "dinamica": "HURTO", "titulo": "DELITOS CONTRA EL PATRIMONIO ECONOMICO", "capitulo": "DEL HURTO", "articulo": "HURTO. ART. 239 C.P.", "grado_deli": "NINGUNO", "tipo_notic": "DENUNCIA", "caracteriz": "HURTO A PERSONAS", "modalidad": "VIOLACION DE CERRADURA", "modo": null, "motivo": null, "pais": "COLOMBIA", "dane_dep": 76, "departamen": "VALLE DEL CAUCA", "dane_mpio": 76001, "municipio": "CALI", "cod_comuna": 19.0, "comuna": "Comuna 19", "cod_barrio": 1912.0, "nom_barrio": "3 de Julio", "direccion": "76001 CL 6 SUR CON CON KR 29 OCCIDENTE", "sitio": "SIN INFORMACION", "x": -76.538994, "y": 3.431888, "anio": 2026, "mes": "marzo", "dia": 23, "dia_semana": 2, "hora_hecho": "03:00", "barrio": null, "estrato": 4, "geom": "0101000020E610000060AFB0E07E2253C05E471CB281740B40", "fecha_hech": "2026-03-23 00:00:00" }, "geometry": { "type": "Point", "coordinates": [ -76.538994, 3.431888 ] } },
{ "type": "Feature", "properties": { "dinamica": "HURTO", "titulo": "DELITOS CONTRA EL PATRIMONIO ECONOMICO", "capitulo": "DEL HURTO", "articulo": "HURTO. ART. 239 C.P.", "grado_deli": "NINGUNO", "tipo_notic": "DENUNCIA", "caracteriz": "HURTO A PERSONAS", "modalidad": "VIOLACION DE CERRADURA", "modo": null, "motivo": null, "pais": "COLOMBIA", "dane_dep": 76, "departamen": "VALLE DEL CAUCA", "dane_mpio": 76001, "municipio": "CALI", "cod_comuna": 19.0, "comuna": "Comuna 19", "cod_barrio": 1912.0, "nom_barrio": "3 de Julio", "direccion": "76001 CL 6 SUR CON CON KR 29 OCCIDENTE", "sitio": "SIN INFORMACION", "x": -76.538994, "y": 3.431888, "anio": 2026, "mes": "marzo", "dia": 23, "dia_semana": 2, "hora_hecho": "03:00", "barrio": null, "estrato": 4, "geom": "0101000020E610000060AFB0E07E2253C05E471CB281740B40", "fecha_hech": "2026-03-23 00:00:00" }, "geometry": { "type": "Point", "coordinates": [ -76.538994, 3.431888 ] } },
{ "type": "Feature", "properties": { "dinamica": "HURTO", "titulo": "DELITOS CONTRA EL PATRIMONIO ECONOMICO", "capitulo": "DEL HURTO", "articulo": "HURTO CALIFICADO. ART. 240 C.P.", "grado_deli": "AGRAVADO", "tipo_notic": "DENUNCIA", "caracteriz": "HURTO DE VEHICULOS", "modalidad": "HALADO", "modo": null, "motivo": null, "pais": "COLOMBIA", "dane_dep": 76, "departamen": "VALLE DEL CAUCA", "dane_mpio": 76001, "municipio": "CALI", "cod_comuna": 19.0, "comuna": "Comuna 19", "cod_barrio": 1905.0, "nom_barrio": "Eucaristico", "direccion": "76001 Carrera 34 7 00, Barrio Eucaristico, Cali, Valle del Cauca, COL,BARRIO EUCARÍSTICO", "sitio": "SIN INFORMACION", "x": -76.538698, "y": 3.42744, "anio": 2026, "mes": "marzo", "dia": 25, "dia_semana": 4, "hora_hecho": "20:20", "barrio": "BARRIO EUCARÍSTICO", "estrato": 4, "geom": "0101000020E6100000EB1A2D077A2253C09604A8A9656B0B40", "fecha_hech": "2026-03-25 00:00:00" }, "geometry": { "type": "Point", "coordinates": [ -76.538698, 3.42744 ] } },
{ "type": "Feature", "properties": { "dinamica": "HURTO", "titulo": "DELITOS CONTRA EL PATRIMONIO ECONOMICO", "capitulo": "DEL HURTO", "articulo": "HURTO CALIFICADO. ART. 240 C.P.", "grado_deli": "AGRAVADO", "tipo_notic": "DENUNCIA", "caracteriz": "HURTO DE VEHICULOS", "modalidad": "HALADO", "modo": null, "motivo": null, "pais": "COLOMBIA", "dane_dep": 76, "departamen": "VALLE DEL CAUCA", "dane_mpio": 76001, "municipio": "CALI", "cod_comuna": 19.0, "comuna": "Comuna 19", "cod_barrio": 1905.0, "nom_barrio": "Eucaristico", "direccion": "76001 Carrera 34 7 00, Barrio Eucaristico, Cali, Valle del Cauca, COL,BARRIO EUCARÍSTICO", "sitio": "SIN INFORMACION", "x": -76.538698, "y": 3.42744, "anio": 2026, "mes": "marzo", "dia": 25, "dia_semana": 4, "hora_hecho": "20:20", "barrio": "BARRIO EUCARÍSTICO", "estrato": 4, "geom": "0101000020E6100000EB1A2D077A2253C09604A8A9656B0B40", "fecha_hech": "2026-03-25 00:00:00" }, "geometry": { "type": "Point", "coordinates": [ -76.538698, 3.42744 ] } },
{ "type": "Feature", "properties": { "dinamica": "HURTO", "titulo": "DELITOS CONTRA EL PATRIMONIO ECONOMICO", "capitulo": "DEL HURTO", "articulo": "HURTO CALIFICADO. ART. 240 C.P.", "grado_deli": "AGRAVADO", "tipo_notic": "DENUNCIA", "caracteriz": "HURTO DE VEHICULOS", "modalidad": "HALADO", "modo": null, "motivo": null, "pais": "COLOMBIA", "dane_dep": 76, "departamen": "VALLE DEL CAUCA", "dane_mpio": 76001, "municipio": "CALI", "cod_comuna": 19.0, "comuna": "Comuna 19", "cod_barrio": 1905.0, "nom_barrio": "Eucaristico", "direccion": "76001 Carrera 34 7 00, Barrio Eucaristico, Cali, Valle del Cauca, COL,BARRIO EUCARÍSTICO", "sitio": "SIN INFORMACION", "x": -76.538698, "y": 3.42744, "anio": 2026, "mes": "marzo", "dia": 25, "dia_semana": 4, "hora_hecho": "20:20", "barrio": "BARRIO EUCARÍSTICO", "estrato": 4, "geom": "0101000020E6100000EB1A2D077A2253C09604A8A9656B0B40", "fecha_hech": "2026-03-25 00:00:00" }, "geometry": { "type": "Point", "coordinates": [ -76.538698, 3.42744 ] } },
{ "type": "Feature", "properties": { "dinamica": "HURTO", "titulo": "DELITOS CONTRA EL PATRIMONIO ECONOMICO", "capitulo": "DEL HURTO", "articulo": "HURTO CALIFICADO. ART. 240 C.P.", "grado_deli": "AGRAVADO", "tipo_notic": "DENUNCIA", "caracteriz": "HURTO DE VEHICULOS", "modalidad": "HALADO", "modo": null, "motivo": null, "pais": "COLOMBIA", "dane_dep": 76, "departamen": "VALLE DEL CAUCA", "dane_mpio": 76001, "municipio": "CALI", "cod_comuna": 19.0, "comuna": "Comuna 19", "cod_barrio": 1905.0, "nom_barrio": "Eucaristico", "direccion": "76001 Carrera 34 7 00, Barrio Eucaristico, Cali, Valle del Cauca, COL,BARRIO EUCARÍSTICO", "sitio": "SIN INFORMACION", "x": -76.538698, "y": 3.42744, "anio": 2026, "mes": "marzo", "dia": 25, "dia_semana": 4, "hora_hecho": "20:20", "barrio": "BARRIO EUCARÍSTICO", "estrato": 4, "geom": "0101000020E6100000EB1A2D077A2253C09604A8A9656B0B40", "fecha_hech": "2026-03-25 00:00:00" }, "geometry": { "type": "Point", "coordinates": [ -76.538698, 3.42744 ] } }
]
}
