{
"type": "FeatureCollection",
"name": "COMPARENDOS_2023_2025_OBRERO",
"crs": { "type": "name", "properties": { "name": "urn:ogc:def:crs:OGC:1.3:CRS84" } },
"features": [
{ "type": "Feature", "properties": { "agrupado": "ARMAS EXCEPTO DE FUEGO", "fecha_hech": "2023-01-01T00:00:00", "hora_hecho": "8:29", "cod_comuna": 9, "nom_comuna": "C-9 JUNIN", "cod_barrio": 910, "nom_bar_01": "Barrio Obrero", "dire_hecho": "CL 25 KR 17", "sitio_hech": "SITIOS PÚBLICOS O ABIERTOS AL PÚBLICO", "lat": 3.448165, "lon": -76.52065833, "estrato": 2 }, "geometry": { "type": "Point", "coordinates": [ -76.52065833, 3.448165 ] } },
{ "type": "Feature", "properties": { "agrupado": "ARMAS EXCEPTO DE FUEGO", "fecha_hech": "2023-01-04T00:00:00", "hora_hecho": "23:37", "cod_comuna": 9, "nom_comuna": "C-9 JUNIN", "cod_barrio": 910, "nom_bar_01": "Barrio Obrero", "dire_hecho": "CL 25 KR 11 B OBRERO", "sitio_hech": "SITIOS PÚBLICOS O ABIERTOS AL PÚBLICO", "lat": 3.448011667, "lon": -76.51836333, "estrato": 2 }, "geometry": { "type": "Point", "coordinates": [ -76.51836333, 3.448011667 ] } },
{ "type": "Feature", "properties": { "agrupado": "ARMAS EXCEPTO DE FUEGO", "fecha_hech": "2023-01-15T00:00:00", "hora_hecho": "12:01", "cod_comuna": 9, "nom_comuna": "C-9 JUNIN", "cod_barrio": 910, "nom_bar_01": "Barrio Obrero", "dire_hecho": "KR 10 CL 23", "sitio_hech": "SITIOS PÚBLICOS O ABIERTOS AL PÚBLICO", "lat": 3.448486667, "lon": -76.51995833, "estrato": 2 }, "geometry": { "type": "Point", "coordinates": [ -76.51995833, 3.448486667 ] } },
{ "type": "Feature", "properties": { "agrupado": "ARMAS EXCEPTO DE FUEGO", "fecha_hech": "2023-01-15T00:00:00", "hora_hecho": "15:43", "cod_comuna": 9, "nom_comuna": "C-9 JUNIN", "cod_barrio": 910, "nom_bar_01": "Barrio Obrero", "dire_hecho": "CALLE 25 CRA 12 BARRIO OBRERO", "sitio_hech": "SITIOS PÚBLICOS O ABIERTOS AL PÚBLICO", "lat": 3.446581667, "lon": -76.51997167, "estrato": 2 }, "geometry": { "type": "Point", "coordinates": [ -76.51997167, 3.446581667 ] } },
{ "type": "Feature", "properties": { "agrupado": "ARMAS EXCEPTO DE FUEGO", "fecha_hech": "2023-01-17T00:00:00", "hora_hecho": "16:44", "cod_comuna": 9, "nom_comuna": "C-9 JUNIN", "cod_barrio": 910, "nom_bar_01": "Barrio Obrero", "dire_hecho": "KR 12 CL 22 A", "sitio_hech": "SITIOS PÚBLICOS O ABIERTOS AL PÚBLICO", "lat": 3.44658, "lon": -76.519935, "estrato": 2 }, "geometry": { "type": "Point", "coordinates": [ -76.519935, 3.44658 ] } },
{ "type": "Feature", "properties": { "agrupado": "ARMAS EXCEPTO DE FUEGO", "fecha_hech": "2023-01-19T00:00:00", "hora_hecho": "10:04", "cod_comuna": 9, "nom_comuna": "C-9 JUNIN", "cod_barrio": 910, "nom_bar_01": "Barrio Obrero", "dire_hecho": "CL 23 CAR10", "sitio_hech": "SITIOS PÚBLICOS O ABIERTOS AL PÚBLICO", "lat": 3.448975, "lon": -76.52000833, "estrato": 2 }, "geometry": { "type": "Point", "coordinates": [ -76.52000833, 3.448975 ] } },
{ "type": "Feature", "properties": { "agrupado": "ARMAS EXCEPTO DE FUEGO", "fecha_hech": "2023-01-26T00:00:00", "hora_hecho": "18:59", "cod_comuna": 9, "nom_comuna": "C-9 JUNIN", "cod_barrio": 910, "nom_bar_01": "Barrio Obrero", "dire_hecho": "KR 10 CL 22", "sitio_hech": "SITIOS PÚBLICOS O ABIERTOS AL PÚBLICO", "lat": 3.44653, "lon": -76.52004333, "estrato": 2 }, "geometry": { "type": "Point", "coordinates": [ -76.52004333, 3.44653 ] } },
{ "type": "Feature", "properties": { "agrupado": "ARMAS EXCEPTO DE FUEGO", "fecha_hech": "2023-01-27T00:00:00", "hora_hecho": "9:25", "cod_comuna": 9, "nom_comuna": "C-9 JUNIN", "cod_barrio": 910, "nom_bar_01": "Barrio Obrero", "dire_hecho": "CL 23 CON CARRERA 11", "sitio_hech": "SITIOS PÚBLICOS O ABIERTOS AL PÚBLICO", "lat": 3.44899, "lon": -76.520245, "estrato": 2 }, "geometry": { "type": "Point", "coordinates": [ -76.520245, 3.44899 ] } },
{ "type": "Feature", "properties": { "agrupado": "ARMAS EXCEPTO DE FUEGO", "fecha_hech": "2023-01-30T00:00:00", "hora_hecho": "10:14", "cod_comuna": 9, "nom_comuna": "C-9 JUNIN", "cod_barrio": 910, "nom_bar_01": "Barrio Obrero", "dire_hecho": "KR 11 D CL 22", "sitio_hech": "SITIOS PÚBLICOS O ABIERTOS AL PÚBLICO", "lat": 3.447676667, "lon": -76.52058167, "estrato": 2 }, "geometry": { "type": "Point", "coordinates": [ -76.52058167, 3.447676667 ] } },
{ "type": "Feature", "properties": { "agrupado": "ARMAS EXCEPTO DE FUEGO", "fecha_hech": "2023-01-31T00:00:00", "hora_hecho": "0:25", "cod_comuna": 9, "nom_comuna": "C-9 JUNIN", "cod_barrio": 910, "nom_bar_01": "Barrio Obrero", "dire_hecho": "KR 10 CL 22", "sitio_hech": "SITIOS PÚBLICOS O ABIERTOS AL PÚBLICO", "lat": 3.4473, "lon": -76.51880833, "estrato": 2 }, "geometry": { "type": "Point", "coordinates": [ -76.51880833, 3.4473 ] } },
{ "type": "Feature", "properties": { "agrupado": "SUSTANCIAS PSICOACTIVAS", "fecha_hech": "2023-02-02T00:00:00", "hora_hecho": "9:53", "cod_comuna": 9, "nom_comuna": "C-9 JUNIN", "cod_barrio": 910, "nom_bar_01": "Barrio Obrero", "dire_hecho": "KR 11 B CL 23", "sitio_hech": "SITIOS PÚBLICOS O ABIERTOS AL PÚBLICO", "lat": 3.448231667, "lon": -76.52003167, "estrato": 2 }, "geometry": { "type": "Point", "coordinates": [ -76.52003167, 3.448231667 ] } },
{ "type": "Feature", "properties": { "agrupado": "ARMAS EXCEPTO DE FUEGO", "fecha_hech": "2023-02-05T00:00:00", "hora_hecho": "8:55", "cod_comuna": 9, "nom_comuna": "C-9 JUNIN", "cod_barrio": 910, "nom_bar_01": "Barrio Obrero", "dire_hecho": "KR 12 CL 22 A", "sitio_hech": "SITIOS PÚBLICOS O ABIERTOS AL PÚBLICO", "lat": 3.446603333, "lon": -76.52001167, "estrato": 2 }, "geometry": { "type": "Point", "coordinates": [ -76.52001167, 3.446603333 ] } },
{ "type": "Feature", "properties": { "agrupado": "ARMAS EXCEPTO DE FUEGO", "fecha_hech": "2023-02-07T00:00:00", "hora_hecho": "1:02", "cod_comuna": 9, "nom_comuna": "C-9 JUNIN", "cod_barrio": 910, "nom_bar_01": "Barrio Obrero", "dire_hecho": "CL 22 KR 10 OBRERO", "sitio_hech": "SITIOS PÚBLICOS O ABIERTOS AL PÚBLICO", "lat": 3.447598333, "lon": -76.51980167000001, "estrato": 2 }, "geometry": { "type": "Point", "coordinates": [ -76.51980167, 3.447598333 ] } },
{ "type": "Feature", "properties": { "agrupado": "DESACATO, IRRESPETO A LA AUTORIDAD", "fecha_hech": "2023-02-08T00:00:00", "hora_hecho": "17:15", "cod_comuna": 9, "nom_comuna": "C-9 JUNIN", "cod_barrio": 910, "nom_bar_01": "Barrio Obrero", "dire_hecho": "CL 23 KR 12 OBRERO", "sitio_hech": "SITIOS PÚBLICOS O ABIERTOS AL PÚBLICO", "lat": 3.447431667, "lon": -76.519595, "estrato": 2 }, "geometry": { "type": "Point", "coordinates": [ -76.519595, 3.447431667 ] } },
{ "type": "Feature", "properties": { "agrupado": "DESACATO, IRRESPETO A LA AUTORIDAD", "fecha_hech": "2023-02-08T00:00:00", "hora_hecho": "17:27", "cod_comuna": 9, "nom_comuna": "C-9 JUNIN", "cod_barrio": 910, "nom_bar_01": "Barrio Obrero", "dire_hecho": "CL 23 KR 12 OBRERO", "sitio_hech": "SITIOS PÚBLICOS O ABIERTOS AL PÚBLICO", "lat": 3.447431667, "lon": -76.519595, "estrato": 2 }, "geometry": { "type": "Point", "coordinates": [ -76.519595, 3.447431667 ] } },
{ "type": "Feature", "properties": { "agrupado": "ARMAS EXCEPTO DE FUEGO", "fecha_hech": "2023-02-09T00:00:00", "hora_hecho": "18:59", "cod_comuna": 9, "nom_comuna": "C-9 JUNIN", "cod_barrio": 910, "nom_bar_01": "Barrio Obrero", "dire_hecho": "CL 22A 11", "sitio_hech": "SITIOS PÚBLICOS O ABIERTOS AL PÚBLICO", "lat": 3.448131667, "lon": -76.520665, "estrato": 2 }, "geometry": { "type": "Point", "coordinates": [ -76.520665, 3.448131667 ] } },
{ "type": "Feature", "properties": { "agrupado": "ARMAS EXCEPTO DE FUEGO", "fecha_hech": "2023-02-10T00:00:00", "hora_hecho": "19:57", "cod_comuna": 9, "nom_comuna": "C-9 JUNIN", "cod_barrio": 910, "nom_bar_01": "Barrio Obrero", "dire_hecho": "KR 12 CL 22", "sitio_hech": "SITIOS PÚBLICOS O ABIERTOS AL PÚBLICO", "lat": 3.449265, "lon": -76.51845333, "estrato": 2 }, "geometry": { "type": "Point", "coordinates": [ -76.51845333, 3.449265 ] } },
{ "type": "Feature", "properties": { "agrupado": "ARMAS EXCEPTO DE FUEGO", "fecha_hech": "2023-02-13T00:00:00", "hora_hecho": "15:42", "cod_comuna": 9, "nom_comuna": "C-9 JUNIN", "cod_barrio": 910, "nom_bar_01": "Barrio Obrero", "dire_hecho": "KR 12 CL 22 A", "sitio_hech": "SITIOS PÚBLICOS O ABIERTOS AL PÚBLICO", "lat": 3.44659, "lon": -76.519945, "estrato": 2 }, "geometry": { "type": "Point", "coordinates": [ -76.519945, 3.44659 ] } },
{ "type": "Feature", "properties": { "agrupado": "ARMAS EXCEPTO DE FUEGO", "fecha_hech": "2023-02-23T00:00:00", "hora_hecho": "8:53", "cod_comuna": 9, "nom_comuna": "C-9 JUNIN", "cod_barrio": 910, "nom_bar_01": "Barrio Obrero", "dire_hecho": "KR 11 CL 22 A", "sitio_hech": "SITIOS PÚBLICOS O ABIERTOS AL PÚBLICO", "lat": 3.446618333, "lon": -76.51989167000001, "estrato": 2 }, "geometry": { "type": "Point", "coordinates": [ -76.51989167, 3.446618333 ] } },
{ "type": "Feature", "properties": { "agrupado": "ARMAS EXCEPTO DE FUEGO", "fecha_hech": "2023-02-23T00:00:00", "hora_hecho": "9:06", "cod_comuna": 9, "nom_comuna": "C-9 JUNIN", "cod_barrio": 910, "nom_bar_01": "Barrio Obrero", "dire_hecho": "KR 12 CL 22 A", "sitio_hech": "SITIOS PÚBLICOS O ABIERTOS AL PÚBLICO", "lat": 3.44656, "lon": -76.51981833000001, "estrato": 2 }, "geometry": { "type": "Point", "coordinates": [ -76.51981833, 3.44656 ] } },
{ "type": "Feature", "properties": { "agrupado": "DESACATO, IRRESPETO A LA AUTORIDAD", "fecha_hech": "2023-02-25T00:00:00", "hora_hecho": "3:21", "cod_comuna": 9, "nom_comuna": "C-9 JUNIN", "cod_barrio": 910, "nom_bar_01": "Barrio Obrero", "dire_hecho": "CALLE 25 CRA 11B BARRIO OBRERO", "sitio_hech": "SITIOS PÚBLICOS O ABIERTOS AL PÚBLICO", "lat": 3.4482, "lon": -76.518345, "estrato": 2 }, "geometry": { "type": "Point", "coordinates": [ -76.518345, 3.4482 ] } },
{ "type": "Feature", "properties": { "agrupado": "ARMAS EXCEPTO DE FUEGO", "fecha_hech": "2023-02-25T00:00:00", "hora_hecho": "18:57", "cod_comuna": 9, "nom_comuna": "C-9 JUNIN", "cod_barrio": 910, "nom_bar_01": "Barrio Obrero", "dire_hecho": "KR 12 CL 22 A", "sitio_hech": "SITIOS PÚBLICOS O ABIERTOS AL PÚBLICO", "lat": 3.446676667, "lon": -76.51992667, "estrato": 2 }, "geometry": { "type": "Point", "coordinates": [ -76.51992667, 3.446676667 ] } },
{ "type": "Feature", "properties": { "agrupado": "ARMAS EXCEPTO DE FUEGO", "fecha_hech": "2023-02-28T00:00:00", "hora_hecho": "20:59", "cod_comuna": 9, "nom_comuna": "C-9 JUNIN", "cod_barrio": 910, "nom_bar_01": "Barrio Obrero", "dire_hecho": "KR 11 D CL 24", "sitio_hech": "SITIOS PÚBLICOS O ABIERTOS AL PÚBLICO", "lat": 3.448415, "lon": -76.51898667, "estrato": 2 }, "geometry": { "type": "Point", "coordinates": [ -76.51898667, 3.448415 ] } },
{ "type": "Feature", "properties": { "agrupado": "DESACATO, IRRESPETO A LA AUTORIDAD", "fecha_hech": "2023-03-02T00:00:00", "hora_hecho": "22:44", "cod_comuna": 9, "nom_comuna": "C-9 JUNIN", "cod_barrio": 910, "nom_bar_01": "Barrio Obrero", "dire_hecho": "KR 11 B CL 22 A OBRERO", "sitio_hech": "SITIOS PÚBLICOS O ABIERTOS AL PÚBLICO", "lat": 3.448198333, "lon": -76.52067333, "estrato": 2 }, "geometry": { "type": "Point", "coordinates": [ -76.52067333, 3.448198333 ] } },
{ "type": "Feature", "properties": { "agrupado": "DESACATO, IRRESPETO A LA AUTORIDAD", "fecha_hech": "2023-03-04T00:00:00", "hora_hecho": "14:55", "cod_comuna": 9, "nom_comuna": "C-9 JUNIN", "cod_barrio": 910, "nom_bar_01": "Barrio Obrero", "dire_hecho": "CRA 11D CALLE 22A BARRIO OBRERO.", "sitio_hech": "SITIOS PÚBLICOS O ABIERTOS AL PÚBLICO", "lat": 3.447346667, "lon": -76.52011, "estrato": 2 }, "geometry": { "type": "Point", "coordinates": [ -76.52011, 3.447346667 ] } },
{ "type": "Feature", "properties": { "agrupado": "ARMAS EXCEPTO DE FUEGO", "fecha_hech": "2023-03-05T00:00:00", "hora_hecho": "17:53", "cod_comuna": 9, "nom_comuna": "C-9 JUNIN", "cod_barrio": 910, "nom_bar_01": "Barrio Obrero", "dire_hecho": "CL 22 A KR 11", "sitio_hech": "SITIOS PÚBLICOS O ABIERTOS AL PÚBLICO", "lat": 3.448895, "lon": -76.52085833, "estrato": 2 }, "geometry": { "type": "Point", "coordinates": [ -76.52085833, 3.448895 ] } },
{ "type": "Feature", "properties": { "agrupado": "ARMAS EXCEPTO DE FUEGO", "fecha_hech": "2023-03-06T00:00:00", "hora_hecho": "15:21", "cod_comuna": 9, "nom_comuna": "C-9 JUNIN", "cod_barrio": 910, "nom_bar_01": "Barrio Obrero", "dire_hecho": "KR 11 D CL 21", "sitio_hech": "SITIOS PÚBLICOS O ABIERTOS AL PÚBLICO", "lat": 3.447606667, "lon": -76.52056833, "estrato": 2 }, "geometry": { "type": "Point", "coordinates": [ -76.52056833, 3.447606667 ] } },
{ "type": "Feature", "properties": { "agrupado": "SUSTANCIAS PSICOACTIVAS", "fecha_hech": "2023-03-08T00:00:00", "hora_hecho": "20:15", "cod_comuna": 9, "nom_comuna": "C-9 JUNIN", "cod_barrio": 910, "nom_bar_01": "Barrio Obrero", "dire_hecho": "KR 11 CL 22 A", "sitio_hech": "SITIOS PÚBLICOS O ABIERTOS AL PÚBLICO", "lat": 3.448848333, "lon": -76.52072, "estrato": 2 }, "geometry": { "type": "Point", "coordinates": [ -76.52072, 3.448848333 ] } },
{ "type": "Feature", "properties": { "agrupado": "SUSTANCIAS PSICOACTIVAS", "fecha_hech": "2023-03-09T00:00:00", "hora_hecho": "11:13", "cod_comuna": 9, "nom_comuna": "C-9 JUNIN", "cod_barrio": 910, "nom_bar_01": "Barrio Obrero", "dire_hecho": "CL 24 KR 11 B", "sitio_hech": "SITIOS PÚBLICOS O ABIERTOS AL PÚBLICO", "lat": 3.447713333, "lon": -76.51891167, "estrato": 2 }, "geometry": { "type": "Point", "coordinates": [ -76.51891167, 3.447713333 ] } },
{ "type": "Feature", "properties": { "agrupado": "ARMAS EXCEPTO DE FUEGO", "fecha_hech": "2023-03-09T00:00:00", "hora_hecho": "16:12", "cod_comuna": 9, "nom_comuna": "C-9 JUNIN", "cod_barrio": 910, "nom_bar_01": "Barrio Obrero", "dire_hecho": "KR 12 CL 22 A", "sitio_hech": "SITIOS PÚBLICOS O ABIERTOS AL PÚBLICO", "lat": 3.446618333, "lon": -76.52005167, "estrato": 2 }, "geometry": { "type": "Point", "coordinates": [ -76.52005167, 3.446618333 ] } },
{ "type": "Feature", "properties": { "agrupado": "ARMAS EXCEPTO DE FUEGO", "fecha_hech": "2023-03-09T00:00:00", "hora_hecho": "17:19", "cod_comuna": 9, "nom_comuna": "C-9 JUNIN", "cod_barrio": 910, "nom_bar_01": "Barrio Obrero", "dire_hecho": "KR 14 CL 22", "sitio_hech": "SITIOS PÚBLICOS O ABIERTOS AL PÚBLICO", "lat": 3.446588333, "lon": -76.519995, "estrato": 2 }, "geometry": { "type": "Point", "coordinates": [ -76.519995, 3.446588333 ] } },
{ "type": "Feature", "properties": { "agrupado": "SUSTANCIAS PSICOACTIVAS", "fecha_hech": "2023-03-12T00:00:00", "hora_hecho": "15:23", "cod_comuna": 9, "nom_comuna": "C-9 JUNIN", "cod_barrio": 910, "nom_bar_01": "Barrio Obrero", "dire_hecho": "KR 11 CL 22 B", "sitio_hech": "SITIOS PÚBLICOS O ABIERTOS AL PÚBLICO", "lat": 3.4489, "lon": -76.52084667, "estrato": 2 }, "geometry": { "type": "Point", "coordinates": [ -76.52084667, 3.4489 ] } },
{ "type": "Feature", "properties": { "agrupado": "ARMAS EXCEPTO DE FUEGO", "fecha_hech": "2023-03-13T00:00:00", "hora_hecho": "5:34", "cod_comuna": 9, "nom_comuna": "C-9 JUNIN", "cod_barrio": 910, "nom_bar_01": "Barrio Obrero", "dire_hecho": "CL 23 KR 12", "sitio_hech": "SITIOS PÚBLICOS O ABIERTOS AL PÚBLICO", "lat": 3.446865, "lon": -76.51967167, "estrato": 2 }, "geometry": { "type": "Point", "coordinates": [ -76.51967167, 3.446865 ] } },
{ "type": "Feature", "properties": { "agrupado": "ARMAS EXCEPTO DE FUEGO", "fecha_hech": "2023-03-18T00:00:00", "hora_hecho": "15:26", "cod_comuna": 9, "nom_comuna": "C-9 JUNIN", "cod_barrio": 910, "nom_bar_01": "Barrio Obrero", "dire_hecho": "KR 12 CL 22 A", "sitio_hech": "SITIOS PÚBLICOS O ABIERTOS AL PÚBLICO", "lat": 3.446496667, "lon": -76.51990167, "estrato": 2 }, "geometry": { "type": "Point", "coordinates": [ -76.51990167, 3.446496667 ] } },
{ "type": "Feature", "properties": { "agrupado": "SUSTANCIAS PSICOACTIVAS", "fecha_hech": "2023-03-19T00:00:00", "hora_hecho": "7:38", "cod_comuna": 9, "nom_comuna": "C-9 JUNIN", "cod_barrio": 910, "nom_bar_01": "Barrio Obrero", "dire_hecho": "KR 11 CL 22 A", "sitio_hech": "SITIOS PÚBLICOS O ABIERTOS AL PÚBLICO", "lat": 3.44887, "lon": -76.52083667, "estrato": 2 }, "geometry": { "type": "Point", "coordinates": [ -76.52083667, 3.44887 ] } },
{ "type": "Feature", "properties": { "agrupado": "ARMAS EXCEPTO DE FUEGO", "fecha_hech": "2023-03-21T00:00:00", "hora_hecho": "11:12", "cod_comuna": 9, "nom_comuna": "C-9 JUNIN", "cod_barrio": 910, "nom_bar_01": "Barrio Obrero", "dire_hecho": "CL 24 KR 11 D", "sitio_hech": "SITIOS PÚBLICOS O ABIERTOS AL PÚBLICO", "lat": 3.447691667, "lon": -76.51926333, "estrato": 2 }, "geometry": { "type": "Point", "coordinates": [ -76.51926333, 3.447691667 ] } },
{ "type": "Feature", "properties": { "agrupado": "RIÑAS", "fecha_hech": "2023-03-21T00:00:00", "hora_hecho": "11:31", "cod_comuna": 9, "nom_comuna": "C-9 JUNIN", "cod_barrio": 910, "nom_bar_01": "Barrio Obrero", "dire_hecho": "CL 24 KR 11 D", "sitio_hech": "SITIOS PÚBLICOS O ABIERTOS AL PÚBLICO", "lat": 3.447638333, "lon": -76.51927167, "estrato": 2 }, "geometry": { "type": "Point", "coordinates": [ -76.51927167, 3.447638333 ] } },
{ "type": "Feature", "properties": { "agrupado": "RIÑAS", "fecha_hech": "2023-03-21T00:00:00", "hora_hecho": "11:42", "cod_comuna": 9, "nom_comuna": "C-9 JUNIN", "cod_barrio": 910, "nom_bar_01": "Barrio Obrero", "dire_hecho": "CL 24 KR 11 D", "sitio_hech": "SITIOS PÚBLICOS O ABIERTOS AL PÚBLICO", "lat": 3.447816667, "lon": -76.519315, "estrato": 2 }, "geometry": { "type": "Point", "coordinates": [ -76.519315, 3.447816667 ] } },
{ "type": "Feature", "properties": { "agrupado": "ARMAS EXCEPTO DE FUEGO", "fecha_hech": "2023-03-22T00:00:00", "hora_hecho": "11:32", "cod_comuna": 9, "nom_comuna": "C-9 JUNIN", "cod_barrio": 910, "nom_bar_01": "Barrio Obrero", "dire_hecho": "KR 12 CL 22 A", "sitio_hech": "SITIOS PÚBLICOS O ABIERTOS AL PÚBLICO", "lat": 3.446565, "lon": -76.51998, "estrato": 2 }, "geometry": { "type": "Point", "coordinates": [ -76.51998, 3.446565 ] } },
{ "type": "Feature", "properties": { "agrupado": "SUSTANCIAS PSICOACTIVAS", "fecha_hech": "2023-03-24T00:00:00", "hora_hecho": "15:03", "cod_comuna": 9, "nom_comuna": "C-9 JUNIN", "cod_barrio": 910, "nom_bar_01": "Barrio Obrero", "dire_hecho": "KR 11 D CL 24", "sitio_hech": "SITIOS PÚBLICOS O ABIERTOS AL PÚBLICO", "lat": 3.447916667, "lon": -76.5189, "estrato": 2 }, "geometry": { "type": "Point", "coordinates": [ -76.5189, 3.447916667 ] } },
{ "type": "Feature", "properties": { "agrupado": "ARMAS EXCEPTO DE FUEGO", "fecha_hech": "2023-03-30T00:00:00", "hora_hecho": "16:29", "cod_comuna": 9, "nom_comuna": "C-9 JUNIN", "cod_barrio": 910, "nom_bar_01": "Barrio Obrero", "dire_hecho": "CL 23 CON CARRERA 12 BARRIO OBRERO", "sitio_hech": "SITIOS PÚBLICOS O ABIERTOS AL PÚBLICO", "lat": 3.446581667, "lon": -76.51996333, "estrato": 2 }, "geometry": { "type": "Point", "coordinates": [ -76.51996333, 3.446581667 ] } },
{ "type": "Feature", "properties": { "agrupado": "ARMAS EXCEPTO DE FUEGO", "fecha_hech": "2023-04-15T00:00:00", "hora_hecho": "7:28", "cod_comuna": 9, "nom_comuna": "C-9 JUNIN", "cod_barrio": 910, "nom_bar_01": "Barrio Obrero", "dire_hecho": "KR 11 D CL 23", "sitio_hech": "SITIOS PÚBLICOS O ABIERTOS AL PÚBLICO", "lat": 3.447435, "lon": -76.519415, "estrato": 2 }, "geometry": { "type": "Point", "coordinates": [ -76.519415, 3.447435 ] } },
{ "type": "Feature", "properties": { "agrupado": "DESACATO, IRRESPETO A LA AUTORIDAD", "fecha_hech": "2023-04-15T00:00:00", "hora_hecho": "17:46", "cod_comuna": 9, "nom_comuna": "C-9 JUNIN", "cod_barrio": 910, "nom_bar_01": "Barrio Obrero", "dire_hecho": "CRA 12 CALLE 24 BARRIO OBRERO", "sitio_hech": "SITIOS PÚBLICOS O ABIERTOS AL PÚBLICO", "lat": 3.446723333, "lon": -76.51896667, "estrato": 2 }, "geometry": { "type": "Point", "coordinates": [ -76.51896667, 3.446723333 ] } },
{ "type": "Feature", "properties": { "agrupado": "ARMAS EXCEPTO DE FUEGO", "fecha_hech": "2023-04-16T00:00:00", "hora_hecho": "16:29", "cod_comuna": 9, "nom_comuna": "C-9 JUNIN", "cod_barrio": 910, "nom_bar_01": "Barrio Obrero", "dire_hecho": "CL 22 A KR 10", "sitio_hech": "SITIOS PÚBLICOS O ABIERTOS AL PÚBLICO", "lat": 3.44821, "lon": -76.520125, "estrato": 2 }, "geometry": { "type": "Point", "coordinates": [ -76.520125, 3.44821 ] } },
{ "type": "Feature", "properties": { "agrupado": "ARMAS EXCEPTO DE FUEGO", "fecha_hech": "2023-04-17T00:00:00", "hora_hecho": "8:49", "cod_comuna": 9, "nom_comuna": "C-9 JUNIN", "cod_barrio": 910, "nom_bar_01": "Barrio Obrero", "dire_hecho": "KR 12 CL 22 A", "sitio_hech": "SITIOS PÚBLICOS O ABIERTOS AL PÚBLICO", "lat": 3.446533333, "lon": -76.52004667, "estrato": 2 }, "geometry": { "type": "Point", "coordinates": [ -76.52004667, 3.446533333 ] } },
{ "type": "Feature", "properties": { "agrupado": "DESACATO, IRRESPETO A LA AUTORIDAD", "fecha_hech": "2023-04-27T00:00:00", "hora_hecho": "18:19", "cod_comuna": 9, "nom_comuna": "C-9 JUNIN", "cod_barrio": 910, "nom_bar_01": "Barrio Obrero", "dire_hecho": "CRA 11 CALLE 22A BARRIO OBRERO.", "sitio_hech": "SITIOS PÚBLICOS O ABIERTOS AL PÚBLICO", "lat": 3.448878333, "lon": -76.52067667, "estrato": 2 }, "geometry": { "type": "Point", "coordinates": [ -76.52067667, 3.448878333 ] } },
{ "type": "Feature", "properties": { "agrupado": "RIÑAS", "fecha_hech": "2023-04-28T00:00:00", "hora_hecho": "17:04", "cod_comuna": 9, "nom_comuna": "C-9 JUNIN", "cod_barrio": 910, "nom_bar_01": "Barrio Obrero", "dire_hecho": "CL 23 KR 11 B", "sitio_hech": "SITIOS PÚBLICOS O ABIERTOS AL PÚBLICO", "lat": 3.448305, "lon": -76.51989667, "estrato": 2 }, "geometry": { "type": "Point", "coordinates": [ -76.51989667, 3.448305 ] } },
{ "type": "Feature", "properties": { "agrupado": "RIÑAS", "fecha_hech": "2023-04-28T00:00:00", "hora_hecho": "17:15", "cod_comuna": 9, "nom_comuna": "C-9 JUNIN", "cod_barrio": 910, "nom_bar_01": "Barrio Obrero", "dire_hecho": "CL 23 KR 11 B", "sitio_hech": "SITIOS PÚBLICOS O ABIERTOS AL PÚBLICO", "lat": 3.448285, "lon": -76.519925, "estrato": 2 }, "geometry": { "type": "Point", "coordinates": [ -76.519925, 3.448285 ] } },
{ "type": "Feature", "properties": { "agrupado": "ARMAS EXCEPTO DE FUEGO", "fecha_hech": "2023-04-29T00:00:00", "hora_hecho": "9:46", "cod_comuna": 9, "nom_comuna": "C-9 JUNIN", "cod_barrio": 910, "nom_bar_01": "Barrio Obrero", "dire_hecho": "KR 12 CL 22 A", "sitio_hech": "SITIOS PÚBLICOS O ABIERTOS AL PÚBLICO", "lat": 3.446573333, "lon": -76.51983, "estrato": 2 }, "geometry": { "type": "Point", "coordinates": [ -76.51983, 3.446573333 ] } },
{ "type": "Feature", "properties": { "agrupado": "ARMAS EXCEPTO DE FUEGO", "fecha_hech": "2023-04-29T00:00:00", "hora_hecho": "17:23", "cod_comuna": 9, "nom_comuna": "C-9 JUNIN", "cod_barrio": 910, "nom_bar_01": "Barrio Obrero", "dire_hecho": "KR 10 CL 22 A", "sitio_hech": "SITIOS PÚBLICOS O ABIERTOS AL PÚBLICO", "lat": 3.448086667, "lon": -76.519855, "estrato": 2 }, "geometry": { "type": "Point", "coordinates": [ -76.519855, 3.448086667 ] } },
{ "type": "Feature", "properties": { "agrupado": "ARMAS EXCEPTO DE FUEGO", "fecha_hech": "2023-04-29T00:00:00", "hora_hecho": "18:45", "cod_comuna": 9, "nom_comuna": "C-9 JUNIN", "cod_barrio": 910, "nom_bar_01": "Barrio Obrero", "dire_hecho": "KR 12 CL 24", "sitio_hech": "SITIOS PÚBLICOS O ABIERTOS AL PÚBLICO", "lat": 3.448086667, "lon": -76.519855, "estrato": 2 }, "geometry": { "type": "Point", "coordinates": [ -76.519855, 3.448086667 ] } },
{ "type": "Feature", "properties": { "agrupado": "ARMAS EXCEPTO DE FUEGO", "fecha_hech": "2023-05-06T00:00:00", "hora_hecho": "3:11", "cod_comuna": 9, "nom_comuna": "C-9 JUNIN", "cod_barrio": 910, "nom_bar_01": "Barrio Obrero", "dire_hecho": "CL 17 KR 11 B", "sitio_hech": "SITIOS PÚBLICOS O ABIERTOS AL PÚBLICO", "lat": 3.44725, "lon": -76.52049, "estrato": 2 }, "geometry": { "type": "Point", "coordinates": [ -76.52049, 3.44725 ] } },
{ "type": "Feature", "properties": { "agrupado": "ARMAS EXCEPTO DE FUEGO", "fecha_hech": "2023-05-10T00:00:00", "hora_hecho": "7:36", "cod_comuna": 9, "nom_comuna": "C-9 JUNIN", "cod_barrio": 910, "nom_bar_01": "Barrio Obrero", "dire_hecho": "KR 11 B CL 25", "sitio_hech": "SITIOS PÚBLICOS O ABIERTOS AL PÚBLICO", "lat": 3.448593333, "lon": -76.518345, "estrato": 2 }, "geometry": { "type": "Point", "coordinates": [ -76.518345, 3.448593333 ] } },
{ "type": "Feature", "properties": { "agrupado": "ARMAS EXCEPTO DE FUEGO", "fecha_hech": "2023-05-11T00:00:00", "hora_hecho": "15:30", "cod_comuna": 9, "nom_comuna": "C-9 JUNIN", "cod_barrio": 910, "nom_bar_01": "Barrio Obrero", "dire_hecho": "CL 22 A CON CARRERA 11D BARRIO OBRERO", "sitio_hech": "SITIOS PÚBLICOS O ABIERTOS AL PÚBLICO", "lat": 3.448093333, "lon": -76.51917667, "estrato": 2 }, "geometry": { "type": "Point", "coordinates": [ -76.51917667, 3.448093333 ] } },
{ "type": "Feature", "properties": { "agrupado": "DESACATO, IRRESPETO A LA AUTORIDAD", "fecha_hech": "2023-05-27T00:00:00", "hora_hecho": "17:49", "cod_comuna": 9, "nom_comuna": "C-9 JUNIN", "cod_barrio": 910, "nom_bar_01": "Barrio Obrero", "dire_hecho": "CR 11 CL 24", "sitio_hech": "SITIOS PÚBLICOS O ABIERTOS AL PÚBLICO", "lat": 3.449256667, "lon": -76.51918833000001, "estrato": 2 }, "geometry": { "type": "Point", "coordinates": [ -76.51918833, 3.449256667 ] } },
{ "type": "Feature", "properties": { "agrupado": "ARMAS EXCEPTO DE FUEGO", "fecha_hech": "2023-05-29T00:00:00", "hora_hecho": "1:57", "cod_comuna": 9, "nom_comuna": "C-9 JUNIN", "cod_barrio": 910, "nom_bar_01": "Barrio Obrero", "dire_hecho": "CL 23 CR 11 BARRIO OBRERO", "sitio_hech": "SITIOS PÚBLICOS O ABIERTOS AL PÚBLICO", "lat": 3.448473333, "lon": -76.52, "estrato": 2 }, "geometry": { "type": "Point", "coordinates": [ -76.52, 3.448473333 ] } },
{ "type": "Feature", "properties": { "agrupado": "ARMAS EXCEPTO DE FUEGO", "fecha_hech": "2023-05-31T00:00:00", "hora_hecho": "7:30", "cod_comuna": 9, "nom_comuna": "C-9 JUNIN", "cod_barrio": 910, "nom_bar_01": "Barrio Obrero", "dire_hecho": "CL 23 CRA 11B BARRIO OBRERO", "sitio_hech": "SITIOS PÚBLICOS O ABIERTOS AL PÚBLICO", "lat": 3.448171667, "lon": -76.51987333, "estrato": 2 }, "geometry": { "type": "Point", "coordinates": [ -76.51987333, 3.448171667 ] } },
{ "type": "Feature", "properties": { "agrupado": "ARMAS EXCEPTO DE FUEGO", "fecha_hech": "2023-06-02T00:00:00", "hora_hecho": "10:53", "cod_comuna": 9, "nom_comuna": "C-9 JUNIN", "cod_barrio": 910, "nom_bar_01": "Barrio Obrero", "dire_hecho": "KR 11 D CL 23", "sitio_hech": "SITIOS PÚBLICOS O ABIERTOS AL PÚBLICO", "lat": 3.448263333, "lon": -76.51968, "estrato": 2 }, "geometry": { "type": "Point", "coordinates": [ -76.51968, 3.448263333 ] } },
{ "type": "Feature", "properties": { "agrupado": "ARMAS EXCEPTO DE FUEGO", "fecha_hech": "2023-06-02T00:00:00", "hora_hecho": "11:32", "cod_comuna": 9, "nom_comuna": "C-9 JUNIN", "cod_barrio": 910, "nom_bar_01": "Barrio Obrero", "dire_hecho": "CL 17 KR 11 B", "sitio_hech": "SITIOS PÚBLICOS O ABIERTOS AL PÚBLICO", "lat": 3.448453333, "lon": -76.51908333, "estrato": 2 }, "geometry": { "type": "Point", "coordinates": [ -76.51908333, 3.448453333 ] } },
{ "type": "Feature", "properties": { "agrupado": "DESACATO, IRRESPETO A LA AUTORIDAD", "fecha_hech": "2023-06-07T00:00:00", "hora_hecho": "15:35", "cod_comuna": 9, "nom_comuna": "C-9 JUNIN", "cod_barrio": 910, "nom_bar_01": "Barrio Obrero", "dire_hecho": "KR 11 D CL 23", "sitio_hech": "SITIOS PÚBLICOS O ABIERTOS AL PÚBLICO", "lat": 3.447758333, "lon": -76.51978, "estrato": 2 }, "geometry": { "type": "Point", "coordinates": [ -76.51978, 3.447758333 ] } },
{ "type": "Feature", "properties": { "agrupado": "ARMAS EXCEPTO DE FUEGO", "fecha_hech": "2023-06-11T00:00:00", "hora_hecho": "17:18", "cod_comuna": 9, "nom_comuna": "C-9 JUNIN", "cod_barrio": 910, "nom_bar_01": "Barrio Obrero", "dire_hecho": "CRA 10 CON CLL 22", "sitio_hech": "SITIOS PÚBLICOS O ABIERTOS AL PÚBLICO", "lat": 3.449041667, "lon": -76.52003667, "estrato": 2 }, "geometry": { "type": "Point", "coordinates": [ -76.52003667, 3.449041667 ] } },
{ "type": "Feature", "properties": { "agrupado": "ARMAS EXCEPTO DE FUEGO", "fecha_hech": "2023-06-11T00:00:00", "hora_hecho": "22:53", "cod_comuna": 9, "nom_comuna": "C-9 JUNIN", "cod_barrio": 910, "nom_bar_01": "Barrio Obrero", "dire_hecho": "KR 10 CL 22", "sitio_hech": "SITIOS PÚBLICOS O ABIERTOS AL PÚBLICO", "lat": 3.44705, "lon": -76.51847, "estrato": 2 }, "geometry": { "type": "Point", "coordinates": [ -76.51847, 3.44705 ] } },
{ "type": "Feature", "properties": { "agrupado": "SUSTANCIAS PSICOACTIVAS", "fecha_hech": "2023-06-13T00:00:00", "hora_hecho": "10:00", "cod_comuna": 9, "nom_comuna": "C-9 JUNIN", "cod_barrio": 910, "nom_bar_01": "Barrio Obrero", "dire_hecho": "CL 24 KR 11 B", "sitio_hech": "SITIOS PÚBLICOS O ABIERTOS AL PÚBLICO", "lat": 3.448306667, "lon": -76.519015, "estrato": 2 }, "geometry": { "type": "Point", "coordinates": [ -76.519015, 3.448306667 ] } },
{ "type": "Feature", "properties": { "agrupado": "ARMAS EXCEPTO DE FUEGO", "fecha_hech": "2023-06-14T00:00:00", "hora_hecho": "8:09", "cod_comuna": 9, "nom_comuna": "C-9 JUNIN", "cod_barrio": 910, "nom_bar_01": "Barrio Obrero", "dire_hecho": "KR 11 B CL 17", "sitio_hech": "SITIOS PÚBLICOS O ABIERTOS AL PÚBLICO", "lat": 3.448078333, "lon": -76.52067167, "estrato": 2 }, "geometry": { "type": "Point", "coordinates": [ -76.52067167, 3.448078333 ] } },
{ "type": "Feature", "properties": { "agrupado": "DESACATO, IRRESPETO A LA AUTORIDAD", "fecha_hech": "2023-06-18T00:00:00", "hora_hecho": "21:22", "cod_comuna": 9, "nom_comuna": "C-9 JUNIN", "cod_barrio": 910, "nom_bar_01": "Barrio Obrero", "dire_hecho": "CALLE 22 CARRERA 11B", "sitio_hech": "SITIOS PÚBLICOS O ABIERTOS AL PÚBLICO", "lat": 3.448876667, "lon": -76.520845, "estrato": 2 }, "geometry": { "type": "Point", "coordinates": [ -76.520845, 3.448876667 ] } },
{ "type": "Feature", "properties": { "agrupado": "DESACATO, IRRESPETO A LA AUTORIDAD", "fecha_hech": "2023-06-20T00:00:00", "hora_hecho": "23:34", "cod_comuna": 9, "nom_comuna": "C-9 JUNIN", "cod_barrio": 910, "nom_bar_01": "Barrio Obrero", "dire_hecho": "KR 11 B CL 23", "sitio_hech": "SITIOS PÚBLICOS O ABIERTOS AL PÚBLICO", "lat": 3.448163333, "lon": -76.519895, "estrato": 2 }, "geometry": { "type": "Point", "coordinates": [ -76.519895, 3.448163333 ] } },
{ "type": "Feature", "properties": { "agrupado": "ARMAS EXCEPTO DE FUEGO", "fecha_hech": "2023-06-22T00:00:00", "hora_hecho": "20:36", "cod_comuna": 9, "nom_comuna": "C-9 JUNIN", "cod_barrio": 910, "nom_bar_01": "Barrio Obrero", "dire_hecho": "KR 11 D CL 22 A", "sitio_hech": "SITIOS PÚBLICOS O ABIERTOS AL PÚBLICO", "lat": 3.447236667, "lon": -76.52041833, "estrato": 2 }, "geometry": { "type": "Point", "coordinates": [ -76.52041833, 3.447236667 ] } },
{ "type": "Feature", "properties": { "agrupado": "DESACATO, IRRESPETO A LA AUTORIDAD", "fecha_hech": "2023-06-26T00:00:00", "hora_hecho": "22:31", "cod_comuna": 9, "nom_comuna": "C-9 JUNIN", "cod_barrio": 910, "nom_bar_01": "Barrio Obrero", "dire_hecho": "KR 11 CL 23", "sitio_hech": "SITIOS PÚBLICOS O ABIERTOS AL PÚBLICO", "lat": 3.448706667, "lon": -76.519965, "estrato": 2 }, "geometry": { "type": "Point", "coordinates": [ -76.519965, 3.448706667 ] } },
{ "type": "Feature", "properties": { "agrupado": "DESACATO, IRRESPETO A LA AUTORIDAD", "fecha_hech": "2023-06-26T00:00:00", "hora_hecho": "23:47", "cod_comuna": 9, "nom_comuna": "C-9 JUNIN", "cod_barrio": 910, "nom_bar_01": "Barrio Obrero", "dire_hecho": "KR 11 B CL 25", "sitio_hech": "SITIOS PÚBLICOS O ABIERTOS AL PÚBLICO", "lat": 3.44836, "lon": -76.51828667, "estrato": 2 }, "geometry": { "type": "Point", "coordinates": [ -76.51828667, 3.44836 ] } },
{ "type": "Feature", "properties": { "agrupado": "ARMAS EXCEPTO DE FUEGO", "fecha_hech": "2023-07-08T00:00:00", "hora_hecho": "4:55", "cod_comuna": 9, "nom_comuna": "C-9 JUNIN", "cod_barrio": 910, "nom_bar_01": "Barrio Obrero", "dire_hecho": "KR 12 CL 23", "sitio_hech": "SITIOS PÚBLICOS O ABIERTOS AL PÚBLICO", "lat": 3.446695, "lon": -76.519555, "estrato": 2 }, "geometry": { "type": "Point", "coordinates": [ -76.519555, 3.446695 ] } },
{ "type": "Feature", "properties": { "agrupado": "ARMAS EXCEPTO DE FUEGO", "fecha_hech": "2023-07-08T00:00:00", "hora_hecho": "5:01", "cod_comuna": 9, "nom_comuna": "C-9 JUNIN", "cod_barrio": 910, "nom_bar_01": "Barrio Obrero", "dire_hecho": "KR 12 CL 23", "sitio_hech": "SITIOS PÚBLICOS O ABIERTOS AL PÚBLICO", "lat": 3.446725, "lon": -76.51957, "estrato": 2 }, "geometry": { "type": "Point", "coordinates": [ -76.51957, 3.446725 ] } },
{ "type": "Feature", "properties": { "agrupado": "ARMAS EXCEPTO DE FUEGO", "fecha_hech": "2023-07-09T00:00:00", "hora_hecho": "16:33", "cod_comuna": 9, "nom_comuna": "C-9 JUNIN", "cod_barrio": 910, "nom_bar_01": "Barrio Obrero", "dire_hecho": "CL 22 A CL 11 B", "sitio_hech": "SITIOS PÚBLICOS O ABIERTOS AL PÚBLICO", "lat": 3.448021667, "lon": -76.52067, "estrato": 2 }, "geometry": { "type": "Point", "coordinates": [ -76.52067, 3.448021667 ] } },
{ "type": "Feature", "properties": { "agrupado": "DESACATO, IRRESPETO A LA AUTORIDAD", "fecha_hech": "2023-07-17T00:00:00", "hora_hecho": "22:51", "cod_comuna": 9, "nom_comuna": "C-9 JUNIN", "cod_barrio": 910, "nom_bar_01": "Barrio Obrero", "dire_hecho": "KR 11 B CL 25", "sitio_hech": "SITIOS PÚBLICOS O ABIERTOS AL PÚBLICO", "lat": 3.448708333, "lon": -76.51823833, "estrato": 2 }, "geometry": { "type": "Point", "coordinates": [ -76.51823833, 3.448708333 ] } },
{ "type": "Feature", "properties": { "agrupado": "ARMAS EXCEPTO DE FUEGO", "fecha_hech": "2023-07-19T00:00:00", "hora_hecho": "20:14", "cod_comuna": 9, "nom_comuna": "C-9 JUNIN", "cod_barrio": 910, "nom_bar_01": "Barrio Obrero", "dire_hecho": "KR 11 B CL 22 A", "sitio_hech": "SITIOS PÚBLICOS O ABIERTOS AL PÚBLICO", "lat": 3.448081667, "lon": -76.52059667, "estrato": 2 }, "geometry": { "type": "Point", "coordinates": [ -76.52059667, 3.448081667 ] } },
{ "type": "Feature", "properties": { "agrupado": "SUSTANCIAS PSICOACTIVAS", "fecha_hech": "2023-07-26T00:00:00", "hora_hecho": "18:10", "cod_comuna": 9, "nom_comuna": "C-9 JUNIN", "cod_barrio": 910, "nom_bar_01": "Barrio Obrero", "dire_hecho": "CL 24 KR 11 D OBRERO", "sitio_hech": "SITIOS PÚBLICOS O ABIERTOS AL PÚBLICO", "lat": 3.447708333, "lon": -76.518915, "estrato": 2 }, "geometry": { "type": "Point", "coordinates": [ -76.518915, 3.447708333 ] } },
{ "type": "Feature", "properties": { "agrupado": "SUSTANCIAS PSICOACTIVAS", "fecha_hech": "2023-07-26T00:00:00", "hora_hecho": "18:20", "cod_comuna": 9, "nom_comuna": "C-9 JUNIN", "cod_barrio": 910, "nom_bar_01": "Barrio Obrero", "dire_hecho": "CL 14 KR 11 D OBRERO", "sitio_hech": "SITIOS PÚBLICOS O ABIERTOS AL PÚBLICO", "lat": 3.447708333, "lon": -76.518915, "estrato": 2 }, "geometry": { "type": "Point", "coordinates": [ -76.518915, 3.447708333 ] } },
{ "type": "Feature", "properties": { "agrupado": "ARMAS EXCEPTO DE FUEGO", "fecha_hech": "2023-07-29T00:00:00", "hora_hecho": "9:21", "cod_comuna": 9, "nom_comuna": "C-9 JUNIN", "cod_barrio": 910, "nom_bar_01": "Barrio Obrero", "dire_hecho": "KR 11 D CL 24", "sitio_hech": "SITIOS PÚBLICOS O ABIERTOS AL PÚBLICO", "lat": 3.44824, "lon": -76.518985, "estrato": 2 }, "geometry": { "type": "Point", "coordinates": [ -76.518985, 3.44824 ] } },
{ "type": "Feature", "properties": { "agrupado": "DESACATO, IRRESPETO A LA AUTORIDAD", "fecha_hech": "2023-07-31T00:00:00", "hora_hecho": "0:02", "cod_comuna": 9, "nom_comuna": "C-9 JUNIN", "cod_barrio": 910, "nom_bar_01": "Barrio Obrero", "dire_hecho": "CL 25 KR 11 B OBRERO", "sitio_hech": "SITIOS PÚBLICOS O ABIERTOS AL PÚBLICO", "lat": 3.448345, "lon": -76.51827667000001, "estrato": 2 }, "geometry": { "type": "Point", "coordinates": [ -76.51827667, 3.448345 ] } },
{ "type": "Feature", "properties": { "agrupado": "ARMAS EXCEPTO DE FUEGO", "fecha_hech": "2023-08-07T00:00:00", "hora_hecho": "7:42", "cod_comuna": 9, "nom_comuna": "C-9 JUNIN", "cod_barrio": 910, "nom_bar_01": "Barrio Obrero", "dire_hecho": "KR 12 CL 22 A", "sitio_hech": "SITIOS PÚBLICOS O ABIERTOS AL PÚBLICO", "lat": 3.446485, "lon": -76.520305, "estrato": 2 }, "geometry": { "type": "Point", "coordinates": [ -76.520305, 3.446485 ] } },
{ "type": "Feature", "properties": { "agrupado": "ARMAS EXCEPTO DE FUEGO", "fecha_hech": "2023-08-11T00:00:00", "hora_hecho": "7:41", "cod_comuna": 9, "nom_comuna": "C-9 JUNIN", "cod_barrio": 910, "nom_bar_01": "Barrio Obrero", "dire_hecho": "CALL 23 CRA 11 BARRIO OBRERO", "sitio_hech": "SITIOS PÚBLICOS O ABIERTOS AL PÚBLICO", "lat": 3.449023333, "lon": -76.51997333, "estrato": 2 }, "geometry": { "type": "Point", "coordinates": [ -76.51997333, 3.449023333 ] } },
{ "type": "Feature", "properties": { "agrupado": "ARMAS EXCEPTO DE FUEGO", "fecha_hech": "2023-08-13T00:00:00", "hora_hecho": "12:53", "cod_comuna": 9, "nom_comuna": "C-9 JUNIN", "cod_barrio": 910, "nom_bar_01": "Barrio Obrero", "dire_hecho": "KR 11 B CL 23", "sitio_hech": "SITIOS PÚBLICOS O ABIERTOS AL PÚBLICO", "lat": 3.447861667, "lon": -76.51831333, "estrato": 2 }, "geometry": { "type": "Point", "coordinates": [ -76.51831333, 3.447861667 ] } },
{ "type": "Feature", "properties": { "agrupado": "ARMAS EXCEPTO DE FUEGO", "fecha_hech": "2023-08-14T00:00:00", "hora_hecho": "6:05", "cod_comuna": 9, "nom_comuna": "C-9 JUNIN", "cod_barrio": 910, "nom_bar_01": "Barrio Obrero", "dire_hecho": "CARRERA 11CALLE 23", "sitio_hech": "SITIOS PÚBLICOS O ABIERTOS AL PÚBLICO", "lat": 3.449068333, "lon": -76.51998167000001, "estrato": 2 }, "geometry": { "type": "Point", "coordinates": [ -76.51998167, 3.449068333 ] } },
{ "type": "Feature", "properties": { "agrupado": "ARMAS EXCEPTO DE FUEGO", "fecha_hech": "2023-08-15T00:00:00", "hora_hecho": "10:47", "cod_comuna": 9, "nom_comuna": "C-9 JUNIN", "cod_barrio": 910, "nom_bar_01": "Barrio Obrero", "dire_hecho": "KR 12 CL 22", "sitio_hech": "SITIOS PÚBLICOS O ABIERTOS AL PÚBLICO", "lat": 3.446491667, "lon": -76.52004, "estrato": 2 }, "geometry": { "type": "Point", "coordinates": [ -76.52004, 3.446491667 ] } },
{ "type": "Feature", "properties": { "agrupado": "DESACATO, IRRESPETO A LA AUTORIDAD", "fecha_hech": "2023-08-20T00:00:00", "hora_hecho": "9:35", "cod_comuna": 9, "nom_comuna": "C-9 JUNIN", "cod_barrio": 910, "nom_bar_01": "Barrio Obrero", "dire_hecho": "CL 24 CR 11B BARRIO OBRERO", "sitio_hech": "SITIOS PÚBLICOS O ABIERTOS AL PÚBLICO", "lat": 3.448306667, "lon": -76.51900167, "estrato": 2 }, "geometry": { "type": "Point", "coordinates": [ -76.51900167, 3.448306667 ] } },
{ "type": "Feature", "properties": { "agrupado": "ARMAS EXCEPTO DE FUEGO", "fecha_hech": "2023-08-20T00:00:00", "hora_hecho": "19:39", "cod_comuna": 9, "nom_comuna": "C-9 JUNIN", "cod_barrio": 910, "nom_bar_01": "Barrio Obrero", "dire_hecho": "KR 12 CL 22 A", "sitio_hech": "SITIOS PÚBLICOS O ABIERTOS AL PÚBLICO", "lat": 3.446551667, "lon": -76.520025, "estrato": 2 }, "geometry": { "type": "Point", "coordinates": [ -76.520025, 3.446551667 ] } },
{ "type": "Feature", "properties": { "agrupado": "ARMAS EXCEPTO DE FUEGO", "fecha_hech": "2023-08-29T00:00:00", "hora_hecho": "20:33", "cod_comuna": 9, "nom_comuna": "C-9 JUNIN", "cod_barrio": 910, "nom_bar_01": "Barrio Obrero", "dire_hecho": "CL 24 KR 11 D", "sitio_hech": "SITIOS PÚBLICOS O ABIERTOS AL PÚBLICO", "lat": 3.447855, "lon": -76.518965, "estrato": 2 }, "geometry": { "type": "Point", "coordinates": [ -76.518965, 3.447855 ] } },
{ "type": "Feature", "properties": { "agrupado": "ARMAS EXCEPTO DE FUEGO", "fecha_hech": "2023-09-02T00:00:00", "hora_hecho": "9:48", "cod_comuna": 9, "nom_comuna": "C-9 JUNIN", "cod_barrio": 910, "nom_bar_01": "Barrio Obrero", "dire_hecho": "KR 11 B CL 22 A", "sitio_hech": "SITIOS PÚBLICOS O ABIERTOS AL PÚBLICO", "lat": 3.448036667, "lon": -76.52068, "estrato": 2 }, "geometry": { "type": "Point", "coordinates": [ -76.52068, 3.448036667 ] } },
{ "type": "Feature", "properties": { "agrupado": "ARMAS EXCEPTO DE FUEGO", "fecha_hech": "2023-09-02T00:00:00", "hora_hecho": "23:11", "cod_comuna": 9, "nom_comuna": "C-9 JUNIN", "cod_barrio": 910, "nom_bar_01": "Barrio Obrero", "dire_hecho": "CL 23 KR 11", "sitio_hech": "SITIOS PÚBLICOS O ABIERTOS AL PÚBLICO", "lat": 3.44912, "lon": -76.51976333, "estrato": 2 }, "geometry": { "type": "Point", "coordinates": [ -76.51976333, 3.44912 ] } },
{ "type": "Feature", "properties": { "agrupado": "DESACATO, IRRESPETO A LA AUTORIDAD", "fecha_hech": "2023-09-10T00:00:00", "hora_hecho": "0:25", "cod_comuna": 9, "nom_comuna": "C-9 JUNIN", "cod_barrio": 910, "nom_bar_01": "Barrio Obrero", "dire_hecho": "CL 22A CR 11D BARRIO OBRERO", "sitio_hech": "SITIOS PÚBLICOS O ABIERTOS AL PÚBLICO", "lat": 3.447391667, "lon": -76.51978833, "estrato": 2 }, "geometry": { "type": "Point", "coordinates": [ -76.51978833, 3.447391667 ] } },
{ "type": "Feature", "properties": { "agrupado": "DESACATO, IRRESPETO A LA AUTORIDAD", "fecha_hech": "2023-09-11T00:00:00", "hora_hecho": "19:45", "cod_comuna": 9, "nom_comuna": "C-9 JUNIN", "cod_barrio": 910, "nom_bar_01": "Barrio Obrero", "dire_hecho": "CL 23 KR 12", "sitio_hech": "SITIOS PÚBLICOS O ABIERTOS AL PÚBLICO", "lat": 3.446571667, "lon": -76.51964833, "estrato": 2 }, "geometry": { "type": "Point", "coordinates": [ -76.51964833, 3.446571667 ] } },
{ "type": "Feature", "properties": { "agrupado": "DESACATO, IRRESPETO A LA AUTORIDAD", "fecha_hech": "2023-09-22T00:00:00", "hora_hecho": "0:36", "cod_comuna": 9, "nom_comuna": "C-9 JUNIN", "cod_barrio": 910, "nom_bar_01": "Barrio Obrero", "dire_hecho": "KR 11 B CL 22 B", "sitio_hech": "SITIOS PÚBLICOS O ABIERTOS AL PÚBLICO", "lat": 3.44792, "lon": -76.52063, "estrato": 2 }, "geometry": { "type": "Point", "coordinates": [ -76.52063, 3.44792 ] } },
{ "type": "Feature", "properties": { "agrupado": "ARMAS EXCEPTO DE FUEGO", "fecha_hech": "2023-10-16T00:00:00", "hora_hecho": "23:11", "cod_comuna": 9, "nom_comuna": "C-9 JUNIN", "cod_barrio": 910, "nom_bar_01": "Barrio Obrero", "dire_hecho": "CARRERA 11 CON CALLE 23", "sitio_hech": "SITIOS PÚBLICOS O ABIERTOS AL PÚBLICO", "lat": 3.448615, "lon": -76.51992833, "estrato": 2 }, "geometry": { "type": "Point", "coordinates": [ -76.51992833, 3.448615 ] } },
{ "type": "Feature", "properties": { "agrupado": "ARMAS EXCEPTO DE FUEGO", "fecha_hech": "2023-10-21T00:00:00", "hora_hecho": "11:24", "cod_comuna": 9, "nom_comuna": "C-9 JUNIN", "cod_barrio": 910, "nom_bar_01": "Barrio Obrero", "dire_hecho": "CL 18 KR 10 A", "sitio_hech": "SITIOS PÚBLICOS O ABIERTOS AL PÚBLICO", "lat": 3.447635, "lon": -76.52027, "estrato": 2 }, "geometry": { "type": "Point", "coordinates": [ -76.52027, 3.447635 ] } },
{ "type": "Feature", "properties": { "agrupado": "DESACATO, IRRESPETO A LA AUTORIDAD", "fecha_hech": "2023-10-21T00:00:00", "hora_hecho": "20:01", "cod_comuna": 9, "nom_comuna": "C-9 JUNIN", "cod_barrio": 910, "nom_bar_01": "Barrio Obrero", "dire_hecho": "CL 23 KR 11 OBRERO", "sitio_hech": "SITIOS PÚBLICOS O ABIERTOS AL PÚBLICO", "lat": 3.448988333, "lon": -76.52004, "estrato": 2 }, "geometry": { "type": "Point", "coordinates": [ -76.52004, 3.448988333 ] } },
{ "type": "Feature", "properties": { "agrupado": "ARMAS EXCEPTO DE FUEGO", "fecha_hech": "2023-10-24T00:00:00", "hora_hecho": "1:04", "cod_comuna": 9, "nom_comuna": "C-9 JUNIN", "cod_barrio": 910, "nom_bar_01": "Barrio Obrero", "dire_hecho": "CL 23 KR 11 D", "sitio_hech": "SITIOS PÚBLICOS O ABIERTOS AL PÚBLICO", "lat": 3.447398333, "lon": -76.51976167, "estrato": 2 }, "geometry": { "type": "Point", "coordinates": [ -76.51976167, 3.447398333 ] } },
{ "type": "Feature", "properties": { "agrupado": "ARMAS EXCEPTO DE FUEGO", "fecha_hech": "2023-10-25T00:00:00", "hora_hecho": "2:23", "cod_comuna": 9, "nom_comuna": "C-9 JUNIN", "cod_barrio": 910, "nom_bar_01": "Barrio Obrero", "dire_hecho": "CL 15 CR 11B BARRIO SUCRE", "sitio_hech": "SITIOS PÚBLICOS O ABIERTOS AL PÚBLICO", "lat": 3.448365, "lon": -76.51921667000001, "estrato": 2 }, "geometry": { "type": "Point", "coordinates": [ -76.51921667, 3.448365 ] } },
{ "type": "Feature", "properties": { "agrupado": "ARMAS EXCEPTO DE FUEGO", "fecha_hech": "2023-10-25T00:00:00", "hora_hecho": "17:22", "cod_comuna": 9, "nom_comuna": "C-9 JUNIN", "cod_barrio": 910, "nom_bar_01": "Barrio Obrero", "dire_hecho": "CL 23 KR 12", "sitio_hech": "SITIOS PÚBLICOS O ABIERTOS AL PÚBLICO", "lat": 3.447126667, "lon": -76.519915, "estrato": 2 }, "geometry": { "type": "Point", "coordinates": [ -76.519915, 3.447126667 ] } },
{ "type": "Feature", "properties": { "agrupado": "ARMAS EXCEPTO DE FUEGO", "fecha_hech": "2023-10-27T00:00:00", "hora_hecho": "18:11", "cod_comuna": 9, "nom_comuna": "C-9 JUNIN", "cod_barrio": 910, "nom_bar_01": "Barrio Obrero", "dire_hecho": "KR 12 CL 22 A OBRERO", "sitio_hech": "SITIOS PÚBLICOS O ABIERTOS AL PÚBLICO", "lat": 3.44642, "lon": -76.52029167000001, "estrato": 2 }, "geometry": { "type": "Point", "coordinates": [ -76.52029167, 3.44642 ] } },
{ "type": "Feature", "properties": { "agrupado": "DESACATO, IRRESPETO A LA AUTORIDAD", "fecha_hech": "2023-10-28T00:00:00", "hora_hecho": "23:29", "cod_comuna": 9, "nom_comuna": "C-9 JUNIN", "cod_barrio": 910, "nom_bar_01": "Barrio Obrero", "dire_hecho": "CL 25 KR 11 OBRERO", "sitio_hech": "SITIOS PÚBLICOS O ABIERTOS AL PÚBLICO", "lat": 3.449203333, "lon": -76.51835833, "estrato": 2 }, "geometry": { "type": "Point", "coordinates": [ -76.51835833, 3.449203333 ] } },
{ "type": "Feature", "properties": { "agrupado": "ARMAS EXCEPTO DE FUEGO", "fecha_hech": "2023-10-29T00:00:00", "hora_hecho": "7:30", "cod_comuna": 9, "nom_comuna": "C-9 JUNIN", "cod_barrio": 910, "nom_bar_01": "Barrio Obrero", "dire_hecho": "CL 25 KR 11 B", "sitio_hech": "SITIOS PÚBLICOS O ABIERTOS AL PÚBLICO", "lat": 3.448661667, "lon": -76.51833833000001, "estrato": 2 }, "geometry": { "type": "Point", "coordinates": [ -76.51833833, 3.448661667 ] } },
{ "type": "Feature", "properties": { "agrupado": "ARMAS EXCEPTO DE FUEGO", "fecha_hech": "2023-10-29T00:00:00", "hora_hecho": "9:26", "cod_comuna": 9, "nom_comuna": "C-9 JUNIN", "cod_barrio": 910, "nom_bar_01": "Barrio Obrero", "dire_hecho": "CL 24 KR 11 D", "sitio_hech": "SITIOS PÚBLICOS O ABIERTOS AL PÚBLICO", "lat": 3.447563333, "lon": -76.519205, "estrato": 2 }, "geometry": { "type": "Point", "coordinates": [ -76.519205, 3.447563333 ] } },
{ "type": "Feature", "properties": { "agrupado": "DESACATO, IRRESPETO A LA AUTORIDAD", "fecha_hech": "2023-10-29T00:00:00", "hora_hecho": "13:52", "cod_comuna": 9, "nom_comuna": "C-9 JUNIN", "cod_barrio": 910, "nom_bar_01": "Barrio Obrero", "dire_hecho": "CL 11 D KR 23 COLEGIO REPÚBLICA DE ARGENTINA", "sitio_hech": "SITIOS PÚBLICOS O ABIERTOS AL PÚBLICO", "lat": 3.447568333, "lon": -76.51921167, "estrato": 2 }, "geometry": { "type": "Point", "coordinates": [ -76.51921167, 3.447568333 ] } },
{ "type": "Feature", "properties": { "agrupado": "ARMAS EXCEPTO DE FUEGO", "fecha_hech": "2023-11-03T00:00:00", "hora_hecho": "16:36", "cod_comuna": 9, "nom_comuna": "C-9 JUNIN", "cod_barrio": 910, "nom_bar_01": "Barrio Obrero", "dire_hecho": "CL 23 KR 11", "sitio_hech": "SITIOS PÚBLICOS O ABIERTOS AL PÚBLICO", "lat": 3.446608333, "lon": -76.51962, "estrato": 2 }, "geometry": { "type": "Point", "coordinates": [ -76.51962, 3.446608333 ] } },
{ "type": "Feature", "properties": { "agrupado": "ARMAS EXCEPTO DE FUEGO", "fecha_hech": "2023-11-04T00:00:00", "hora_hecho": "16:24", "cod_comuna": 9, "nom_comuna": "C-9 JUNIN", "cod_barrio": 910, "nom_bar_01": "Barrio Obrero", "dire_hecho": "KR 13 A CL 25", "sitio_hech": "SITIOS PÚBLICOS O ABIERTOS AL PÚBLICO", "lat": 3.449165, "lon": -76.51916, "estrato": 2 }, "geometry": { "type": "Point", "coordinates": [ -76.51916, 3.449165 ] } },
{ "type": "Feature", "properties": { "agrupado": "ARMAS EXCEPTO DE FUEGO", "fecha_hech": "2023-11-09T00:00:00", "hora_hecho": "16:24", "cod_comuna": 9, "nom_comuna": "C-9 JUNIN", "cod_barrio": 910, "nom_bar_01": "Barrio Obrero", "dire_hecho": "CL 24 CR 11B", "sitio_hech": "SITIOS PÚBLICOS O ABIERTOS AL PÚBLICO", "lat": 3.44853, "lon": -76.51853667, "estrato": 2 }, "geometry": { "type": "Point", "coordinates": [ -76.51853667, 3.44853 ] } },
{ "type": "Feature", "properties": { "agrupado": "ARMAS EXCEPTO DE FUEGO", "fecha_hech": "2023-11-16T00:00:00", "hora_hecho": "3:06", "cod_comuna": 9, "nom_comuna": "C-9 JUNIN", "cod_barrio": 910, "nom_bar_01": "Barrio Obrero", "dire_hecho": "KR 11 B CL 23", "sitio_hech": "SITIOS PÚBLICOS O ABIERTOS AL PÚBLICO", "lat": 3.448246667, "lon": -76.51983333, "estrato": 2 }, "geometry": { "type": "Point", "coordinates": [ -76.51983333, 3.448246667 ] } },
{ "type": "Feature", "properties": { "agrupado": "ARMAS EXCEPTO DE FUEGO", "fecha_hech": "2023-11-17T00:00:00", "hora_hecho": "23:32", "cod_comuna": 9, "nom_comuna": "C-9 JUNIN", "cod_barrio": 910, "nom_bar_01": "Barrio Obrero", "dire_hecho": "CL 25 CR 11D BARRIO OBRERO", "sitio_hech": "SITIOS PÚBLICOS O ABIERTOS AL PÚBLICO", "lat": 3.448771667, "lon": -76.51834833, "estrato": 2 }, "geometry": { "type": "Point", "coordinates": [ -76.51834833, 3.448771667 ] } },
{ "type": "Feature", "properties": { "agrupado": "ARMAS EXCEPTO DE FUEGO", "fecha_hech": "2023-11-18T00:00:00", "hora_hecho": "18:25", "cod_comuna": 9, "nom_comuna": "C-9 JUNIN", "cod_barrio": 910, "nom_bar_01": "Barrio Obrero", "dire_hecho": "KR 10 CL 21", "sitio_hech": "SITIOS PÚBLICOS O ABIERTOS AL PÚBLICO", "lat": 3.448473333, "lon": -76.51991667, "estrato": 2 }, "geometry": { "type": "Point", "coordinates": [ -76.51991667, 3.448473333 ] } },
{ "type": "Feature", "properties": { "agrupado": "DESACATO, IRRESPETO A LA AUTORIDAD", "fecha_hech": "2023-12-08T00:00:00", "hora_hecho": "19:55", "cod_comuna": 9, "nom_comuna": "C-9 JUNIN", "cod_barrio": 910, "nom_bar_01": "Barrio Obrero", "dire_hecho": "KR 12 CL 23 OBRERO", "sitio_hech": "SITIOS PÚBLICOS O ABIERTOS AL PÚBLICO", "lat": 3.447486667, "lon": -76.519425, "estrato": 2 }, "geometry": { "type": "Point", "coordinates": [ -76.519425, 3.447486667 ] } },
{ "type": "Feature", "properties": { "agrupado": "DESACATO, IRRESPETO A LA AUTORIDAD", "fecha_hech": "2023-12-14T00:00:00", "hora_hecho": "22:13", "cod_comuna": 9, "nom_comuna": "C-9 JUNIN", "cod_barrio": 910, "nom_bar_01": "Barrio Obrero", "dire_hecho": "CR 11 CL 22A BARRIO OBRERO", "sitio_hech": "SITIOS PÚBLICOS O ABIERTOS AL PÚBLICO", "lat": 3.448918333, "lon": -76.52075, "estrato": 2 }, "geometry": { "type": "Point", "coordinates": [ -76.52075, 3.448918333 ] } },
{ "type": "Feature", "properties": { "agrupado": "DESACATO, IRRESPETO A LA AUTORIDAD", "fecha_hech": "2023-12-16T00:00:00", "hora_hecho": "19:09", "cod_comuna": 9, "nom_comuna": "C-9 JUNIN", "cod_barrio": 910, "nom_bar_01": "Barrio Obrero", "dire_hecho": "CALLE 24 CON CARRERA 11", "sitio_hech": "SITIOS PÚBLICOS O ABIERTOS AL PÚBLICO", "lat": 3.448935, "lon": -76.51919667, "estrato": 2 }, "geometry": { "type": "Point", "coordinates": [ -76.51919667, 3.448935 ] } },
{ "type": "Feature", "properties": { "agrupado": "DESACATO, IRRESPETO A LA AUTORIDAD", "fecha_hech": "2023-12-17T00:00:00", "hora_hecho": "23:10", "cod_comuna": 9, "nom_comuna": "C-9 JUNIN", "cod_barrio": 910, "nom_bar_01": "Barrio Obrero", "dire_hecho": "CL 23 CR 11 BARRIO OBRERO", "sitio_hech": "SITIOS PÚBLICOS O ABIERTOS AL PÚBLICO", "lat": 3.44864, "lon": -76.51994333, "estrato": 2 }, "geometry": { "type": "Point", "coordinates": [ -76.51994333, 3.44864 ] } },
{ "type": "Feature", "properties": { "agrupado": "DESACATO, IRRESPETO A LA AUTORIDAD", "fecha_hech": "2023-12-26T00:00:00", "hora_hecho": "22:43", "cod_comuna": 9, "nom_comuna": "C-9 JUNIN", "cod_barrio": 910, "nom_bar_01": "Barrio Obrero", "dire_hecho": "CL 22 KR 11", "sitio_hech": "SITIOS PÚBLICOS O ABIERTOS AL PÚBLICO", "lat": 3.448915, "lon": -76.52009, "estrato": 2 }, "geometry": { "type": "Point", "coordinates": [ -76.52009, 3.448915 ] } },
{ "type": "Feature", "properties": { "agrupado": "ARMAS EXCEPTO DE FUEGO", "fecha_hech": "2023-12-27T00:00:00", "hora_hecho": "19:56", "cod_comuna": 9, "nom_comuna": "C-9 JUNIN", "cod_barrio": 910, "nom_bar_01": "Barrio Obrero", "dire_hecho": "KR 12 CL 18", "sitio_hech": "SITIOS PÚBLICOS O ABIERTOS AL PÚBLICO", "lat": 3.4491644, "lon": -76.5193774, "estrato": 2 }, "geometry": { "type": "Point", "coordinates": [ -76.5193774, 3.4491644 ] } },
{ "type": "Feature", "properties": { "agrupado": "ARMAS EXCEPTO DE FUEGO", "fecha_hech": "2024-01-09T00:00:00", "hora_hecho": "5:56", "cod_comuna": 9, "nom_comuna": "C-9 JUNIN", "cod_barrio": 910, "nom_bar_01": "Barrio Obrero", "dire_hecho": "CL 23 KR 12", "sitio_hech": "SITIOS PÚBLICOS O ABIERTOS AL PÚBLICO", "lat": 3.446723333, "lon": -76.5196, "estrato": 2 }, "geometry": { "type": "Point", "coordinates": [ -76.5196, 3.446723333 ] } },
{ "type": "Feature", "properties": { "agrupado": "ARMAS EXCEPTO DE FUEGO", "fecha_hech": "2024-01-12T00:00:00", "hora_hecho": "12:03", "cod_comuna": 9, "nom_comuna": "C-9 JUNIN", "cod_barrio": 910, "nom_bar_01": "Barrio Obrero", "dire_hecho": "CL 18 KR 12", "sitio_hech": "SITIOS PÚBLICOS O ABIERTOS AL PÚBLICO", "lat": 3.4464987, "lon": -76.5199623, "estrato": 2 }, "geometry": { "type": "Point", "coordinates": [ -76.5199623, 3.4464987 ] } },
{ "type": "Feature", "properties": { "agrupado": "ARMAS EXCEPTO DE FUEGO", "fecha_hech": "2024-01-14T00:00:00", "hora_hecho": "17:48", "cod_comuna": 9, "nom_comuna": "C-9 JUNIN", "cod_barrio": 910, "nom_bar_01": "Barrio Obrero", "dire_hecho": "CL 22 KR 11 B", "sitio_hech": "SITIOS PÚBLICOS O ABIERTOS AL PÚBLICO", "lat": 3.448153333, "lon": -76.52069, "estrato": 2 }, "geometry": { "type": "Point", "coordinates": [ -76.52069, 3.448153333 ] } },
{ "type": "Feature", "properties": { "agrupado": "ARMAS EXCEPTO DE FUEGO", "fecha_hech": "2024-01-19T00:00:00", "hora_hecho": "5:32", "cod_comuna": 9, "nom_comuna": "C-9 JUNIN", "cod_barrio": 910, "nom_bar_01": "Barrio Obrero", "dire_hecho": "CALLE 23 CON CARRERA 12", "sitio_hech": "SITIOS PÚBLICOS O ABIERTOS AL PÚBLICO", "lat": 3.446745, "lon": -76.51965167, "estrato": 2 }, "geometry": { "type": "Point", "coordinates": [ -76.51965167, 3.446745 ] } },
{ "type": "Feature", "properties": { "agrupado": "ARMAS EXCEPTO DE FUEGO", "fecha_hech": "2024-01-21T00:00:00", "hora_hecho": "15:44", "cod_comuna": 9, "nom_comuna": "C-9 JUNIN", "cod_barrio": 910, "nom_bar_01": "Barrio Obrero", "dire_hecho": "CL 24 CR 11 BARRIO OBRERO", "sitio_hech": "SITIOS PÚBLICOS O ABIERTOS AL PÚBLICO", "lat": 3.448506667, "lon": -76.51900333, "estrato": 2 }, "geometry": { "type": "Point", "coordinates": [ -76.51900333, 3.448506667 ] } },
{ "type": "Feature", "properties": { "agrupado": "ARMAS EXCEPTO DE FUEGO", "fecha_hech": "2024-01-31T00:00:00", "hora_hecho": "5:50", "cod_comuna": 9, "nom_comuna": "C-9 JUNIN", "cod_barrio": 910, "nom_bar_01": "Barrio Obrero", "dire_hecho": "CALLE 23 CON CARRERA 12", "sitio_hech": "SITIOS PÚBLICOS O ABIERTOS AL PÚBLICO", "lat": 3.446756667, "lon": -76.519555, "estrato": 2 }, "geometry": { "type": "Point", "coordinates": [ -76.519555, 3.446756667 ] } },
{ "type": "Feature", "properties": { "agrupado": "ARMAS EXCEPTO DE FUEGO", "fecha_hech": "2024-02-26T00:00:00", "hora_hecho": "13:25", "cod_comuna": 9, "nom_comuna": "C-9 JUNIN", "cod_barrio": 910, "nom_bar_01": "Barrio Obrero", "dire_hecho": "CL 21 KR 8 A", "sitio_hech": "SITIOS PÚBLICOS O ABIERTOS AL PÚBLICO", "lat": 3.4488569, "lon": -76.5193774, "estrato": 2 }, "geometry": { "type": "Point", "coordinates": [ -76.5193774, 3.4488569 ] } },
{ "type": "Feature", "properties": { "agrupado": "ARMAS EXCEPTO DE FUEGO", "fecha_hech": "2024-02-27T00:00:00", "hora_hecho": "23:18", "cod_comuna": 9, "nom_comuna": "C-9 JUNIN", "cod_barrio": 910, "nom_bar_01": "Barrio Obrero", "dire_hecho": "CL 24 CR 11D BARRIO OBRERO", "sitio_hech": "SITIOS PÚBLICOS O ABIERTOS AL PÚBLICO", "lat": 3.44752, "lon": -76.51889, "estrato": 2 }, "geometry": { "type": "Point", "coordinates": [ -76.51889, 3.44752 ] } },
{ "type": "Feature", "properties": { "agrupado": "ARMAS EXCEPTO DE FUEGO", "fecha_hech": "2024-03-07T00:00:00", "hora_hecho": "20:02", "cod_comuna": 9, "nom_comuna": "C-9 JUNIN", "cod_barrio": 910, "nom_bar_01": "Barrio Obrero", "dire_hecho": "KR 10 CL 24", "sitio_hech": "SITIOS PÚBLICOS O ABIERTOS AL PÚBLICO", "lat": 3.4483, "lon": -76.52071333000001, "estrato": 2 }, "geometry": { "type": "Point", "coordinates": [ -76.52071333, 3.4483 ] } },
{ "type": "Feature", "properties": { "agrupado": "DESACATO, IRRESPETO A LA AUTORIDAD", "fecha_hech": "2024-03-09T00:00:00", "hora_hecho": "15:18", "cod_comuna": 9, "nom_comuna": "C-9 JUNIN", "cod_barrio": 910, "nom_bar_01": "Barrio Obrero", "dire_hecho": "CL 25 CR 11B BARRIO OBRERO", "sitio_hech": "SITIOS PÚBLICOS O ABIERTOS AL PÚBLICO", "lat": 3.448878333, "lon": -76.51832167000001, "estrato": 2 }, "geometry": { "type": "Point", "coordinates": [ -76.51832167, 3.448878333 ] } },
{ "type": "Feature", "properties": { "agrupado": "ARMAS EXCEPTO DE FUEGO", "fecha_hech": "2024-03-24T00:00:00", "hora_hecho": "23:34", "cod_comuna": 9, "nom_comuna": "C-9 JUNIN", "cod_barrio": 910, "nom_bar_01": "Barrio Obrero", "dire_hecho": "KR 11 CL 22 A", "sitio_hech": "SITIOS PÚBLICOS O ABIERTOS AL PÚBLICO", "lat": 3.448961667, "lon": -76.52033667000001, "estrato": 2 }, "geometry": { "type": "Point", "coordinates": [ -76.52033667, 3.448961667 ] } },
{ "type": "Feature", "properties": { "agrupado": "ARMAS EXCEPTO DE FUEGO", "fecha_hech": "2024-03-29T00:00:00", "hora_hecho": "8:13", "cod_comuna": 9, "nom_comuna": "C-9 JUNIN", "cod_barrio": 910, "nom_bar_01": "Barrio Obrero", "dire_hecho": "KR 10 CL 22", "sitio_hech": "SITIOS PÚBLICOS O ABIERTOS AL PÚBLICO", "lat": 3.448051667, "lon": -76.52068833, "estrato": 2 }, "geometry": { "type": "Point", "coordinates": [ -76.52068833, 3.448051667 ] } },
{ "type": "Feature", "properties": { "agrupado": "ARMAS EXCEPTO DE FUEGO", "fecha_hech": "2024-03-29T00:00:00", "hora_hecho": "15:46", "cod_comuna": 9, "nom_comuna": "C-9 JUNIN", "cod_barrio": 910, "nom_bar_01": "Barrio Obrero", "dire_hecho": "CARRERA11 CALLE22B", "sitio_hech": "SITIOS PÚBLICOS O ABIERTOS AL PÚBLICO", "lat": 3.448686667, "lon": -76.52076833, "estrato": 2 }, "geometry": { "type": "Point", "coordinates": [ -76.52076833, 3.448686667 ] } },
{ "type": "Feature", "properties": { "agrupado": "ARMAS EXCEPTO DE FUEGO", "fecha_hech": "2024-04-02T00:00:00", "hora_hecho": "15:36", "cod_comuna": 9, "nom_comuna": "C-9 JUNIN", "cod_barrio": 910, "nom_bar_01": "Barrio Obrero", "dire_hecho": "CL 24 11 B 55", "sitio_hech": "SITIOS PÚBLICOS O ABIERTOS AL PÚBLICO", "lat": 3.448006667, "lon": -76.51895167000001, "estrato": 2 }, "geometry": { "type": "Point", "coordinates": [ -76.51895167, 3.448006667 ] } },
{ "type": "Feature", "properties": { "agrupado": "DESACATO, IRRESPETO A LA AUTORIDAD", "fecha_hech": "2024-04-04T00:00:00", "hora_hecho": "15:01", "cod_comuna": 9, "nom_comuna": "C-9 JUNIN", "cod_barrio": 910, "nom_bar_01": "Barrio Obrero", "dire_hecho": "CALLE 24 CON CARRERA 11B", "sitio_hech": "SITIOS PÚBLICOS O ABIERTOS AL PÚBLICO", "lat": 3.448478333, "lon": -76.51852167, "estrato": 2 }, "geometry": { "type": "Point", "coordinates": [ -76.51852167, 3.448478333 ] } },
{ "type": "Feature", "properties": { "agrupado": "ARMAS EXCEPTO DE FUEGO", "fecha_hech": "2024-04-09T00:00:00", "hora_hecho": "9:19", "cod_comuna": 9, "nom_comuna": "C-9 JUNIN", "cod_barrio": 910, "nom_bar_01": "Barrio Obrero", "dire_hecho": "KR 11 B CL 22", "sitio_hech": "SITIOS PÚBLICOS O ABIERTOS AL PÚBLICO", "lat": 3.448061667, "lon": -76.52068833, "estrato": 2 }, "geometry": { "type": "Point", "coordinates": [ -76.52068833, 3.448061667 ] } },
{ "type": "Feature", "properties": { "agrupado": "ARMAS EXCEPTO DE FUEGO", "fecha_hech": "2024-04-22T00:00:00", "hora_hecho": "17:14", "cod_comuna": 9, "nom_comuna": "C-9 JUNIN", "cod_barrio": 910, "nom_bar_01": "Barrio Obrero", "dire_hecho": "CALLE 22A CON CARRERA 11B", "sitio_hech": "SITIOS PÚBLICOS O ABIERTOS AL PÚBLICO", "lat": 3.448275, "lon": -76.52067, "estrato": 2 }, "geometry": { "type": "Point", "coordinates": [ -76.52067, 3.448275 ] } },
{ "type": "Feature", "properties": { "agrupado": "RIÑAS", "fecha_hech": "2024-04-23T00:00:00", "hora_hecho": "18:29", "cod_comuna": 9, "nom_comuna": "C-9 JUNIN", "cod_barrio": 910, "nom_bar_01": "Barrio Obrero", "dire_hecho": "KR 11 B 22 A 35", "sitio_hech": "SITIOS PÚBLICOS O ABIERTOS AL PÚBLICO", "lat": 3.448195, "lon": -76.52029667, "estrato": 2 }, "geometry": { "type": "Point", "coordinates": [ -76.52029667, 3.448195 ] } },
{ "type": "Feature", "properties": { "agrupado": "RIÑAS", "fecha_hech": "2024-04-23T00:00:00", "hora_hecho": "18:46", "cod_comuna": 9, "nom_comuna": "C-9 JUNIN", "cod_barrio": 910, "nom_bar_01": "Barrio Obrero", "dire_hecho": "KR 11 B 22 A 35", "sitio_hech": "SITIOS PÚBLICOS O ABIERTOS AL PÚBLICO", "lat": 3.448195, "lon": -76.52029667, "estrato": 2 }, "geometry": { "type": "Point", "coordinates": [ -76.52029667, 3.448195 ] } },
{ "type": "Feature", "properties": { "agrupado": "ARMAS EXCEPTO DE FUEGO", "fecha_hech": "2024-04-29T00:00:00", "hora_hecho": "18:40", "cod_comuna": 9, "nom_comuna": "C-9 JUNIN", "cod_barrio": 910, "nom_bar_01": "Barrio Obrero", "dire_hecho": "CL 24 KR 11 B", "sitio_hech": "SITIOS PÚBLICOS O ABIERTOS AL PÚBLICO", "lat": 3.448463333, "lon": -76.51893, "estrato": 2 }, "geometry": { "type": "Point", "coordinates": [ -76.51893, 3.448463333 ] } },
{ "type": "Feature", "properties": { "agrupado": "ARMAS EXCEPTO DE FUEGO", "fecha_hech": "2024-05-02T00:00:00", "hora_hecho": "23:05", "cod_comuna": 9, "nom_comuna": "C-9 JUNIN", "cod_barrio": 910, "nom_bar_01": "Barrio Obrero", "dire_hecho": "KR 11 B CALLE 24-18", "sitio_hech": "SITIOS PÚBLICOS O ABIERTOS AL PÚBLICO", "lat": 3.448441667, "lon": -76.51879833, "estrato": 2 }, "geometry": { "type": "Point", "coordinates": [ -76.51879833, 3.448441667 ] } },
{ "type": "Feature", "properties": { "agrupado": "ARMAS EXCEPTO DE FUEGO", "fecha_hech": "2024-05-05T00:00:00", "hora_hecho": "17:28", "cod_comuna": 9, "nom_comuna": "C-9 JUNIN", "cod_barrio": 910, "nom_bar_01": "Barrio Obrero", "dire_hecho": "CL 24 CR 12 BARRIO OBRERO", "sitio_hech": "SITIOS PÚBLICOS O ABIERTOS AL PÚBLICO", "lat": 3.446918333, "lon": -76.51846, "estrato": 2 }, "geometry": { "type": "Point", "coordinates": [ -76.51846, 3.446918333 ] } },
{ "type": "Feature", "properties": { "agrupado": "ARMAS EXCEPTO DE FUEGO", "fecha_hech": "2024-05-21T00:00:00", "hora_hecho": "11:04", "cod_comuna": 9, "nom_comuna": "C-9 JUNIN", "cod_barrio": 910, "nom_bar_01": "Barrio Obrero", "dire_hecho": "CL 23 CR 11B BARRIO OBRERO", "sitio_hech": "SITIOS PÚBLICOS O ABIERTOS AL PÚBLICO", "lat": 3.447491667, "lon": -76.51962667, "estrato": 2 }, "geometry": { "type": "Point", "coordinates": [ -76.51962667, 3.447491667 ] } },
{ "type": "Feature", "properties": { "agrupado": "ARMAS EXCEPTO DE FUEGO", "fecha_hech": "2024-05-21T00:00:00", "hora_hecho": "22:48", "cod_comuna": 9, "nom_comuna": "C-9 JUNIN", "cod_barrio": 910, "nom_bar_01": "Barrio Obrero", "dire_hecho": "KR 11 D CL 23", "sitio_hech": "SITIOS PÚBLICOS O ABIERTOS AL PÚBLICO", "lat": 3.447411667, "lon": -76.51953333, "estrato": 2 }, "geometry": { "type": "Point", "coordinates": [ -76.51953333, 3.447411667 ] } },
{ "type": "Feature", "properties": { "agrupado": "ARMAS EXCEPTO DE FUEGO", "fecha_hech": "2024-05-22T00:00:00", "hora_hecho": "12:02", "cod_comuna": 9, "nom_comuna": "C-9 JUNIN", "cod_barrio": 910, "nom_bar_01": "Barrio Obrero", "dire_hecho": "KR 12 CON 22", "sitio_hech": "SITIOS PÚBLICOS O ABIERTOS AL PÚBLICO", "lat": 3.446485, "lon": -76.51999167, "estrato": 2 }, "geometry": { "type": "Point", "coordinates": [ -76.51999167, 3.446485 ] } },
{ "type": "Feature", "properties": { "agrupado": "ARMAS EXCEPTO DE FUEGO", "fecha_hech": "2024-06-03T00:00:00", "hora_hecho": "12:49", "cod_comuna": 9, "nom_comuna": "C-9 JUNIN", "cod_barrio": 910, "nom_bar_01": "Barrio Obrero", "dire_hecho": "CARRERA 10 CALLE 24", "sitio_hech": "SITIOS PÚBLICOS O ABIERTOS AL PÚBLICO", "lat": 3.447943333, "lon": -76.51828333, "estrato": 2 }, "geometry": { "type": "Point", "coordinates": [ -76.51828333, 3.447943333 ] } },
{ "type": "Feature", "properties": { "agrupado": "ARMAS EXCEPTO DE FUEGO", "fecha_hech": "2024-06-08T00:00:00", "hora_hecho": "19:07", "cod_comuna": 9, "nom_comuna": "C-9 JUNIN", "cod_barrio": 910, "nom_bar_01": "Barrio Obrero", "dire_hecho": "CL 22 A CARRERA 11D", "sitio_hech": "SITIOS PÚBLICOS O ABIERTOS AL PÚBLICO", "lat": 3.447138333, "lon": -76.5205, "estrato": 2 }, "geometry": { "type": "Point", "coordinates": [ -76.5205, 3.447138333 ] } },
{ "type": "Feature", "properties": { "agrupado": "ARMAS EXCEPTO DE FUEGO", "fecha_hech": "2024-06-09T00:00:00", "hora_hecho": "8:44", "cod_comuna": 9, "nom_comuna": "C-9 JUNIN", "cod_barrio": 910, "nom_bar_01": "Barrio Obrero", "dire_hecho": "CL 22A CARRE 11D CARRERA 11B", "sitio_hech": "SITIOS PÚBLICOS O ABIERTOS AL PÚBLICO", "lat": 3.448101667, "lon": -76.52064167, "estrato": 2 }, "geometry": { "type": "Point", "coordinates": [ -76.52064167, 3.448101667 ] } },
{ "type": "Feature", "properties": { "agrupado": "SUSTANCIAS PSICOACTIVAS", "fecha_hech": "2024-06-10T00:00:00", "hora_hecho": "23:52", "cod_comuna": 9, "nom_comuna": "C-9 JUNIN", "cod_barrio": 910, "nom_bar_01": "Barrio Obrero", "dire_hecho": "CARRERA 11 CON CALLE 22A", "sitio_hech": "SITIOS PÚBLICOS O ABIERTOS AL PÚBLICO", "lat": 3.448926667, "lon": -76.52052667, "estrato": 2 }, "geometry": { "type": "Point", "coordinates": [ -76.52052667, 3.448926667 ] } },
{ "type": "Feature", "properties": { "agrupado": "ARMAS EXCEPTO DE FUEGO", "fecha_hech": "2024-06-20T00:00:00", "hora_hecho": "9:26", "cod_comuna": 9, "nom_comuna": "C-9 JUNIN", "cod_barrio": 910, "nom_bar_01": "Barrio Obrero", "dire_hecho": "KR 12 CL 22A", "sitio_hech": "SITIOS PÚBLICOS O ABIERTOS AL PÚBLICO", "lat": 3.446436667, "lon": -76.520245, "estrato": 2 }, "geometry": { "type": "Point", "coordinates": [ -76.520245, 3.446436667 ] } },
{ "type": "Feature", "properties": { "agrupado": "ARMAS EXCEPTO DE FUEGO", "fecha_hech": "2024-06-23T00:00:00", "hora_hecho": "17:08", "cod_comuna": 9, "nom_comuna": "C-9 JUNIN", "cod_barrio": 910, "nom_bar_01": "Barrio Obrero", "dire_hecho": "CL 21 KR 14", "sitio_hech": "SITIOS PÚBLICOS O ABIERTOS AL PÚBLICO", "lat": 3.447706667, "lon": -76.51976, "estrato": 2 }, "geometry": { "type": "Point", "coordinates": [ -76.51976, 3.447706667 ] } },
{ "type": "Feature", "properties": { "agrupado": "ARMAS EXCEPTO DE FUEGO", "fecha_hech": "2024-07-07T00:00:00", "hora_hecho": "23:55", "cod_comuna": 9, "nom_comuna": "C-10 EL GUABAL", "cod_barrio": 910, "nom_bar_01": "Barrio Obrero", "dire_hecho": "DG 23 CL 24", "sitio_hech": "SITIOS PÚBLICOS O ABIERTOS AL PÚBLICO", "lat": 3.448786667, "lon": -76.52083667, "estrato": 2 }, "geometry": { "type": "Point", "coordinates": [ -76.52083667, 3.448786667 ] } },
{ "type": "Feature", "properties": { "agrupado": "ARMAS EXCEPTO DE FUEGO", "fecha_hech": "2024-07-10T00:00:00", "hora_hecho": "18:15", "cod_comuna": 9, "nom_comuna": "C-9 JUNIN", "cod_barrio": 910, "nom_bar_01": "Barrio Obrero", "dire_hecho": "CL 24 KR 11 B", "sitio_hech": "SITIOS PÚBLICOS O ABIERTOS AL PÚBLICO", "lat": 3.448533333, "lon": -76.51860667, "estrato": 2 }, "geometry": { "type": "Point", "coordinates": [ -76.51860667, 3.448533333 ] } },
{ "type": "Feature", "properties": { "agrupado": "ARMAS EXCEPTO DE FUEGO", "fecha_hech": "2024-07-13T00:00:00", "hora_hecho": "18:50", "cod_comuna": 9, "nom_comuna": "C-9 JUNIN", "cod_barrio": 910, "nom_bar_01": "Barrio Obrero", "dire_hecho": "KR 10 CL 21", "sitio_hech": "SITIOS PÚBLICOS O ABIERTOS AL PÚBLICO", "lat": 3.448926667, "lon": -76.518275, "estrato": 2 }, "geometry": { "type": "Point", "coordinates": [ -76.518275, 3.448926667 ] } },
{ "type": "Feature", "properties": { "agrupado": "ARMAS EXCEPTO DE FUEGO", "fecha_hech": "2024-07-26T00:00:00", "hora_hecho": "15:50", "cod_comuna": 9, "nom_comuna": "C-9 JUNIN", "cod_barrio": 910, "nom_bar_01": "Barrio Obrero", "dire_hecho": "CL 23 CAR¹1D", "sitio_hech": "SITIOS PÚBLICOS O ABIERTOS AL PÚBLICO", "lat": 3.44745, "lon": -76.51975333, "estrato": 2 }, "geometry": { "type": "Point", "coordinates": [ -76.51975333, 3.44745 ] } },
{ "type": "Feature", "properties": { "agrupado": "ARMAS EXCEPTO DE FUEGO", "fecha_hech": "2024-07-28T00:00:00", "hora_hecho": "16:35", "cod_comuna": 9, "nom_comuna": "C-9 JUNIN", "cod_barrio": 910, "nom_bar_01": "Barrio Obrero", "dire_hecho": "CL 15 KR 12", "sitio_hech": "SITIOS PÚBLICOS O ABIERTOS AL PÚBLICO", "lat": 3.448551667, "lon": -76.51856333000001, "estrato": 2 }, "geometry": { "type": "Point", "coordinates": [ -76.51856333, 3.448551667 ] } },
{ "type": "Feature", "properties": { "agrupado": "ARMAS EXCEPTO DE FUEGO", "fecha_hech": "2024-07-31T00:00:00", "hora_hecho": "19:26", "cod_comuna": 9, "nom_comuna": "C-9 JUNIN", "cod_barrio": 910, "nom_bar_01": "Barrio Obrero", "dire_hecho": "Carrera 11 Calle 22 A", "sitio_hech": "SITIOS PÚBLICOS O ABIERTOS AL PÚBLICO", "lat": 3.44843, "lon": -76.5183217, "estrato": 2 }, "geometry": { "type": "Point", "coordinates": [ -76.5183217, 3.44843 ] } },
{ "type": "Feature", "properties": { "agrupado": "ARMAS EXCEPTO DE FUEGO", "fecha_hech": "2024-08-01T00:00:00", "hora_hecho": "5:33", "cod_comuna": 9, "nom_comuna": "C-9 JUNIN", "cod_barrio": 910, "nom_bar_01": "Barrio Obrero", "dire_hecho": "Calle 23 Carrera 12", "sitio_hech": "SITIOS PÚBLICOS O ABIERTOS AL PÚBLICO", "lat": 3.4467418, "lon": -76.5195701, "estrato": 2 }, "geometry": { "type": "Point", "coordinates": [ -76.5195701, 3.4467418 ] } },
{ "type": "Feature", "properties": { "agrupado": "ARMAS EXCEPTO DE FUEGO", "fecha_hech": "2024-08-03T00:00:00", "hora_hecho": "10:13", "cod_comuna": 9, "nom_comuna": "C-9 JUNIN", "cod_barrio": 910, "nom_bar_01": "Barrio Obrero", "dire_hecho": "Carrera 11 B 24-02", "sitio_hech": "SITIOS PÚBLICOS O ABIERTOS AL PÚBLICO", "lat": 3.4483043, "lon": -76.5190118, "estrato": 2 }, "geometry": { "type": "Point", "coordinates": [ -76.5190118, 3.4483043 ] } },
{ "type": "Feature", "properties": { "agrupado": "ARMAS EXCEPTO DE FUEGO", "fecha_hech": "2024-08-11T00:00:00", "hora_hecho": "8:08", "cod_comuna": 9, "nom_comuna": "C-9 JUNIN", "cod_barrio": 910, "nom_bar_01": "Barrio Obrero", "dire_hecho": "Calle 22 A Carrera 11 B", "sitio_hech": "SITIOS PÚBLICOS O ABIERTOS AL PÚBLICO", "lat": 3.4480683, "lon": -76.5206983, "estrato": 2 }, "geometry": { "type": "Point", "coordinates": [ -76.5206983, 3.4480683 ] } },
{ "type": "Feature", "properties": { "agrupado": "ARMAS EXCEPTO DE FUEGO", "fecha_hech": "2024-08-15T00:00:00", "hora_hecho": "10:40", "cod_comuna": 9, "nom_comuna": "C-9 JUNIN", "cod_barrio": 910, "nom_bar_01": "Barrio Obrero", "dire_hecho": "Calle 23 Carrera 12", "sitio_hech": "SITIOS PÚBLICOS O ABIERTOS AL PÚBLICO", "lat": 3.4467633, "lon": -76.5195717, "estrato": 2 }, "geometry": { "type": "Point", "coordinates": [ -76.5195717, 3.4467633 ] } },
{ "type": "Feature", "properties": { "agrupado": "ARMAS EXCEPTO DE FUEGO", "fecha_hech": "2024-08-19T00:00:00", "hora_hecho": "0:16", "cod_comuna": 9, "nom_comuna": "C-9 JUNIN", "cod_barrio": 910, "nom_bar_01": "Barrio Obrero", "dire_hecho": "Calle 23 Carrera 12", "sitio_hech": "SITIOS PÚBLICOS O ABIERTOS AL PÚBLICO", "lat": 3.4467283, "lon": -76.5194417, "estrato": 2 }, "geometry": { "type": "Point", "coordinates": [ -76.5194417, 3.4467283 ] } },
{ "type": "Feature", "properties": { "agrupado": "ARMAS EXCEPTO DE FUEGO", "fecha_hech": "2024-08-19T00:00:00", "hora_hecho": "11:06", "cod_comuna": 9, "nom_comuna": "C-9 JUNIN", "cod_barrio": 910, "nom_bar_01": "Barrio Obrero", "dire_hecho": "Calle 24 Carrera 11 D", "sitio_hech": "SITIOS PÚBLICOS O ABIERTOS AL PÚBLICO", "lat": 3.4477417, "lon": -76.51892, "estrato": 2 }, "geometry": { "type": "Point", "coordinates": [ -76.51892, 3.4477417 ] } },
{ "type": "Feature", "properties": { "agrupado": "ARMAS EXCEPTO DE FUEGO", "fecha_hech": "2024-08-23T00:00:00", "hora_hecho": "6:00", "cod_comuna": 9, "nom_comuna": "C-9 JUNIN", "cod_barrio": 910, "nom_bar_01": "Barrio Obrero", "dire_hecho": "Calle 23 11 D 65", "sitio_hech": "SITIOS PÚBLICOS O ABIERTOS AL PÚBLICO", "lat": 3.44682, "lon": -76.5196567, "estrato": 2 }, "geometry": { "type": "Point", "coordinates": [ -76.5196567, 3.44682 ] } },
{ "type": "Feature", "properties": { "agrupado": "ARMAS EXCEPTO DE FUEGO", "fecha_hech": "2024-08-25T00:00:00", "hora_hecho": "16:56", "cod_comuna": 9, "nom_comuna": "C-9 JUNIN", "cod_barrio": 910, "nom_bar_01": "Barrio Obrero", "dire_hecho": "Carrera 11 B Carrera 24", "sitio_hech": "SITIOS PÚBLICOS O ABIERTOS AL PÚBLICO", "lat": 3.4485717, "lon": -76.51861, "estrato": 2 }, "geometry": { "type": "Point", "coordinates": [ -76.51861, 3.4485717 ] } },
{ "type": "Feature", "properties": { "agrupado": "ARMAS EXCEPTO DE FUEGO", "fecha_hech": "2024-08-28T00:00:00", "hora_hecho": "2:17", "cod_comuna": 9, "nom_comuna": "C-9 JUNIN", "cod_barrio": 910, "nom_bar_01": "Barrio Obrero", "dire_hecho": "Calle 23 Carrera 12", "sitio_hech": "SITIOS PÚBLICOS O ABIERTOS AL PÚBLICO", "lat": 3.4467833, "lon": -76.5194833, "estrato": 2 }, "geometry": { "type": "Point", "coordinates": [ -76.5194833, 3.4467833 ] } },
{ "type": "Feature", "properties": { "agrupado": "ARMAS EXCEPTO DE FUEGO", "fecha_hech": "2024-08-29T00:00:00", "hora_hecho": "3:58", "cod_comuna": 9, "nom_comuna": "C-9 JUNIN", "cod_barrio": 910, "nom_bar_01": "Barrio Obrero", "dire_hecho": "Calle 23 Carrera 12", "sitio_hech": "SITIOS PÚBLICOS O ABIERTOS AL PÚBLICO", "lat": 3.4467383, "lon": -76.5195867, "estrato": 2 }, "geometry": { "type": "Point", "coordinates": [ -76.5195867, 3.4467383 ] } },
{ "type": "Feature", "properties": { "agrupado": "ARMAS EXCEPTO DE FUEGO", "fecha_hech": "2024-09-03T00:00:00", "hora_hecho": "5:54", "cod_comuna": 9, "nom_comuna": "C-9 JUNIN", "cod_barrio": 910, "nom_bar_01": "Barrio Obrero", "dire_hecho": "Calle 23 Carrera 8 A", "sitio_hech": "SITIOS PÚBLICOS O ABIERTOS AL PÚBLICO", "lat": 3.4467483, "lon": -76.519605, "estrato": 2 }, "geometry": { "type": "Point", "coordinates": [ -76.519605, 3.4467483 ] } },
{ "type": "Feature", "properties": { "agrupado": "ARMAS EXCEPTO DE FUEGO", "fecha_hech": "2024-09-04T00:00:00", "hora_hecho": "8:44", "cod_comuna": 9, "nom_comuna": "C-9 JUNIN", "cod_barrio": 910, "nom_bar_01": "Barrio Obrero", "dire_hecho": "Calle 17 Carrera 11 B", "sitio_hech": "SITIOS PÚBLICOS O ABIERTOS AL PÚBLICO", "lat": 3.446545, "lon": -76.5200167, "estrato": 2 }, "geometry": { "type": "Point", "coordinates": [ -76.5200167, 3.446545 ] } },
{ "type": "Feature", "properties": { "agrupado": "DESACATO, IRRESPETO A LA AUTORIDAD", "fecha_hech": "2024-09-07T00:00:00", "hora_hecho": "18:37", "cod_comuna": 9, "nom_comuna": "C-9 JUNIN", "cod_barrio": 910, "nom_bar_01": "Barrio Obrero", "dire_hecho": "Cra 11 cll 22a", "sitio_hech": "SITIOS PÚBLICOS O ABIERTOS AL PÚBLICO", "lat": 3.4488583, "lon": -76.5208467, "estrato": 2 }, "geometry": { "type": "Point", "coordinates": [ -76.5208467, 3.4488583 ] } },
{ "type": "Feature", "properties": { "agrupado": "DESACATO, IRRESPETO A LA AUTORIDAD", "fecha_hech": "2024-09-12T00:00:00", "hora_hecho": "21:10", "cod_comuna": 9, "nom_comuna": "C-9 JUNIN", "cod_barrio": 910, "nom_bar_01": "Barrio Obrero", "dire_hecho": "Carrera 10 Calle 21", "sitio_hech": "SITIOS PÚBLICOS O ABIERTOS AL PÚBLICO", "lat": 3.4469006, "lon": -76.5204077, "estrato": 2 }, "geometry": { "type": "Point", "coordinates": [ -76.5204077, 3.4469006 ] } },
{ "type": "Feature", "properties": { "agrupado": "ARMAS EXCEPTO DE FUEGO", "fecha_hech": "2024-09-15T00:00:00", "hora_hecho": "7:56", "cod_comuna": 9, "nom_comuna": "C-9 JUNIN", "cod_barrio": 910, "nom_bar_01": "Barrio Obrero", "dire_hecho": "Calle 22 Carrera 11", "sitio_hech": "SITIOS PÚBLICOS O ABIERTOS AL PÚBLICO", "lat": 3.4481933, "lon": -76.520725, "estrato": 2 }, "geometry": { "type": "Point", "coordinates": [ -76.520725, 3.4481933 ] } },
{ "type": "Feature", "properties": { "agrupado": "ARMAS EXCEPTO DE FUEGO", "fecha_hech": "2024-09-15T00:00:00", "hora_hecho": "17:13", "cod_comuna": 9, "nom_comuna": "C-9 JUNIN", "cod_barrio": 910, "nom_bar_01": "Barrio Obrero", "dire_hecho": "Calle 24 Carrera 11", "sitio_hech": "SITIOS PÚBLICOS O ABIERTOS AL PÚBLICO", "lat": 3.448551421, "lon": -76.51849974, "estrato": 2 }, "geometry": { "type": "Point", "coordinates": [ -76.51849974, 3.448551421 ] } },
{ "type": "Feature", "properties": { "agrupado": "ARMAS EXCEPTO DE FUEGO", "fecha_hech": "2024-09-18T00:00:00", "hora_hecho": "3:07", "cod_comuna": 9, "nom_comuna": "C-9 JUNIN", "cod_barrio": 910, "nom_bar_01": "Barrio Obrero", "dire_hecho": "Carrera 11 D Calle 25", "sitio_hech": "SITIOS PÚBLICOS O ABIERTOS AL PÚBLICO", "lat": 3.447536, "lon": -76.5184031, "estrato": 2 }, "geometry": { "type": "Point", "coordinates": [ -76.5184031, 3.447536 ] } },
{ "type": "Feature", "properties": { "agrupado": "ARMAS EXCEPTO DE FUEGO", "fecha_hech": "2024-09-18T00:00:00", "hora_hecho": "7:49", "cod_comuna": 9, "nom_comuna": "C-9 JUNIN", "cod_barrio": 910, "nom_bar_01": "Barrio Obrero", "dire_hecho": "Calle 22 A Carrera 11 B", "sitio_hech": "SITIOS PÚBLICOS O ABIERTOS AL PÚBLICO", "lat": 3.4479983, "lon": -76.5206817, "estrato": 2 }, "geometry": { "type": "Point", "coordinates": [ -76.5206817, 3.4479983 ] } },
{ "type": "Feature", "properties": { "agrupado": "ARMAS EXCEPTO DE FUEGO", "fecha_hech": "2024-09-18T00:00:00", "hora_hecho": "23:16", "cod_comuna": 9, "nom_comuna": "C-9 JUNIN", "cod_barrio": 910, "nom_bar_01": "Barrio Obrero", "dire_hecho": "Calle 25 Carrera 11 B", "sitio_hech": "SITIOS PÚBLICOS O ABIERTOS AL PÚBLICO", "lat": 3.4485017, "lon": -76.51824, "estrato": 2 }, "geometry": { "type": "Point", "coordinates": [ -76.51824, 3.4485017 ] } },
{ "type": "Feature", "properties": { "agrupado": "DESACATO, IRRESPETO A LA AUTORIDAD", "fecha_hech": "2024-09-22T00:00:00", "hora_hecho": "13:49", "cod_comuna": 9, "nom_comuna": "C-9 JUNIN", "cod_barrio": 910, "nom_bar_01": "Barrio Obrero", "dire_hecho": "Carrera 11B CALLE 24", "sitio_hech": "SITIOS PÚBLICOS O ABIERTOS AL PÚBLICO", "lat": 3.4482545, "lon": -76.5190395, "estrato": 2 }, "geometry": { "type": "Point", "coordinates": [ -76.5190395, 3.4482545 ] } },
{ "type": "Feature", "properties": { "agrupado": "ARMAS EXCEPTO DE FUEGO", "fecha_hech": "2024-09-24T00:00:00", "hora_hecho": "14:51", "cod_comuna": 9, "nom_comuna": "C-9 JUNIN", "cod_barrio": 910, "nom_bar_01": "Barrio Obrero", "dire_hecho": "Calle 24 Carrera 11", "sitio_hech": "SITIOS PÚBLICOS O ABIERTOS AL PÚBLICO", "lat": 3.4490926, "lon": -76.518964, "estrato": 2 }, "geometry": { "type": "Point", "coordinates": [ -76.518964, 3.4490926 ] } },
{ "type": "Feature", "properties": { "agrupado": "ARMAS EXCEPTO DE FUEGO", "fecha_hech": "2024-09-25T00:00:00", "hora_hecho": "17:27", "cod_comuna": 9, "nom_comuna": "C-9 JUNIN", "cod_barrio": 910, "nom_bar_01": "Barrio Obrero", "dire_hecho": "Calle 24 Carreras 11", "sitio_hech": "SITIOS PÚBLICOS O ABIERTOS AL PÚBLICO", "lat": 3.447715, "lon": -76.518505, "estrato": 2 }, "geometry": { "type": "Point", "coordinates": [ -76.518505, 3.447715 ] } },
{ "type": "Feature", "properties": { "agrupado": "ARMAS EXCEPTO DE FUEGO", "fecha_hech": "2024-09-27T00:00:00", "hora_hecho": "17:22", "cod_comuna": 9, "nom_comuna": "C-9 JUNIN", "cod_barrio": 910, "nom_bar_01": "Barrio Obrero", "dire_hecho": "Calle 24 Carrera 11 B", "sitio_hech": "SITIOS PÚBLICOS O ABIERTOS AL PÚBLICO", "lat": 3.4485897, "lon": -76.5184362, "estrato": 2 }, "geometry": { "type": "Point", "coordinates": [ -76.5184362, 3.4485897 ] } },
{ "type": "Feature", "properties": { "agrupado": "ARMAS EXCEPTO DE FUEGO", "fecha_hech": "2024-10-01T00:00:00", "hora_hecho": "23:31", "cod_comuna": 9, "nom_comuna": "C-9 JUNIN", "cod_barrio": 910, "nom_bar_01": "Barrio Obrero", "dire_hecho": "Carrera 10 Calle 23", "sitio_hech": "SITIOS PÚBLICOS O ABIERTOS AL PÚBLICO", "lat": 3.4489001, "lon": -76.5197645, "estrato": 2 }, "geometry": { "type": "Point", "coordinates": [ -76.5197645, 3.4489001 ] } },
{ "type": "Feature", "properties": { "agrupado": "ARMAS EXCEPTO DE FUEGO", "fecha_hech": "2024-10-05T00:00:00", "hora_hecho": "1:16", "cod_comuna": 9, "nom_comuna": "C-9 JUNIN", "cod_barrio": 910, "nom_bar_01": "Barrio Obrero", "dire_hecho": "Calle 22 A Carrera 11 D", "sitio_hech": "SITIOS PÚBLICOS O ABIERTOS AL PÚBLICO", "lat": 3.4472122, "lon": -76.5205127, "estrato": 2 }, "geometry": { "type": "Point", "coordinates": [ -76.5205127, 3.4472122 ] } },
{ "type": "Feature", "properties": { "agrupado": "ARMAS EXCEPTO DE FUEGO", "fecha_hech": "2024-10-06T00:00:00", "hora_hecho": "17:09", "cod_comuna": 9, "nom_comuna": "C-9 JUNIN", "cod_barrio": 910, "nom_bar_01": "Barrio Obrero", "dire_hecho": "Calle 22 A Carrera 10", "sitio_hech": "SITIOS PÚBLICOS O ABIERTOS AL PÚBLICO", "lat": 3.4475972, "lon": -76.5189089, "estrato": 2 }, "geometry": { "type": "Point", "coordinates": [ -76.5189089, 3.4475972 ] } },
{ "type": "Feature", "properties": { "agrupado": "ARMAS EXCEPTO DE FUEGO", "fecha_hech": "2024-10-11T00:00:00", "hora_hecho": "11:02", "cod_comuna": 9, "nom_comuna": "C-9 JUNIN", "cod_barrio": 910, "nom_bar_01": "Barrio Obrero", "dire_hecho": "Carrera 11 B Calle 24", "sitio_hech": "SITIOS PÚBLICOS O ABIERTOS AL PÚBLICO", "lat": 3.448265, "lon": -76.518995, "estrato": 2 }, "geometry": { "type": "Point", "coordinates": [ -76.518995, 3.448265 ] } },
{ "type": "Feature", "properties": { "agrupado": "ARMAS EXCEPTO DE FUEGO", "fecha_hech": "2024-10-16T00:00:00", "hora_hecho": "21:01", "cod_comuna": 9, "nom_comuna": "C-9 JUNIN", "cod_barrio": 910, "nom_bar_01": "Barrio Obrero", "dire_hecho": "Carrera 11 B Calle 24", "sitio_hech": "SITIOS PÚBLICOS O ABIERTOS AL PÚBLICO", "lat": 3.4486033, "lon": -76.5185867, "estrato": 2 }, "geometry": { "type": "Point", "coordinates": [ -76.5185867, 3.4486033 ] } },
{ "type": "Feature", "properties": { "agrupado": "DESACATO, IRRESPETO A LA AUTORIDAD", "fecha_hech": "2024-10-17T00:00:00", "hora_hecho": "23:51", "cod_comuna": 9, "nom_comuna": "C-9 JUNIN", "cod_barrio": 910, "nom_bar_01": "Barrio Obrero", "dire_hecho": "Calle 22 A Carrera 11b", "sitio_hech": "SITIOS PÚBLICOS O ABIERTOS AL PÚBLICO", "lat": 3.4477736, "lon": -76.520547, "estrato": 2 }, "geometry": { "type": "Point", "coordinates": [ -76.520547, 3.4477736 ] } },
{ "type": "Feature", "properties": { "agrupado": "ARMAS EXCEPTO DE FUEGO", "fecha_hech": "2024-10-19T00:00:00", "hora_hecho": "7:57", "cod_comuna": 9, "nom_comuna": "C-9 JUNIN", "cod_barrio": 910, "nom_bar_01": "Barrio Obrero", "dire_hecho": "Calle 23 Carrera 12", "sitio_hech": "SITIOS PÚBLICOS O ABIERTOS AL PÚBLICO", "lat": 3.4467491, "lon": -76.5196088, "estrato": 2 }, "geometry": { "type": "Point", "coordinates": [ -76.5196088, 3.4467491 ] } },
{ "type": "Feature", "properties": { "agrupado": "ARMAS EXCEPTO DE FUEGO", "fecha_hech": "2024-10-23T00:00:00", "hora_hecho": "16:26", "cod_comuna": 9, "nom_comuna": "C-9 JUNIN", "cod_barrio": 910, "nom_bar_01": "Barrio Obrero", "dire_hecho": "Calle 24 A Carrera 11", "sitio_hech": "SITIOS PÚBLICOS O ABIERTOS AL PÚBLICO", "lat": 3.4491551, "lon": -76.5190536, "estrato": 2 }, "geometry": { "type": "Point", "coordinates": [ -76.5190536, 3.4491551 ] } },
{ "type": "Feature", "properties": { "agrupado": "DESACATO, IRRESPETO A LA AUTORIDAD", "fecha_hech": "2024-10-26T00:00:00", "hora_hecho": "1:31", "cod_comuna": 9, "nom_comuna": "C-9 JUNIN", "cod_barrio": 910, "nom_bar_01": "Barrio Obrero", "dire_hecho": "Calle 23 Carrera 11 B", "sitio_hech": "SITIOS PÚBLICOS O ABIERTOS AL PÚBLICO", "lat": 3.4482541, "lon": -76.5199312, "estrato": 2 }, "geometry": { "type": "Point", "coordinates": [ -76.5199312, 3.4482541 ] } },
{ "type": "Feature", "properties": { "agrupado": "ARMAS EXCEPTO DE FUEGO", "fecha_hech": "2024-10-27T00:00:00", "hora_hecho": "20:41", "cod_comuna": 9, "nom_comuna": "C-9 JUNIN", "cod_barrio": 910, "nom_bar_01": "Barrio Obrero", "dire_hecho": "Calle 23 Carrera 11 B", "sitio_hech": "SITIOS PÚBLICOS O ABIERTOS AL PÚBLICO", "lat": 3.4486005, "lon": -76.5199415, "estrato": 2 }, "geometry": { "type": "Point", "coordinates": [ -76.5199415, 3.4486005 ] } },
{ "type": "Feature", "properties": { "agrupado": "ARMAS EXCEPTO DE FUEGO", "fecha_hech": "2024-10-28T00:00:00", "hora_hecho": "8:44", "cod_comuna": 9, "nom_comuna": "C-9 JUNIN", "cod_barrio": 910, "nom_bar_01": "Barrio Obrero", "dire_hecho": "Cra 11b calle 22", "sitio_hech": "SITIOS PÚBLICOS O ABIERTOS AL PÚBLICO", "lat": 3.4480067, "lon": -76.5206583, "estrato": 2 }, "geometry": { "type": "Point", "coordinates": [ -76.5206583, 3.4480067 ] } },
{ "type": "Feature", "properties": { "agrupado": "ARMAS EXCEPTO DE FUEGO", "fecha_hech": "2024-11-02T00:00:00", "hora_hecho": "12:20", "cod_comuna": 9, "nom_comuna": "C-9 JUNIN", "cod_barrio": 910, "nom_bar_01": "Barrio Obrero", "dire_hecho": "Carrera 11 Calle 25", "sitio_hech": "SITIOS PÚBLICOS O ABIERTOS AL PÚBLICO", "lat": 3.4492963, "lon": -76.5187557, "estrato": 2 }, "geometry": { "type": "Point", "coordinates": [ -76.5187557, 3.4492963 ] } },
{ "type": "Feature", "properties": { "agrupado": "ARMAS EXCEPTO DE FUEGO", "fecha_hech": "2024-11-12T00:00:00", "hora_hecho": "18:28", "cod_comuna": 9, "nom_comuna": "C-9 JUNIN", "cod_barrio": 910, "nom_bar_01": "Barrio Obrero", "dire_hecho": "Carrera 11 D Calle 23", "sitio_hech": "SITIOS PÚBLICOS O ABIERTOS AL PÚBLICO", "lat": 3.4474567, "lon": -76.5194967, "estrato": 2 }, "geometry": { "type": "Point", "coordinates": [ -76.5194967, 3.4474567 ] } },
{ "type": "Feature", "properties": { "agrupado": "ARMAS EXCEPTO DE FUEGO", "fecha_hech": "2024-11-16T00:00:00", "hora_hecho": "15:51", "cod_comuna": 9, "nom_comuna": "C-9 JUNIN", "cod_barrio": 910, "nom_bar_01": "Barrio Obrero", "dire_hecho": "Calle 24 Carrera 11 D", "sitio_hech": "SITIOS PÚBLICOS O ABIERTOS AL PÚBLICO", "lat": 3.447619543, "lon": -76.51887079, "estrato": 2 }, "geometry": { "type": "Point", "coordinates": [ -76.51887079, 3.447619543 ] } },
{ "type": "Feature", "properties": { "agrupado": "ARMAS EXCEPTO DE FUEGO", "fecha_hech": "2024-11-17T00:00:00", "hora_hecho": "12:15", "cod_comuna": 9, "nom_comuna": "C-9 JUNIN", "cod_barrio": 910, "nom_bar_01": "Barrio Obrero", "dire_hecho": "Calle 22 A Carrera 11 B", "sitio_hech": "SITIOS PÚBLICOS O ABIERTOS AL PÚBLICO", "lat": 3.448073414, "lon": -76.52069832, "estrato": 2 }, "geometry": { "type": "Point", "coordinates": [ -76.52069832, 3.448073414 ] } },
{ "type": "Feature", "properties": { "agrupado": "ARMAS EXCEPTO DE FUEGO", "fecha_hech": "2024-11-21T00:00:00", "hora_hecho": "8:55", "cod_comuna": 9, "nom_comuna": "C-9 JUNIN", "cod_barrio": 910, "nom_bar_01": "Barrio Obrero", "dire_hecho": "Carrera 12 Calle 23", "sitio_hech": "SITIOS PÚBLICOS O ABIERTOS AL PÚBLICO", "lat": 3.4467092, "lon": -76.5196446, "estrato": 2 }, "geometry": { "type": "Point", "coordinates": [ -76.5196446, 3.4467092 ] } },
{ "type": "Feature", "properties": { "agrupado": "ARMAS EXCEPTO DE FUEGO", "fecha_hech": "2024-11-27T00:00:00", "hora_hecho": "10:01", "cod_comuna": 9, "nom_comuna": "C-9 JUNIN", "cod_barrio": 910, "nom_bar_01": "Barrio Obrero", "dire_hecho": "Calle 23 Carrera 11 D", "sitio_hech": "SITIOS PÚBLICOS O ABIERTOS AL PÚBLICO", "lat": 3.4468439, "lon": -76.5196021, "estrato": 2 }, "geometry": { "type": "Point", "coordinates": [ -76.5196021, 3.4468439 ] } },
{ "type": "Feature", "properties": { "agrupado": "ARMAS EXCEPTO DE FUEGO", "fecha_hech": "2024-11-29T00:00:00", "hora_hecho": "14:38", "cod_comuna": 9, "nom_comuna": "C-9 JUNIN", "cod_barrio": 910, "nom_bar_01": "Barrio Obrero", "dire_hecho": "Calle 23 Carrera 11 B", "sitio_hech": "SITIOS PÚBLICOS O ABIERTOS AL PÚBLICO", "lat": 3.4480935, "lon": -76.5197547, "estrato": 2 }, "geometry": { "type": "Point", "coordinates": [ -76.5197547, 3.4480935 ] } },
{ "type": "Feature", "properties": { "agrupado": "ARMAS EXCEPTO DE FUEGO", "fecha_hech": "2024-12-01T00:00:00", "hora_hecho": "9:44", "cod_comuna": 9, "nom_comuna": "C-9 JUNIN", "cod_barrio": 910, "nom_bar_01": "Barrio Obrero", "dire_hecho": "Calle 22 A Carrera 11", "sitio_hech": "SITIOS PÚBLICOS O ABIERTOS AL PÚBLICO", "lat": 3.4477134, "lon": -76.5205179, "estrato": 2 }, "geometry": { "type": "Point", "coordinates": [ -76.5205179, 3.4477134 ] } },
{ "type": "Feature", "properties": { "agrupado": "ARMAS EXCEPTO DE FUEGO", "fecha_hech": "2024-12-10T00:00:00", "hora_hecho": "18:44", "cod_comuna": 9, "nom_comuna": "C-9 JUNIN", "cod_barrio": 910, "nom_bar_01": "Barrio Obrero", "dire_hecho": "Calle 23 Carrera 11 D", "sitio_hech": "SITIOS PÚBLICOS O ABIERTOS AL PÚBLICO", "lat": 3.44746, "lon": -76.519675, "estrato": 2 }, "geometry": { "type": "Point", "coordinates": [ -76.519675, 3.44746 ] } },
{ "type": "Feature", "properties": { "agrupado": "ARMAS EXCEPTO DE FUEGO", "fecha_hech": "2024-12-12T00:00:00", "hora_hecho": "10:35", "cod_comuna": 9, "nom_comuna": "C-9 JUNIN", "cod_barrio": 910, "nom_bar_01": "Barrio Obrero", "dire_hecho": "Calle 22 A Carrera 11", "sitio_hech": "SITIOS PÚBLICOS O ABIERTOS AL PÚBLICO", "lat": 3.4477732, "lon": -76.5204174, "estrato": 2 }, "geometry": { "type": "Point", "coordinates": [ -76.5204174, 3.4477732 ] } },
{ "type": "Feature", "properties": { "agrupado": "ARMAS EXCEPTO DE FUEGO", "fecha_hech": "2024-12-14T00:00:00", "hora_hecho": "3:51", "cod_comuna": 9, "nom_comuna": "C-9 JUNIN", "cod_barrio": 910, "nom_bar_01": "Barrio Obrero", "dire_hecho": "Cra 11d con cl 22a", "sitio_hech": "SITIOS PÚBLICOS O ABIERTOS AL PÚBLICO", "lat": 3.4470183, "lon": -76.520465, "estrato": 2 }, "geometry": { "type": "Point", "coordinates": [ -76.520465, 3.4470183 ] } },
{ "type": "Feature", "properties": { "agrupado": "ARMAS EXCEPTO DE FUEGO", "fecha_hech": "2024-12-22T00:00:00", "hora_hecho": "15:55", "cod_comuna": 9, "nom_comuna": "C-9 JUNIN", "cod_barrio": 910, "nom_bar_01": "Barrio Obrero", "dire_hecho": "Calle 22 Carrera 11 B", "sitio_hech": "SITIOS PÚBLICOS O ABIERTOS AL PÚBLICO", "lat": 3.448205, "lon": -76.5206633, "estrato": 2 }, "geometry": { "type": "Point", "coordinates": [ -76.5206633, 3.448205 ] } },
{ "type": "Feature", "properties": { "agrupado": "ARMAS EXCEPTO DE FUEGO", "fecha_hech": "2024-12-27T00:00:00", "hora_hecho": "17:49", "cod_comuna": 9, "nom_comuna": "C-9 JUNIN", "cod_barrio": 910, "nom_bar_01": "Barrio Obrero", "dire_hecho": "Cll 22a cr 11b", "sitio_hech": "SITIOS PÚBLICOS O ABIERTOS AL PÚBLICO", "lat": 3.4481033, "lon": -76.5206617, "estrato": 2 }, "geometry": { "type": "Point", "coordinates": [ -76.5206617, 3.4481033 ] } },
{ "type": "Feature", "properties": { "agrupado": "ARMAS EXCEPTO DE FUEGO", "fecha_hech": "2025-01-04T00:00:00", "hora_hecho": "5:13", "cod_comuna": 9, "nom_comuna": "C-9 JUNIN", "cod_barrio": 910, "nom_bar_01": "Barrio Obrero", "dire_hecho": "Cr 12 cl 24", "sitio_hech": "SITIOS PÚBLICOS O ABIERTOS AL PÚBLICO", "lat": 3.4469258, "lon": -76.5187255, "estrato": 2 }, "geometry": { "type": "Point", "coordinates": [ -76.5187255, 3.4469258 ] } },
{ "type": "Feature", "properties": { "agrupado": "ARMAS EXCEPTO DE FUEGO", "fecha_hech": "2025-01-16T00:00:00", "hora_hecho": "8:54", "cod_comuna": 9, "nom_comuna": "C-9 JUNIN", "cod_barrio": 910, "nom_bar_01": "Barrio Obrero", "dire_hecho": "Calle 25 Carrera 11", "sitio_hech": "SITIOS PÚBLICOS O ABIERTOS AL PÚBLICO", "lat": 3.449291, "lon": -76.5187511, "estrato": 2 }, "geometry": { "type": "Point", "coordinates": [ -76.5187511, 3.449291 ] } },
{ "type": "Feature", "properties": { "agrupado": "ARMAS EXCEPTO DE FUEGO", "fecha_hech": "2025-01-18T00:00:00", "hora_hecho": "13:38", "cod_comuna": 9, "nom_comuna": "C-9 JUNIN", "cod_barrio": 910, "nom_bar_01": "Barrio Obrero", "dire_hecho": "Calle 25 Carrera 12", "sitio_hech": "SITIOS PÚBLICOS O ABIERTOS AL PÚBLICO", "lat": 3.4467667, "lon": -76.518613, "estrato": 2 }, "geometry": { "type": "Point", "coordinates": [ -76.518613, 3.4467667 ] } },
{ "type": "Feature", "properties": { "agrupado": "ARMAS EXCEPTO DE FUEGO", "fecha_hech": "2025-01-19T00:00:00", "hora_hecho": "22:16", "cod_comuna": 9, "nom_comuna": "C-9 JUNIN", "cod_barrio": 910, "nom_bar_01": "Barrio Obrero", "dire_hecho": "Calle 25 Carrera 11", "sitio_hech": "SITIOS PÚBLICOS O ABIERTOS AL PÚBLICO", "lat": 3.4472319, "lon": -76.5184278, "estrato": 2 }, "geometry": { "type": "Point", "coordinates": [ -76.5184278, 3.4472319 ] } },
{ "type": "Feature", "properties": { "agrupado": "ARMAS EXCEPTO DE FUEGO", "fecha_hech": "2025-01-20T00:00:00", "hora_hecho": "15:41", "cod_comuna": 9, "nom_comuna": "C-9 JUNIN", "cod_barrio": 910, "nom_bar_01": "Barrio Obrero", "dire_hecho": "Cl 22 cr 13 a", "sitio_hech": "SITIOS PÚBLICOS O ABIERTOS AL PÚBLICO", "lat": 3.4465812, "lon": -76.5200112, "estrato": 2 }, "geometry": { "type": "Point", "coordinates": [ -76.5200112, 3.4465812 ] } },
{ "type": "Feature", "properties": { "agrupado": "ARMAS EXCEPTO DE FUEGO", "fecha_hech": "2025-01-23T00:00:00", "hora_hecho": "21:48", "cod_comuna": 9, "nom_comuna": "C-9 JUNIN", "cod_barrio": 910, "nom_bar_01": "Barrio Obrero", "dire_hecho": "Calle 24 Carrera 11 15", "sitio_hech": "SITIOS PÚBLICOS O ABIERTOS AL PÚBLICO", "lat": 3.4488689, "lon": -76.5193631, "estrato": 2 }, "geometry": { "type": "Point", "coordinates": [ -76.5193631, 3.4488689 ] } },
{ "type": "Feature", "properties": { "agrupado": "ARMAS EXCEPTO DE FUEGO", "fecha_hech": "2025-01-24T00:00:00", "hora_hecho": "17:34", "cod_comuna": 9, "nom_comuna": "C-9 JUNIN", "cod_barrio": 910, "nom_bar_01": "Barrio Obrero", "dire_hecho": "Calle 25 Carrera 11 B", "sitio_hech": "SITIOS PÚBLICOS O ABIERTOS AL PÚBLICO", "lat": 3.4485916, "lon": -76.5185481, "estrato": 2 }, "geometry": { "type": "Point", "coordinates": [ -76.5185481, 3.4485916 ] } },
{ "type": "Feature", "properties": { "agrupado": "ARMAS EXCEPTO DE FUEGO", "fecha_hech": "2025-01-27T00:00:00", "hora_hecho": "5:16", "cod_comuna": 9, "nom_comuna": "C-9 JUNIN", "cod_barrio": 910, "nom_bar_01": "Barrio Obrero", "dire_hecho": "Calle 23 Carrera 11 B", "sitio_hech": "SITIOS PÚBLICOS O ABIERTOS AL PÚBLICO", "lat": 3.4467723, "lon": -76.5195704, "estrato": 2 }, "geometry": { "type": "Point", "coordinates": [ -76.5195704, 3.4467723 ] } },
{ "type": "Feature", "properties": { "agrupado": "ARMAS EXCEPTO DE FUEGO", "fecha_hech": "2025-01-30T00:00:00", "hora_hecho": "18:02", "cod_comuna": 9, "nom_comuna": "C-9 JUNIN", "cod_barrio": 910, "nom_bar_01": "Barrio Obrero", "dire_hecho": "Calle 25 Carrera 11", "sitio_hech": "SITIOS PÚBLICOS O ABIERTOS AL PÚBLICO", "lat": 3.449273, "lon": -76.5187455, "estrato": 2 }, "geometry": { "type": "Point", "coordinates": [ -76.5187455, 3.449273 ] } },
{ "type": "Feature", "properties": { "agrupado": "ARMAS EXCEPTO DE FUEGO", "fecha_hech": "2025-02-01T00:00:00", "hora_hecho": "19:12", "cod_comuna": 9, "nom_comuna": "C-9 JUNIN", "cod_barrio": 910, "nom_bar_01": "Barrio Obrero", "dire_hecho": "Cl 22a cr 11d", "sitio_hech": "SITIOS PÚBLICOS O ABIERTOS AL PÚBLICO", "lat": 3.447578, "lon": -76.5205249, "estrato": 2 }, "geometry": { "type": "Point", "coordinates": [ -76.5205249, 3.447578 ] } },
{ "type": "Feature", "properties": { "agrupado": "ARMAS EXCEPTO DE FUEGO", "fecha_hech": "2025-02-02T00:00:00", "hora_hecho": "14:12", "cod_comuna": 9, "nom_comuna": "C-9 JUNIN", "cod_barrio": 910, "nom_bar_01": "Barrio Obrero", "dire_hecho": "Calle 24 Carrera 11 15", "sitio_hech": "SITIOS PÚBLICOS O ABIERTOS AL PÚBLICO", "lat": 3.4489368, "lon": -76.5191727, "estrato": 2 }, "geometry": { "type": "Point", "coordinates": [ -76.5191727, 3.4489368 ] } },
{ "type": "Feature", "properties": { "agrupado": "DESACATO, IRRESPETO A LA AUTORIDAD", "fecha_hech": "2025-02-04T00:00:00", "hora_hecho": "4:11", "cod_comuna": 9, "nom_comuna": "C-9 JUNIN", "cod_barrio": 910, "nom_bar_01": "Barrio Obrero", "dire_hecho": "Calle 20 Carrera 8 A", "sitio_hech": "SITIOS PÚBLICOS O ABIERTOS AL PÚBLICO", "lat": 3.4467966, "lon": -76.5196023, "estrato": 2 }, "geometry": { "type": "Point", "coordinates": [ -76.5196023, 3.4467966 ] } },
{ "type": "Feature", "properties": { "agrupado": "DESACATO, IRRESPETO A LA AUTORIDAD", "fecha_hech": "2025-02-04T00:00:00", "hora_hecho": "21:38", "cod_comuna": 9, "nom_comuna": "C-9 JUNIN", "cod_barrio": 910, "nom_bar_01": "Barrio Obrero", "dire_hecho": "Calle 23 Carrera 11d", "sitio_hech": "SITIOS PÚBLICOS O ABIERTOS AL PÚBLICO", "lat": 3.4475309, "lon": -76.5196787, "estrato": 2 }, "geometry": { "type": "Point", "coordinates": [ -76.5196787, 3.4475309 ] } },
{ "type": "Feature", "properties": { "agrupado": "ARMAS EXCEPTO DE FUEGO", "fecha_hech": "2025-02-05T00:00:00", "hora_hecho": "6:13", "cod_comuna": 9, "nom_comuna": "C-9 JUNIN", "cod_barrio": 910, "nom_bar_01": "Barrio Obrero", "dire_hecho": "Carrera 8 A Calle 22 A", "sitio_hech": "SITIOS PÚBLICOS O ABIERTOS AL PÚBLICO", "lat": 3.4467815, "lon": -76.5196899, "estrato": 2 }, "geometry": { "type": "Point", "coordinates": [ -76.5196899, 3.4467815 ] } },
{ "type": "Feature", "properties": { "agrupado": "ARMAS EXCEPTO DE FUEGO", "fecha_hech": "2025-02-18T00:00:00", "hora_hecho": "19:50", "cod_comuna": 9, "nom_comuna": "C-9 JUNIN", "cod_barrio": 910, "nom_bar_01": "Barrio Obrero", "dire_hecho": "Calle 23 Carrera 12", "sitio_hech": "SITIOS PÚBLICOS O ABIERTOS AL PÚBLICO", "lat": 3.4467696, "lon": -76.5196303, "estrato": 2 }, "geometry": { "type": "Point", "coordinates": [ -76.5196303, 3.4467696 ] } },
{ "type": "Feature", "properties": { "agrupado": "ARMAS EXCEPTO DE FUEGO", "fecha_hech": "2025-02-18T00:00:00", "hora_hecho": "19:52", "cod_comuna": 9, "nom_comuna": "C-9 JUNIN", "cod_barrio": 910, "nom_bar_01": "Barrio Obrero", "dire_hecho": "Calle 23 cr 11b", "sitio_hech": "SITIOS PÚBLICOS O ABIERTOS AL PÚBLICO", "lat": 3.4467191, "lon": -76.5196207, "estrato": 2 }, "geometry": { "type": "Point", "coordinates": [ -76.5196207, 3.4467191 ] } },
{ "type": "Feature", "properties": { "agrupado": "ARMAS EXCEPTO DE FUEGO", "fecha_hech": "2025-02-21T00:00:00", "hora_hecho": "23:16", "cod_comuna": 9, "nom_comuna": "C-9 JUNIN", "cod_barrio": 910, "nom_bar_01": "Barrio Obrero", "dire_hecho": "Calle 22 A Carrera 11 B", "sitio_hech": "SITIOS PÚBLICOS O ABIERTOS AL PÚBLICO", "lat": 3.4481743, "lon": -76.5201938, "estrato": 2 }, "geometry": { "type": "Point", "coordinates": [ -76.5201938, 3.4481743 ] } },
{ "type": "Feature", "properties": { "agrupado": "ARMAS EXCEPTO DE FUEGO", "fecha_hech": "2025-02-25T00:00:00", "hora_hecho": "9:15", "cod_comuna": 9, "nom_comuna": "C-9 JUNIN", "cod_barrio": 910, "nom_bar_01": "Barrio Obrero", "dire_hecho": "Cr12 calle 22a", "sitio_hech": "SITIOS PÚBLICOS O ABIERTOS AL PÚBLICO", "lat": 3.446813, "lon": -76.5195401, "estrato": 2 }, "geometry": { "type": "Point", "coordinates": [ -76.5195401, 3.446813 ] } },
{ "type": "Feature", "properties": { "agrupado": "ARMAS EXCEPTO DE FUEGO", "fecha_hech": "2025-02-27T00:00:00", "hora_hecho": "10:40", "cod_comuna": 9, "nom_comuna": "C-9 JUNIN", "cod_barrio": 910, "nom_bar_01": "Barrio Obrero", "dire_hecho": "Carrera 11 Calle 24", "sitio_hech": "SITIOS PÚBLICOS O ABIERTOS AL PÚBLICO", "lat": 3.449266, "lon": -76.5187837, "estrato": 2 }, "geometry": { "type": "Point", "coordinates": [ -76.5187837, 3.449266 ] } },
{ "type": "Feature", "properties": { "agrupado": "ARMAS EXCEPTO DE FUEGO", "fecha_hech": "2025-03-01T00:00:00", "hora_hecho": "6:01", "cod_comuna": 9, "nom_comuna": "C-9 JUNIN", "cod_barrio": 910, "nom_bar_01": "Barrio Obrero", "dire_hecho": "Carrera 10 Calle 18", "sitio_hech": "SITIOS PÚBLICOS O ABIERTOS AL PÚBLICO", "lat": 3.4467412, "lon": -76.519594, "estrato": 2 }, "geometry": { "type": "Point", "coordinates": [ -76.519594, 3.4467412 ] } },
{ "type": "Feature", "properties": { "agrupado": "SUSTANCIAS PSICOACTIVAS", "fecha_hech": "2025-03-04T00:00:00", "hora_hecho": "11:13", "cod_comuna": 9, "nom_comuna": "C-9 JUNIN", "cod_barrio": 910, "nom_bar_01": "Barrio Obrero", "dire_hecho": "Carrera 11 Calle 22 A", "sitio_hech": "SITIOS PÚBLICOS O ABIERTOS AL PÚBLICO", "lat": 3.448914947, "lon": -76.52079244, "estrato": 2 }, "geometry": { "type": "Point", "coordinates": [ -76.52079244, 3.448914947 ] } },
{ "type": "Feature", "properties": { "agrupado": "ARMAS EXCEPTO DE FUEGO", "fecha_hech": "2025-03-04T00:00:00", "hora_hecho": "16:13", "cod_comuna": 9, "nom_comuna": "C-9 JUNIN", "cod_barrio": 910, "nom_bar_01": "Barrio Obrero", "dire_hecho": "Carrera 11 Calle 25", "sitio_hech": "SITIOS PÚBLICOS O ABIERTOS AL PÚBLICO", "lat": 3.4492337, "lon": -76.5187564, "estrato": 2 }, "geometry": { "type": "Point", "coordinates": [ -76.5187564, 3.4492337 ] } },
{ "type": "Feature", "properties": { "agrupado": "ARMAS EXCEPTO DE FUEGO", "fecha_hech": "2025-03-05T00:00:00", "hora_hecho": "11:22", "cod_comuna": 9, "nom_comuna": "C-9 JUNIN", "cod_barrio": 910, "nom_bar_01": "Barrio Obrero", "dire_hecho": "Calle 24 Carrera 11 B", "sitio_hech": "SITIOS PÚBLICOS O ABIERTOS AL PÚBLICO", "lat": 3.4478551, "lon": -76.5189089, "estrato": 2 }, "geometry": { "type": "Point", "coordinates": [ -76.5189089, 3.4478551 ] } },
{ "type": "Feature", "properties": { "agrupado": "DESACATO, IRRESPETO A LA AUTORIDAD", "fecha_hech": "2025-03-05T00:00:00", "hora_hecho": "15:20", "cod_comuna": 9, "nom_comuna": "C-9 JUNIN", "cod_barrio": 910, "nom_bar_01": "Barrio Obrero", "dire_hecho": "Calle 22 A Carrera 11", "sitio_hech": "SITIOS PÚBLICOS O ABIERTOS AL PÚBLICO", "lat": 3.448847398, "lon": -76.52086654, "estrato": 2 }, "geometry": { "type": "Point", "coordinates": [ -76.52086654, 3.448847398 ] } },
{ "type": "Feature", "properties": { "agrupado": "ARMAS EXCEPTO DE FUEGO", "fecha_hech": "2025-03-07T00:00:00", "hora_hecho": "16:25", "cod_comuna": 9, "nom_comuna": "C-9 JUNIN", "cod_barrio": 910, "nom_bar_01": "Barrio Obrero", "dire_hecho": "Carrera 11 Calle 25", "sitio_hech": "SITIOS PÚBLICOS O ABIERTOS AL PÚBLICO", "lat": 3.449221, "lon": -76.5187508, "estrato": 2 }, "geometry": { "type": "Point", "coordinates": [ -76.5187508, 3.449221 ] } },
{ "type": "Feature", "properties": { "agrupado": "ARMAS EXCEPTO DE FUEGO", "fecha_hech": "2025-03-09T00:00:00", "hora_hecho": "10:33", "cod_comuna": 9, "nom_comuna": "C-9 JUNIN", "cod_barrio": 910, "nom_bar_01": "Barrio Obrero", "dire_hecho": "Calle 24 cr 11b", "sitio_hech": "SITIOS PÚBLICOS O ABIERTOS AL PÚBLICO", "lat": 3.4477643, "lon": -76.5188647, "estrato": 2 }, "geometry": { "type": "Point", "coordinates": [ -76.5188647, 3.4477643 ] } },
{ "type": "Feature", "properties": { "agrupado": "SUSTANCIAS PSICOACTIVAS", "fecha_hech": "2025-03-14T00:00:00", "hora_hecho": "18:38", "cod_comuna": 9, "nom_comuna": "C-9 JUNIN", "cod_barrio": 910, "nom_bar_01": "Barrio Obrero", "dire_hecho": "Cr 11 calle 24", "sitio_hech": "SITIOS PÚBLICOS O ABIERTOS AL PÚBLICO", "lat": 3.4475767, "lon": -76.5189202, "estrato": 2 }, "geometry": { "type": "Point", "coordinates": [ -76.5189202, 3.4475767 ] } },
{ "type": "Feature", "properties": { "agrupado": "SUSTANCIAS PSICOACTIVAS", "fecha_hech": "2025-04-01T00:00:00", "hora_hecho": "5:13", "cod_comuna": 9, "nom_comuna": "C-9 JUNIN", "cod_barrio": 910, "nom_bar_01": "Barrio Obrero", "dire_hecho": "Calle 23 Carrera 12", "sitio_hech": "SITIOS PÚBLICOS O ABIERTOS AL PÚBLICO", "lat": 3.4482833, "lon": -76.5195333, "estrato": 2 }, "geometry": { "type": "Point", "coordinates": [ -76.5195333, 3.4482833 ] } },
{ "type": "Feature", "properties": { "agrupado": "ARMAS EXCEPTO DE FUEGO", "fecha_hech": "2025-04-03T00:00:00", "hora_hecho": "19:37", "cod_comuna": 9, "nom_comuna": "C-9 JUNIN", "cod_barrio": 910, "nom_bar_01": "Barrio Obrero", "dire_hecho": "Carrera 11 B Calle 25", "sitio_hech": "SITIOS PÚBLICOS O ABIERTOS AL PÚBLICO", "lat": 3.4485812, "lon": -76.5183148, "estrato": 2 }, "geometry": { "type": "Point", "coordinates": [ -76.5183148, 3.4485812 ] } },
{ "type": "Feature", "properties": { "agrupado": "ARMAS EXCEPTO DE FUEGO", "fecha_hech": "2025-04-04T00:00:00", "hora_hecho": "16:39", "cod_comuna": 9, "nom_comuna": "C-9 JUNIN", "cod_barrio": 910, "nom_bar_01": "Barrio Obrero", "dire_hecho": "Cr 10 calle 22a", "sitio_hech": "SITIOS PÚBLICOS O ABIERTOS AL PÚBLICO", "lat": 3.4489422, "lon": -76.5201386, "estrato": 2 }, "geometry": { "type": "Point", "coordinates": [ -76.5201386, 3.4489422 ] } },
{ "type": "Feature", "properties": { "agrupado": "ARMAS EXCEPTO DE FUEGO", "fecha_hech": "2025-04-06T00:00:00", "hora_hecho": "10:15", "cod_comuna": 9, "nom_comuna": "C-9 JUNIN", "cod_barrio": 910, "nom_bar_01": "Barrio Obrero", "dire_hecho": "Cl 23 cr 11d", "sitio_hech": "SITIOS PÚBLICOS O ABIERTOS AL PÚBLICO", "lat": 3.4474847, "lon": -76.5197098, "estrato": 2 }, "geometry": { "type": "Point", "coordinates": [ -76.5197098, 3.4474847 ] } },
{ "type": "Feature", "properties": { "agrupado": "ARMAS EXCEPTO DE FUEGO", "fecha_hech": "2025-04-12T00:00:00", "hora_hecho": "2:39", "cod_comuna": 9, "nom_comuna": "C-9 JUNIN", "cod_barrio": 910, "nom_bar_01": "Barrio Obrero", "dire_hecho": "Calle 18 Carrera 12", "sitio_hech": "SITIOS PÚBLICOS O ABIERTOS AL PÚBLICO", "lat": 3.4487132, "lon": -76.5205932, "estrato": 2 }, "geometry": { "type": "Point", "coordinates": [ -76.5205932, 3.4487132 ] } },
{ "type": "Feature", "properties": { "agrupado": "DESACATO, IRRESPETO A LA AUTORIDAD", "fecha_hech": "2025-04-27T00:00:00", "hora_hecho": "17:42", "cod_comuna": 9, "nom_comuna": "C-9 JUNIN", "cod_barrio": 910, "nom_bar_01": "Barrio Obrero", "dire_hecho": "Calle 23#11b28", "sitio_hech": "SITIOS PÚBLICOS O ABIERTOS AL PÚBLICO", "lat": 3.4481272, "lon": -76.5189929, "estrato": 2 }, "geometry": { "type": "Point", "coordinates": [ -76.5189929, 3.4481272 ] } },
{ "type": "Feature", "properties": { "agrupado": "SUSTANCIAS PSICOACTIVAS", "fecha_hech": "2025-04-28T00:00:00", "hora_hecho": "23:29", "cod_comuna": 9, "nom_comuna": "C-9 JUNIN", "cod_barrio": 910, "nom_bar_01": "Barrio Obrero", "dire_hecho": "Carrera 11 Calle 23", "sitio_hech": "SITIOS PÚBLICOS O ABIERTOS AL PÚBLICO", "lat": 3.4467611, "lon": -76.5187208, "estrato": 2 }, "geometry": { "type": "Point", "coordinates": [ -76.5187208, 3.4467611 ] } },
{ "type": "Feature", "properties": { "agrupado": "ARMAS EXCEPTO DE FUEGO", "fecha_hech": "2025-04-30T00:00:00", "hora_hecho": "4:47", "cod_comuna": 9, "nom_comuna": "C-9 JUNIN", "cod_barrio": 910, "nom_bar_01": "Barrio Obrero", "dire_hecho": "Calle 22 A Carrera 8 A 67", "sitio_hech": "SITIOS PÚBLICOS O ABIERTOS AL PÚBLICO", "lat": 3.4468341, "lon": -76.5195361, "estrato": 2 }, "geometry": { "type": "Point", "coordinates": [ -76.5195361, 3.4468341 ] } },
{ "type": "Feature", "properties": { "agrupado": "SUSTANCIAS PSICOACTIVAS", "fecha_hech": "2025-05-02T00:00:00", "hora_hecho": "18:16", "cod_comuna": 9, "nom_comuna": "C-9 JUNIN", "cod_barrio": 910, "nom_bar_01": "Barrio Obrero", "dire_hecho": "Carrera 11b calle 24", "sitio_hech": "SITIOS PÚBLICOS O ABIERTOS AL PÚBLICO", "lat": 3.44853, "lon": -76.5186883, "estrato": 2 }, "geometry": { "type": "Point", "coordinates": [ -76.5186883, 3.44853 ] } },
{ "type": "Feature", "properties": { "agrupado": "ARMAS EXCEPTO DE FUEGO", "fecha_hech": "2025-05-05T00:00:00", "hora_hecho": "5:22", "cod_comuna": 9, "nom_comuna": "C-9 JUNIN", "cod_barrio": 910, "nom_bar_01": "Barrio Obrero", "dire_hecho": "Calle 23 Carrera 12", "sitio_hech": "SITIOS PÚBLICOS O ABIERTOS AL PÚBLICO", "lat": 3.4467188, "lon": -76.5196058, "estrato": 2 }, "geometry": { "type": "Point", "coordinates": [ -76.5196058, 3.4467188 ] } },
{ "type": "Feature", "properties": { "agrupado": "RIÑAS", "fecha_hech": "2025-05-06T00:00:00", "hora_hecho": "16:58", "cod_comuna": 9, "nom_comuna": "C-9 JUNIN", "cod_barrio": 910, "nom_bar_01": "Barrio Obrero", "dire_hecho": "Carrera 11D No 24-16", "sitio_hech": "SITIOS PÚBLICOS O ABIERTOS AL PÚBLICO", "lat": 3.4476266, "lon": -76.5186332, "estrato": 2 }, "geometry": { "type": "Point", "coordinates": [ -76.5186332, 3.4476266 ] } },
{ "type": "Feature", "properties": { "agrupado": "RIÑAS", "fecha_hech": "2025-05-06T00:00:00", "hora_hecho": "17:09", "cod_comuna": 9, "nom_comuna": "C-9 JUNIN", "cod_barrio": 910, "nom_bar_01": "Barrio Obrero", "dire_hecho": "Carrera 11D No 24-16", "sitio_hech": "SITIOS PÚBLICOS O ABIERTOS AL PÚBLICO", "lat": 3.4476606, "lon": -76.518629, "estrato": 2 }, "geometry": { "type": "Point", "coordinates": [ -76.518629, 3.4476606 ] } },
{ "type": "Feature", "properties": { "agrupado": "ARMAS EXCEPTO DE FUEGO", "fecha_hech": "2025-05-07T00:00:00", "hora_hecho": "18:39", "cod_comuna": 9, "nom_comuna": "C-9 JUNIN", "cod_barrio": 910, "nom_bar_01": "Barrio Obrero", "dire_hecho": "Carrera 11 B Calle 22 A", "sitio_hech": "SITIOS PÚBLICOS O ABIERTOS AL PÚBLICO", "lat": 3.4481333, "lon": -76.5206567, "estrato": 2 }, "geometry": { "type": "Point", "coordinates": [ -76.5206567, 3.4481333 ] } },
{ "type": "Feature", "properties": { "agrupado": "ARMAS EXCEPTO DE FUEGO", "fecha_hech": "2025-05-16T00:00:00", "hora_hecho": "13:03", "cod_comuna": 9, "nom_comuna": "C-9 JUNIN", "cod_barrio": 910, "nom_bar_01": "Barrio Obrero", "dire_hecho": "Calle 22 A Carrera 12", "sitio_hech": "SITIOS PÚBLICOS O ABIERTOS AL PÚBLICO", "lat": 3.4467788, "lon": -76.5203808, "estrato": 2 }, "geometry": { "type": "Point", "coordinates": [ -76.5203808, 3.4467788 ] } },
{ "type": "Feature", "properties": { "agrupado": "DESACATO, IRRESPETO A LA AUTORIDAD", "fecha_hech": "2025-05-17T00:00:00", "hora_hecho": "20:40", "cod_comuna": 9, "nom_comuna": "C-9 JUNIN", "cod_barrio": 910, "nom_bar_01": "Barrio Obrero", "dire_hecho": "Cra 11 cll 22a", "sitio_hech": "SITIOS PÚBLICOS O ABIERTOS AL PÚBLICO", "lat": 3.4490533, "lon": -76.5201433, "estrato": 2 }, "geometry": { "type": "Point", "coordinates": [ -76.5201433, 3.4490533 ] } },
{ "type": "Feature", "properties": { "agrupado": "SUSTANCIAS PSICOACTIVAS", "fecha_hech": "2025-05-19T00:00:00", "hora_hecho": "20:20", "cod_comuna": 9, "nom_comuna": "C-9 JUNIN", "cod_barrio": 910, "nom_bar_01": "Barrio Obrero", "dire_hecho": "Calle 24#11d", "sitio_hech": "SITIOS PÚBLICOS O ABIERTOS AL PÚBLICO", "lat": 3.4477233, "lon": -76.5188767, "estrato": 2 }, "geometry": { "type": "Point", "coordinates": [ -76.5188767, 3.4477233 ] } },
{ "type": "Feature", "properties": { "agrupado": "ARMAS EXCEPTO DE FUEGO", "fecha_hech": "2025-05-19T00:00:00", "hora_hecho": "20:44", "cod_comuna": 9, "nom_comuna": "C-9 JUNIN", "cod_barrio": 910, "nom_bar_01": "Barrio Obrero", "dire_hecho": "Calle 12#23", "sitio_hech": "SITIOS PÚBLICOS O ABIERTOS AL PÚBLICO", "lat": 3.446675, "lon": -76.51923, "estrato": 2 }, "geometry": { "type": "Point", "coordinates": [ -76.51923, 3.446675 ] } },
{ "type": "Feature", "properties": { "agrupado": "ARMAS EXCEPTO DE FUEGO", "fecha_hech": "2025-05-22T00:00:00", "hora_hecho": "11:02", "cod_comuna": 9, "nom_comuna": "C-9 JUNIN", "cod_barrio": 910, "nom_bar_01": "Barrio Obrero", "dire_hecho": "Calle 25 Carrera 11", "sitio_hech": "SITIOS PÚBLICOS O ABIERTOS AL PÚBLICO", "lat": 3.4492182, "lon": -76.5187448, "estrato": 2 }, "geometry": { "type": "Point", "coordinates": [ -76.5187448, 3.4492182 ] } },
{ "type": "Feature", "properties": { "agrupado": "ARMAS EXCEPTO DE FUEGO", "fecha_hech": "2025-05-23T00:00:00", "hora_hecho": "19:56", "cod_comuna": 9, "nom_comuna": "C-9 JUNIN", "cod_barrio": 910, "nom_bar_01": "Barrio Obrero", "dire_hecho": "Calle 24#11b", "sitio_hech": "SITIOS PÚBLICOS O ABIERTOS AL PÚBLICO", "lat": 3.4473796, "lon": -76.5188483, "estrato": 2 }, "geometry": { "type": "Point", "coordinates": [ -76.5188483, 3.4473796 ] } },
{ "type": "Feature", "properties": { "agrupado": "SUSTANCIAS PSICOACTIVAS", "fecha_hech": "2025-05-23T00:00:00", "hora_hecho": "20:48", "cod_comuna": 9, "nom_comuna": "C-9 JUNIN", "cod_barrio": 910, "nom_bar_01": "Barrio Obrero", "dire_hecho": "Calle 24 con 11d", "sitio_hech": "SITIOS PÚBLICOS O ABIERTOS AL PÚBLICO", "lat": 3.447725387, "lon": -76.51890055, "estrato": 2 }, "geometry": { "type": "Point", "coordinates": [ -76.51890055, 3.447725387 ] } },
{ "type": "Feature", "properties": { "agrupado": "SUSTANCIAS PSICOACTIVAS", "fecha_hech": "2025-05-23T00:00:00", "hora_hecho": "20:57", "cod_comuna": 9, "nom_comuna": "C-9 JUNIN", "cod_barrio": 910, "nom_bar_01": "Barrio Obrero", "dire_hecho": "24#11D", "sitio_hech": "SITIOS PÚBLICOS O ABIERTOS AL PÚBLICO", "lat": 3.447914968, "lon": -76.51893072, "estrato": 2 }, "geometry": { "type": "Point", "coordinates": [ -76.51893072, 3.447914968 ] } },
{ "type": "Feature", "properties": { "agrupado": "ARMAS EXCEPTO DE FUEGO", "fecha_hech": "2025-05-24T00:00:00", "hora_hecho": "18:30", "cod_comuna": 9, "nom_comuna": "C-9 JUNIN", "cod_barrio": 910, "nom_bar_01": "Barrio Obrero", "dire_hecho": "Carrera 11 Calle 22 A", "sitio_hech": "SITIOS PÚBLICOS O ABIERTOS AL PÚBLICO", "lat": 3.4493618, "lon": -76.5186472, "estrato": 2 }, "geometry": { "type": "Point", "coordinates": [ -76.5186472, 3.4493618 ] } },
{ "type": "Feature", "properties": { "agrupado": "ARMAS EXCEPTO DE FUEGO", "fecha_hech": "2025-05-25T00:00:00", "hora_hecho": "11:41", "cod_comuna": 9, "nom_comuna": "C-9 JUNIN", "cod_barrio": 910, "nom_bar_01": "Barrio Obrero", "dire_hecho": "Carrera 12 Calle 22 A", "sitio_hech": "SITIOS PÚBLICOS O ABIERTOS AL PÚBLICO", "lat": 3.4492999, "lon": -76.5187306, "estrato": 2 }, "geometry": { "type": "Point", "coordinates": [ -76.5187306, 3.4492999 ] } },
{ "type": "Feature", "properties": { "agrupado": "SUSTANCIAS PSICOACTIVAS", "fecha_hech": "2025-05-28T00:00:00", "hora_hecho": "18:32", "cod_comuna": 9, "nom_comuna": "C-9 JUNIN", "cod_barrio": 910, "nom_bar_01": "Barrio Obrero", "dire_hecho": "Carrera 11 Calle 23", "sitio_hech": "SITIOS PÚBLICOS O ABIERTOS AL PÚBLICO", "lat": 3.4490288, "lon": -76.5202531, "estrato": 2 }, "geometry": { "type": "Point", "coordinates": [ -76.5202531, 3.4490288 ] } },
{ "type": "Feature", "properties": { "agrupado": "SUSTANCIAS PSICOACTIVAS", "fecha_hech": "2025-05-28T00:00:00", "hora_hecho": "20:02", "cod_comuna": 9, "nom_comuna": "C-9 JUNIN", "cod_barrio": 910, "nom_bar_01": "Barrio Obrero", "dire_hecho": "Calle 24 Carrera 11d", "sitio_hech": "SITIOS PÚBLICOS O ABIERTOS AL PÚBLICO", "lat": 3.447744772, "lon": -76.51889801, "estrato": 2 }, "geometry": { "type": "Point", "coordinates": [ -76.51889801, 3.447744772 ] } },
{ "type": "Feature", "properties": { "agrupado": "SUSTANCIAS PSICOACTIVAS", "fecha_hech": "2025-05-28T00:00:00", "hora_hecho": "20:07", "cod_comuna": 9, "nom_comuna": "C-9 JUNIN", "cod_barrio": 910, "nom_bar_01": "Barrio Obrero", "dire_hecho": "Calle 24 Carrera 11d", "sitio_hech": "SITIOS PÚBLICOS O ABIERTOS AL PÚBLICO", "lat": 3.4476074, "lon": -76.5189083, "estrato": 2 }, "geometry": { "type": "Point", "coordinates": [ -76.5189083, 3.4476074 ] } },
{ "type": "Feature", "properties": { "agrupado": "SUSTANCIAS PSICOACTIVAS", "fecha_hech": "2025-05-30T00:00:00", "hora_hecho": "19:39", "cod_comuna": 9, "nom_comuna": "C-9 JUNIN", "cod_barrio": 910, "nom_bar_01": "Barrio Obrero", "dire_hecho": "Cr 11D CLL 23", "sitio_hech": "SITIOS PÚBLICOS O ABIERTOS AL PÚBLICO", "lat": 3.4475467, "lon": -76.5191133, "estrato": 2 }, "geometry": { "type": "Point", "coordinates": [ -76.5191133, 3.4475467 ] } },
{ "type": "Feature", "properties": { "agrupado": "ARMAS EXCEPTO DE FUEGO", "fecha_hech": "2025-05-31T00:00:00", "hora_hecho": "6:24", "cod_comuna": 9, "nom_comuna": "C-9 JUNIN", "cod_barrio": 910, "nom_bar_01": "Barrio Obrero", "dire_hecho": "Cl 23 con cra 12", "sitio_hech": "SITIOS PÚBLICOS O ABIERTOS AL PÚBLICO", "lat": 3.4466983, "lon": -76.5196467, "estrato": 2 }, "geometry": { "type": "Point", "coordinates": [ -76.5196467, 3.4466983 ] } },
{ "type": "Feature", "properties": { "agrupado": "ARMAS EXCEPTO DE FUEGO", "fecha_hech": "2025-05-31T00:00:00", "hora_hecho": "9:48", "cod_comuna": 9, "nom_comuna": "C-9 JUNIN", "cod_barrio": 910, "nom_bar_01": "Barrio Obrero", "dire_hecho": "Carrera 12 Calle 22a", "sitio_hech": "SITIOS PÚBLICOS O ABIERTOS AL PÚBLICO", "lat": 3.4466355, "lon": -76.5200324, "estrato": 2 }, "geometry": { "type": "Point", "coordinates": [ -76.5200324, 3.4466355 ] } },
{ "type": "Feature", "properties": { "agrupado": "ARMAS EXCEPTO DE FUEGO", "fecha_hech": "2025-05-31T00:00:00", "hora_hecho": "23:09", "cod_comuna": 9, "nom_comuna": "C-9 JUNIN", "cod_barrio": 910, "nom_bar_01": "Barrio Obrero", "dire_hecho": "Cra 11 calle 22a", "sitio_hech": "SITIOS PÚBLICOS O ABIERTOS AL PÚBLICO", "lat": 3.4488556, "lon": -76.5208236, "estrato": 2 }, "geometry": { "type": "Point", "coordinates": [ -76.5208236, 3.4488556 ] } },
{ "type": "Feature", "properties": { "agrupado": "DESACATO, IRRESPETO A LA AUTORIDAD", "fecha_hech": "2025-06-02T00:00:00", "hora_hecho": "1:58", "cod_comuna": 9, "nom_comuna": "C-9 JUNIN", "cod_barrio": 910, "nom_bar_01": "Barrio Obrero", "dire_hecho": "Carrera 11d Calle 22a", "sitio_hech": "SITIOS PÚBLICOS O ABIERTOS AL PÚBLICO", "lat": 3.4470444, "lon": -76.5204676, "estrato": 2 }, "geometry": { "type": "Point", "coordinates": [ -76.5204676, 3.4470444 ] } },
{ "type": "Feature", "properties": { "agrupado": "DESACATO, IRRESPETO A LA AUTORIDAD", "fecha_hech": "2025-06-02T00:00:00", "hora_hecho": "2:13", "cod_comuna": 9, "nom_comuna": "C-9 JUNIN", "cod_barrio": 910, "nom_bar_01": "Barrio Obrero", "dire_hecho": "Carrera 11d Calle 22a", "sitio_hech": "SITIOS PÚBLICOS O ABIERTOS AL PÚBLICO", "lat": 3.4469933, "lon": -76.5204667, "estrato": 2 }, "geometry": { "type": "Point", "coordinates": [ -76.5204667, 3.4469933 ] } },
{ "type": "Feature", "properties": { "agrupado": "ARMAS EXCEPTO DE FUEGO", "fecha_hech": "2025-06-02T00:00:00", "hora_hecho": "17:27", "cod_comuna": 9, "nom_comuna": "C-9 JUNIN", "cod_barrio": 910, "nom_bar_01": "Barrio Obrero", "dire_hecho": "Carrera 11 Calle 24", "sitio_hech": "SITIOS PÚBLICOS O ABIERTOS AL PÚBLICO", "lat": 3.4492233, "lon": -76.5187433, "estrato": 2 }, "geometry": { "type": "Point", "coordinates": [ -76.5187433, 3.4492233 ] } },
{ "type": "Feature", "properties": { "agrupado": "ARMAS EXCEPTO DE FUEGO", "fecha_hech": "2025-06-05T00:00:00", "hora_hecho": "17:49", "cod_comuna": 9, "nom_comuna": "C-9 JUNIN", "cod_barrio": 910, "nom_bar_01": "Barrio Obrero", "dire_hecho": "Carrera 11 Calle 25", "sitio_hech": "SITIOS PÚBLICOS O ABIERTOS AL PÚBLICO", "lat": 3.449273, "lon": -76.5187583, "estrato": 2 }, "geometry": { "type": "Point", "coordinates": [ -76.5187583, 3.449273 ] } },
{ "type": "Feature", "properties": { "agrupado": "ARMAS EXCEPTO DE FUEGO", "fecha_hech": "2025-06-11T00:00:00", "hora_hecho": "12:22", "cod_comuna": 9, "nom_comuna": "C-9 JUNIN", "cod_barrio": 910, "nom_bar_01": "Barrio Obrero", "dire_hecho": "Calle 22 A Carrera 11b", "sitio_hech": "SITIOS PÚBLICOS O ABIERTOS AL PÚBLICO", "lat": 3.4471997, "lon": -76.5204015, "estrato": 2 }, "geometry": { "type": "Point", "coordinates": [ -76.5204015, 3.4471997 ] } },
{ "type": "Feature", "properties": { "agrupado": "ARMAS EXCEPTO DE FUEGO", "fecha_hech": "2025-06-14T00:00:00", "hora_hecho": "4:52", "cod_comuna": 9, "nom_comuna": "C-9 JUNIN", "cod_barrio": 910, "nom_bar_01": "Barrio Obrero", "dire_hecho": "Calle 23 Carrera 12", "sitio_hech": "SITIOS PÚBLICOS O ABIERTOS AL PÚBLICO", "lat": 3.4468269, "lon": -76.5195408, "estrato": 2 }, "geometry": { "type": "Point", "coordinates": [ -76.5195408, 3.4468269 ] } },
{ "type": "Feature", "properties": { "agrupado": "ARMAS EXCEPTO DE FUEGO", "fecha_hech": "2025-06-14T00:00:00", "hora_hecho": "16:20", "cod_comuna": 9, "nom_comuna": "C-9 JUNIN", "cod_barrio": 910, "nom_bar_01": "Barrio Obrero", "dire_hecho": "Calle 25 Carrera 11", "sitio_hech": "SITIOS PÚBLICOS O ABIERTOS AL PÚBLICO", "lat": 3.4492273, "lon": -76.5187397, "estrato": 2 }, "geometry": { "type": "Point", "coordinates": [ -76.5187397, 3.4492273 ] } },
{ "type": "Feature", "properties": { "agrupado": "DESACATO, IRRESPETO A LA AUTORIDAD", "fecha_hech": "2025-06-14T00:00:00", "hora_hecho": "18:48", "cod_comuna": 9, "nom_comuna": "C-9 JUNIN", "cod_barrio": 910, "nom_bar_01": "Barrio Obrero", "dire_hecho": "Calle 24 Carrera 12", "sitio_hech": "SITIOS PÚBLICOS O ABIERTOS AL PÚBLICO", "lat": 3.4467634, "lon": -76.5187541, "estrato": 2 }, "geometry": { "type": "Point", "coordinates": [ -76.5187541, 3.4467634 ] } },
{ "type": "Feature", "properties": { "agrupado": "SUSTANCIAS PSICOACTIVAS", "fecha_hech": "2025-06-16T00:00:00", "hora_hecho": "23:51", "cod_comuna": 9, "nom_comuna": "C-9 JUNIN", "cod_barrio": 910, "nom_bar_01": "Barrio Obrero", "dire_hecho": "Carrera 11d Calle 24", "sitio_hech": "SITIOS PÚBLICOS O ABIERTOS AL PÚBLICO", "lat": 3.4474571, "lon": -76.5189231, "estrato": 2 }, "geometry": { "type": "Point", "coordinates": [ -76.5189231, 3.4474571 ] } },
{ "type": "Feature", "properties": { "agrupado": "ARMAS EXCEPTO DE FUEGO", "fecha_hech": "2025-06-17T00:00:00", "hora_hecho": "3:40", "cod_comuna": 9, "nom_comuna": "C-9 JUNIN", "cod_barrio": 910, "nom_bar_01": "Barrio Obrero", "dire_hecho": "Cll23 creo 11b", "sitio_hech": "SITIOS PÚBLICOS O ABIERTOS AL PÚBLICO", "lat": 3.4467828, "lon": -76.5195374, "estrato": 2 }, "geometry": { "type": "Point", "coordinates": [ -76.5195374, 3.4467828 ] } },
{ "type": "Feature", "properties": { "agrupado": "ARMAS EXCEPTO DE FUEGO", "fecha_hech": "2025-06-18T00:00:00", "hora_hecho": "18:15", "cod_comuna": 9, "nom_comuna": "C-9 JUNIN", "cod_barrio": 910, "nom_bar_01": "Barrio Obrero", "dire_hecho": "Carrera 11 B Calle 24", "sitio_hech": "SITIOS PÚBLICOS O ABIERTOS AL PÚBLICO", "lat": 3.448454954, "lon": -76.51903491, "estrato": 2 }, "geometry": { "type": "Point", "coordinates": [ -76.51903491, 3.448454954 ] } },
{ "type": "Feature", "properties": { "agrupado": "SUSTANCIAS PSICOACTIVAS", "fecha_hech": "2025-06-19T00:00:00", "hora_hecho": "18:06", "cod_comuna": 9, "nom_comuna": "C-9 JUNIN", "cod_barrio": 910, "nom_bar_01": "Barrio Obrero", "dire_hecho": "Calle 22 A 11", "sitio_hech": "SITIOS PÚBLICOS O ABIERTOS AL PÚBLICO", "lat": 3.4489037, "lon": -76.5207276, "estrato": 2 }, "geometry": { "type": "Point", "coordinates": [ -76.5207276, 3.4489037 ] } },
{ "type": "Feature", "properties": { "agrupado": "SUSTANCIAS PSICOACTIVAS", "fecha_hech": "2025-06-19T00:00:00", "hora_hecho": "18:33", "cod_comuna": 9, "nom_comuna": "C-9 JUNIN", "cod_barrio": 910, "nom_bar_01": "Barrio Obrero", "dire_hecho": "Carrera 11 Calle 22 A", "sitio_hech": "SITIOS PÚBLICOS O ABIERTOS AL PÚBLICO", "lat": 3.4488732, "lon": -76.5207697, "estrato": 2 }, "geometry": { "type": "Point", "coordinates": [ -76.5207697, 3.4488732 ] } },
{ "type": "Feature", "properties": { "agrupado": "SUSTANCIAS PSICOACTIVAS", "fecha_hech": "2025-06-19T00:00:00", "hora_hecho": "18:37", "cod_comuna": 9, "nom_comuna": "C-9 JUNIN", "cod_barrio": 910, "nom_bar_01": "Barrio Obrero", "dire_hecho": "Calle 24A Carrera 11", "sitio_hech": "SITIOS PÚBLICOS O ABIERTOS AL PÚBLICO", "lat": 3.4488767, "lon": -76.5207633, "estrato": 2 }, "geometry": { "type": "Point", "coordinates": [ -76.5207633, 3.4488767 ] } },
{ "type": "Feature", "properties": { "agrupado": "SUSTANCIAS PSICOACTIVAS", "fecha_hech": "2025-06-19T00:00:00", "hora_hecho": "18:57", "cod_comuna": 9, "nom_comuna": "C-9 JUNIN", "cod_barrio": 910, "nom_bar_01": "Barrio Obrero", "dire_hecho": "11 22 A", "sitio_hech": "SITIOS PÚBLICOS O ABIERTOS AL PÚBLICO", "lat": 3.4488148, "lon": -76.5207767, "estrato": 2 }, "geometry": { "type": "Point", "coordinates": [ -76.5207767, 3.4488148 ] } },
{ "type": "Feature", "properties": { "agrupado": "ARMAS EXCEPTO DE FUEGO", "fecha_hech": "2025-06-19T00:00:00", "hora_hecho": "19:25", "cod_comuna": 9, "nom_comuna": "C-9 JUNIN", "cod_barrio": 910, "nom_bar_01": "Barrio Obrero", "dire_hecho": "Carrera 11 Calle 22 A Obrero", "sitio_hech": "SITIOS PÚBLICOS O ABIERTOS AL PÚBLICO", "lat": 3.4489009, "lon": -76.5208514, "estrato": 2 }, "geometry": { "type": "Point", "coordinates": [ -76.5208514, 3.4489009 ] } },
{ "type": "Feature", "properties": { "agrupado": "ARMAS EXCEPTO DE FUEGO", "fecha_hech": "2025-06-20T00:00:00", "hora_hecho": "5:00", "cod_comuna": 9, "nom_comuna": "C-9 JUNIN", "cod_barrio": 910, "nom_bar_01": "Barrio Obrero", "dire_hecho": "Cr 10 cll 22a", "sitio_hech": "SITIOS PÚBLICOS O ABIERTOS AL PÚBLICO", "lat": 3.4474803, "lon": -76.5183647, "estrato": 2 }, "geometry": { "type": "Point", "coordinates": [ -76.5183647, 3.4474803 ] } },
{ "type": "Feature", "properties": { "agrupado": "SUSTANCIAS PSICOACTIVAS", "fecha_hech": "2025-06-22T00:00:00", "hora_hecho": "15:30", "cod_comuna": 9, "nom_comuna": "C-9 JUNIN", "cod_barrio": 910, "nom_bar_01": "Barrio Obrero", "dire_hecho": "Cl 22 cr 11b", "sitio_hech": "SITIOS PÚBLICOS O ABIERTOS AL PÚBLICO", "lat": 3.4479981, "lon": -76.5206298, "estrato": 2 }, "geometry": { "type": "Point", "coordinates": [ -76.5206298, 3.4479981 ] } },
{ "type": "Feature", "properties": { "agrupado": "SUSTANCIAS PSICOACTIVAS", "fecha_hech": "2025-06-23T00:00:00", "hora_hecho": "17:45", "cod_comuna": 9, "nom_comuna": "C-9 JUNIN", "cod_barrio": 910, "nom_bar_01": "Barrio Obrero", "dire_hecho": "Calle 24 Carrera 11d", "sitio_hech": "SITIOS PÚBLICOS O ABIERTOS AL PÚBLICO", "lat": 3.4476223, "lon": -76.5188849, "estrato": 2 }, "geometry": { "type": "Point", "coordinates": [ -76.5188849, 3.4476223 ] } },
{ "type": "Feature", "properties": { "agrupado": "ARMAS EXCEPTO DE FUEGO", "fecha_hech": "2025-06-24T00:00:00", "hora_hecho": "5:43", "cod_comuna": 9, "nom_comuna": "C-9 JUNIN", "cod_barrio": 910, "nom_bar_01": "Barrio Obrero", "dire_hecho": "Cl 23 cr 12", "sitio_hech": "SITIOS PÚBLICOS O ABIERTOS AL PÚBLICO", "lat": 3.4468168, "lon": -76.5196057, "estrato": 2 }, "geometry": { "type": "Point", "coordinates": [ -76.5196057, 3.4468168 ] } },
{ "type": "Feature", "properties": { "agrupado": "ARMAS EXCEPTO DE FUEGO", "fecha_hech": "2025-07-02T00:00:00", "hora_hecho": "13:14", "cod_comuna": 9, "nom_comuna": "C-9 JUNIN", "cod_barrio": 910, "nom_bar_01": "Barrio Obrero", "dire_hecho": "Carrera 11 B Calle 24", "sitio_hech": "SITIOS PÚBLICOS O ABIERTOS AL PÚBLICO", "lat": 3.4483602, "lon": -76.5186047, "estrato": 2 }, "geometry": { "type": "Point", "coordinates": [ -76.5186047, 3.4483602 ] } },
{ "type": "Feature", "properties": { "agrupado": "ARMAS EXCEPTO DE FUEGO", "fecha_hech": "2025-07-04T00:00:00", "hora_hecho": "20:04", "cod_comuna": 9, "nom_comuna": "C-9 JUNIN", "cod_barrio": 910, "nom_bar_01": "Barrio Obrero", "dire_hecho": "Cl 23 cr 12", "sitio_hech": "SITIOS PÚBLICOS O ABIERTOS AL PÚBLICO", "lat": 3.4466305, "lon": -76.5195414, "estrato": 2 }, "geometry": { "type": "Point", "coordinates": [ -76.5195414, 3.4466305 ] } },
{ "type": "Feature", "properties": { "agrupado": "SUSTANCIAS PSICOACTIVAS", "fecha_hech": "2025-07-05T00:00:00", "hora_hecho": "21:29", "cod_comuna": 9, "nom_comuna": "C-9 JUNIN", "cod_barrio": 910, "nom_bar_01": "Barrio Obrero", "dire_hecho": "Calle 23 Carrera 11d", "sitio_hech": "SITIOS PÚBLICOS O ABIERTOS AL PÚBLICO", "lat": 3.4474233, "lon": -76.5195583, "estrato": 2 }, "geometry": { "type": "Point", "coordinates": [ -76.5195583, 3.4474233 ] } },
{ "type": "Feature", "properties": { "agrupado": "SUSTANCIAS PSICOACTIVAS", "fecha_hech": "2025-07-05T00:00:00", "hora_hecho": "21:37", "cod_comuna": 9, "nom_comuna": "C-9 JUNIN", "cod_barrio": 910, "nom_bar_01": "Barrio Obrero", "dire_hecho": "Carrera 23 Calle 11d", "sitio_hech": "SITIOS PÚBLICOS O ABIERTOS AL PÚBLICO", "lat": 3.447386818, "lon": -76.5194394, "estrato": 2 }, "geometry": { "type": "Point", "coordinates": [ -76.5194394, 3.447386818 ] } },
{ "type": "Feature", "properties": { "agrupado": "DESACATO, IRRESPETO A LA AUTORIDAD", "fecha_hech": "2025-07-08T00:00:00", "hora_hecho": "19:14", "cod_comuna": 9, "nom_comuna": "C-9 JUNIN", "cod_barrio": 910, "nom_bar_01": "Barrio Obrero", "dire_hecho": "Calle 22a Carrera 11d", "sitio_hech": "SITIOS PÚBLICOS O ABIERTOS AL PÚBLICO", "lat": 3.447255837, "lon": -76.5205258, "estrato": 2 }, "geometry": { "type": "Point", "coordinates": [ -76.5205258, 3.447255837 ] } },
{ "type": "Feature", "properties": { "agrupado": "ARMAS EXCEPTO DE FUEGO", "fecha_hech": "2025-07-10T00:00:00", "hora_hecho": "12:41", "cod_comuna": 9, "nom_comuna": "C-9 JUNIN", "cod_barrio": 910, "nom_bar_01": "Barrio Obrero", "dire_hecho": "Carrera 12 Calle 22 A", "sitio_hech": "SITIOS PÚBLICOS O ABIERTOS AL PÚBLICO", "lat": 3.446587, "lon": -76.520025, "estrato": 2 }, "geometry": { "type": "Point", "coordinates": [ -76.520025, 3.446587 ] } },
{ "type": "Feature", "properties": { "agrupado": "SUSTANCIAS PSICOACTIVAS", "fecha_hech": "2025-07-10T00:00:00", "hora_hecho": "20:42", "cod_comuna": 9, "nom_comuna": "C-9 JUNIN", "cod_barrio": 910, "nom_bar_01": "Barrio Obrero", "dire_hecho": "Calle 24 Carrera 11d", "sitio_hech": "SITIOS PÚBLICOS O ABIERTOS AL PÚBLICO", "lat": 3.4477354, "lon": -76.5188897, "estrato": 2 }, "geometry": { "type": "Point", "coordinates": [ -76.5188897, 3.4477354 ] } },
{ "type": "Feature", "properties": { "agrupado": "SUSTANCIAS PSICOACTIVAS", "fecha_hech": "2025-07-10T00:00:00", "hora_hecho": "20:51", "cod_comuna": 9, "nom_comuna": "C-9 JUNIN", "cod_barrio": 910, "nom_bar_01": "Barrio Obrero", "dire_hecho": "Calle 24 Carrera 11d", "sitio_hech": "SITIOS PÚBLICOS O ABIERTOS AL PÚBLICO", "lat": 3.4475572, "lon": -76.51895, "estrato": 2 }, "geometry": { "type": "Point", "coordinates": [ -76.51895, 3.4475572 ] } },
{ "type": "Feature", "properties": { "agrupado": "ARMAS EXCEPTO DE FUEGO", "fecha_hech": "2025-07-16T00:00:00", "hora_hecho": "20:35", "cod_comuna": 9, "nom_comuna": "C-9 JUNIN", "cod_barrio": 910, "nom_bar_01": "Barrio Obrero", "dire_hecho": "Carrera 11 B Calle 24", "sitio_hech": "SITIOS PÚBLICOS O ABIERTOS AL PÚBLICO", "lat": 3.4485977, "lon": -76.5184841, "estrato": 2 }, "geometry": { "type": "Point", "coordinates": [ -76.5184841, 3.4485977 ] } },
{ "type": "Feature", "properties": { "agrupado": "ARMAS EXCEPTO DE FUEGO", "fecha_hech": "2025-07-19T00:00:00", "hora_hecho": "20:10", "cod_comuna": 9, "nom_comuna": "C-9 JUNIN", "cod_barrio": 910, "nom_bar_01": "Barrio Obrero", "dire_hecho": "Cr 13 a cl 23", "sitio_hech": "SITIOS PÚBLICOS O ABIERTOS AL PÚBLICO", "lat": 3.4485085, "lon": -76.5198686, "estrato": 2 }, "geometry": { "type": "Point", "coordinates": [ -76.5198686, 3.4485085 ] } },
{ "type": "Feature", "properties": { "agrupado": "ARMAS EXCEPTO DE FUEGO", "fecha_hech": "2025-07-20T00:00:00", "hora_hecho": "5:45", "cod_comuna": 9, "nom_comuna": "C-9 JUNIN", "cod_barrio": 910, "nom_bar_01": "Barrio Obrero", "dire_hecho": "Calle 22 A Carrera 11", "sitio_hech": "SITIOS PÚBLICOS O ABIERTOS AL PÚBLICO", "lat": 3.4467245, "lon": -76.5199218, "estrato": 2 }, "geometry": { "type": "Point", "coordinates": [ -76.5199218, 3.4467245 ] } },
{ "type": "Feature", "properties": { "agrupado": "SUSTANCIAS PSICOACTIVAS", "fecha_hech": "2025-07-20T00:00:00", "hora_hecho": "11:28", "cod_comuna": 9, "nom_comuna": "C-9 JUNIN", "cod_barrio": 910, "nom_bar_01": "Barrio Obrero", "dire_hecho": "Carrera11 Calle22a", "sitio_hech": "SITIOS PÚBLICOS O ABIERTOS AL PÚBLICO", "lat": 3.4488451, "lon": -76.5207459, "estrato": 2 }, "geometry": { "type": "Point", "coordinates": [ -76.5207459, 3.4488451 ] } },
{ "type": "Feature", "properties": { "agrupado": "ARMAS EXCEPTO DE FUEGO", "fecha_hech": "2025-07-29T00:00:00", "hora_hecho": "6:14", "cod_comuna": 9, "nom_comuna": "C-9 JUNIN", "cod_barrio": 910, "nom_bar_01": "Barrio Obrero", "dire_hecho": "Calle 25 Carrera 12", "sitio_hech": "SITIOS PÚBLICOS O ABIERTOS AL PÚBLICO", "lat": 3.4485655, "lon": -76.5184202, "estrato": 2 }, "geometry": { "type": "Point", "coordinates": [ -76.5184202, 3.4485655 ] } },
{ "type": "Feature", "properties": { "agrupado": "ARMAS EXCEPTO DE FUEGO", "fecha_hech": "2025-07-29T00:00:00", "hora_hecho": "16:11", "cod_comuna": 9, "nom_comuna": "C-9 JUNIN", "cod_barrio": 910, "nom_bar_01": "Barrio Obrero", "dire_hecho": "Calle 24 Carrera 11 D", "sitio_hech": "SITIOS PÚBLICOS O ABIERTOS AL PÚBLICO", "lat": 3.4473916, "lon": -76.5188844, "estrato": 2 }, "geometry": { "type": "Point", "coordinates": [ -76.5188844, 3.4473916 ] } },
{ "type": "Feature", "properties": { "agrupado": "DESACATO, IRRESPETO A LA AUTORIDAD", "fecha_hech": "2025-07-29T00:00:00", "hora_hecho": "21:16", "cod_comuna": 9, "nom_comuna": "C-9 JUNIN", "cod_barrio": 910, "nom_bar_01": "Barrio Obrero", "dire_hecho": "Carrera 10 Calle 23", "sitio_hech": "SITIOS PÚBLICOS O ABIERTOS AL PÚBLICO", "lat": 3.4477223, "lon": -76.5189455, "estrato": 2 }, "geometry": { "type": "Point", "coordinates": [ -76.5189455, 3.4477223 ] } },
{ "type": "Feature", "properties": { "agrupado": "DESACATO, IRRESPETO A LA AUTORIDAD", "fecha_hech": "2025-08-01T00:00:00", "hora_hecho": "17:15", "cod_comuna": 9, "nom_comuna": "C-9 JUNIN", "cod_barrio": 910, "nom_bar_01": "Barrio Obrero", "dire_hecho": "Carrera 11 Calle 23", "sitio_hech": "SITIOS PÚBLICOS O ABIERTOS AL PÚBLICO", "lat": 3.4492261, "lon": -76.519197, "estrato": 2 }, "geometry": { "type": "Point", "coordinates": [ -76.519197, 3.4492261 ] } },
{ "type": "Feature", "properties": { "agrupado": "ARMAS EXCEPTO DE FUEGO", "fecha_hech": "2025-08-02T00:00:00", "hora_hecho": "20:24", "cod_comuna": 9, "nom_comuna": "C-9 JUNIN", "cod_barrio": 910, "nom_bar_01": "Barrio Obrero", "dire_hecho": "Carrera 22 Calle 22 A", "sitio_hech": "SITIOS PÚBLICOS O ABIERTOS AL PÚBLICO", "lat": 3.4465816, "lon": -76.5199199, "estrato": 2 }, "geometry": { "type": "Point", "coordinates": [ -76.5199199, 3.4465816 ] } },
{ "type": "Feature", "properties": { "agrupado": "DESACATO, IRRESPETO A LA AUTORIDAD", "fecha_hech": "2025-08-02T00:00:00", "hora_hecho": "23:55", "cod_comuna": 9, "nom_comuna": "C-9 JUNIN", "cod_barrio": 910, "nom_bar_01": "Barrio Obrero", "dire_hecho": "Carrera 11 D Calle 23", "sitio_hech": "SITIOS PÚBLICOS O ABIERTOS AL PÚBLICO", "lat": 3.4476152, "lon": -76.5193018, "estrato": 2 }, "geometry": { "type": "Point", "coordinates": [ -76.5193018, 3.4476152 ] } },
{ "type": "Feature", "properties": { "agrupado": "ARMAS EXCEPTO DE FUEGO", "fecha_hech": "2025-08-03T00:00:00", "hora_hecho": "22:02", "cod_comuna": 9, "nom_comuna": "C-9 JUNIN", "cod_barrio": 910, "nom_bar_01": "Barrio Obrero", "dire_hecho": "Calle 24 CRA 11d", "sitio_hech": "SITIOS PÚBLICOS O ABIERTOS AL PÚBLICO", "lat": 3.4477273, "lon": -76.5187781, "estrato": 2 }, "geometry": { "type": "Point", "coordinates": [ -76.5187781, 3.4477273 ] } },
{ "type": "Feature", "properties": { "agrupado": "ARMAS EXCEPTO DE FUEGO", "fecha_hech": "2025-08-05T00:00:00", "hora_hecho": "5:53", "cod_comuna": 9, "nom_comuna": "C-9 JUNIN", "cod_barrio": 910, "nom_bar_01": "Barrio Obrero", "dire_hecho": "Calle 23 cra 12", "sitio_hech": "SITIOS PÚBLICOS O ABIERTOS AL PÚBLICO", "lat": 3.4467823, "lon": -76.5197076, "estrato": 2 }, "geometry": { "type": "Point", "coordinates": [ -76.5197076, 3.4467823 ] } },
{ "type": "Feature", "properties": { "agrupado": "ARMAS EXCEPTO DE FUEGO", "fecha_hech": "2025-08-09T00:00:00", "hora_hecho": "11:38", "cod_comuna": 9, "nom_comuna": "C-9 JUNIN", "cod_barrio": 910, "nom_bar_01": "Barrio Obrero", "dire_hecho": "Carrera 11 Calle 25", "sitio_hech": "SITIOS PÚBLICOS O ABIERTOS AL PÚBLICO", "lat": 3.4492548, "lon": -76.5187475, "estrato": 2 }, "geometry": { "type": "Point", "coordinates": [ -76.5187475, 3.4492548 ] } },
{ "type": "Feature", "properties": { "agrupado": "ARMAS EXCEPTO DE FUEGO", "fecha_hech": "2025-08-13T00:00:00", "hora_hecho": "3:01", "cod_comuna": 9, "nom_comuna": "C-9 JUNIN", "cod_barrio": 910, "nom_bar_01": "Barrio Obrero", "dire_hecho": "Calle 24 Carrera 11 B", "sitio_hech": "SITIOS PÚBLICOS O ABIERTOS AL PÚBLICO", "lat": 3.448156705, "lon": -76.51898158, "estrato": 2 }, "geometry": { "type": "Point", "coordinates": [ -76.51898158, 3.448156705 ] } },
{ "type": "Feature", "properties": { "agrupado": "DESACATO, IRRESPETO A LA AUTORIDAD", "fecha_hech": "2025-08-25T00:00:00", "hora_hecho": "1:02", "cod_comuna": 9, "nom_comuna": "C-9 JUNIN", "cod_barrio": 910, "nom_bar_01": "Barrio Obrero", "dire_hecho": "Carrera 12 con 23", "sitio_hech": "SITIOS PÚBLICOS O ABIERTOS AL PÚBLICO", "lat": 3.446539136, "lon": -76.51975672, "estrato": 2 }, "geometry": { "type": "Point", "coordinates": [ -76.51975672, 3.446539136 ] } },
{ "type": "Feature", "properties": { "agrupado": "ARMAS EXCEPTO DE FUEGO", "fecha_hech": "2025-08-25T00:00:00", "hora_hecho": "15:55", "cod_comuna": 9, "nom_comuna": "C-9 JUNIN", "cod_barrio": 910, "nom_bar_01": "Barrio Obrero", "dire_hecho": "Cra 11 cll 22a", "sitio_hech": "SITIOS PÚBLICOS O ABIERTOS AL PÚBLICO", "lat": 3.4489081, "lon": -76.5205853, "estrato": 2 }, "geometry": { "type": "Point", "coordinates": [ -76.5205853, 3.4489081 ] } },
{ "type": "Feature", "properties": { "agrupado": "ARMAS EXCEPTO DE FUEGO", "fecha_hech": "2025-08-26T00:00:00", "hora_hecho": "6:11", "cod_comuna": 9, "nom_comuna": "C-9 JUNIN", "cod_barrio": 910, "nom_bar_01": "Barrio Obrero", "dire_hecho": "Calle 24 cra11b", "sitio_hech": "SITIOS PÚBLICOS O ABIERTOS AL PÚBLICO", "lat": 3.4485075, "lon": -76.5184549, "estrato": 2 }, "geometry": { "type": "Point", "coordinates": [ -76.5184549, 3.4485075 ] } },
{ "type": "Feature", "properties": { "agrupado": "SUSTANCIAS PSICOACTIVAS", "fecha_hech": "2025-08-27T00:00:00", "hora_hecho": "18:12", "cod_comuna": 9, "nom_comuna": "C-9 JUNIN", "cod_barrio": 910, "nom_bar_01": "Barrio Obrero", "dire_hecho": "Carrera 8", "sitio_hech": "SITIOS PÚBLICOS O ABIERTOS AL PÚBLICO", "lat": 3.448105028, "lon": -76.52037221, "estrato": 2 }, "geometry": { "type": "Point", "coordinates": [ -76.52037221, 3.448105028 ] } },
{ "type": "Feature", "properties": { "agrupado": "ARMAS EXCEPTO DE FUEGO", "fecha_hech": "2025-09-01T00:00:00", "hora_hecho": "12:55", "cod_comuna": 9, "nom_comuna": "C-9 JUNIN", "cod_barrio": 910, "nom_bar_01": "Barrio Obrero", "dire_hecho": "Carrera 11 B Calle 24", "sitio_hech": "SITIOS PÚBLICOS O ABIERTOS AL PÚBLICO", "lat": 3.4485575, "lon": -76.5193151, "estrato": 2 }, "geometry": { "type": "Point", "coordinates": [ -76.5193151, 3.4485575 ] } },
{ "type": "Feature", "properties": { "agrupado": "ARMAS EXCEPTO DE FUEGO", "fecha_hech": "2025-09-01T00:00:00", "hora_hecho": "13:52", "cod_comuna": 9, "nom_comuna": "C-9 JUNIN", "cod_barrio": 910, "nom_bar_01": "Barrio Obrero", "dire_hecho": "Calle 23 Carrera 11 B", "sitio_hech": "SITIOS PÚBLICOS O ABIERTOS AL PÚBLICO", "lat": 3.447661702, "lon": -76.51978792, "estrato": 2 }, "geometry": { "type": "Point", "coordinates": [ -76.51978792, 3.447661702 ] } },
{ "type": "Feature", "properties": { "agrupado": "ARMAS EXCEPTO DE FUEGO", "fecha_hech": "2025-09-03T00:00:00", "hora_hecho": "2:57", "cod_comuna": 9, "nom_comuna": "C-9 JUNIN", "cod_barrio": 910, "nom_bar_01": "Barrio Obrero", "dire_hecho": "Cll 23 con cr 11b", "sitio_hech": "SITIOS PÚBLICOS O ABIERTOS AL PÚBLICO", "lat": 3.4467254, "lon": -76.5195506, "estrato": 2 }, "geometry": { "type": "Point", "coordinates": [ -76.5195506, 3.4467254 ] } },
{ "type": "Feature", "properties": { "agrupado": "ARMAS EXCEPTO DE FUEGO", "fecha_hech": "2025-09-06T00:00:00", "hora_hecho": "2:52", "cod_comuna": 9, "nom_comuna": "C-9 JUNIN", "cod_barrio": 910, "nom_bar_01": "Barrio Obrero", "dire_hecho": "Calle 25 Carrera 11 B", "sitio_hech": "SITIOS PÚBLICOS O ABIERTOS AL PÚBLICO", "lat": 3.4485286, "lon": -76.5183592, "estrato": 2 }, "geometry": { "type": "Point", "coordinates": [ -76.5183592, 3.4485286 ] } },
{ "type": "Feature", "properties": { "agrupado": "ARMAS EXCEPTO DE FUEGO", "fecha_hech": "2025-09-06T00:00:00", "hora_hecho": "19:57", "cod_comuna": 9, "nom_comuna": "C-9 JUNIN", "cod_barrio": 910, "nom_bar_01": "Barrio Obrero", "dire_hecho": "Calle 25 Carrera 11", "sitio_hech": "SITIOS PÚBLICOS O ABIERTOS AL PÚBLICO", "lat": 3.4493449, "lon": -76.5184037, "estrato": 2 }, "geometry": { "type": "Point", "coordinates": [ -76.5184037, 3.4493449 ] } },
{ "type": "Feature", "properties": { "agrupado": "ARMAS EXCEPTO DE FUEGO", "fecha_hech": "2025-09-08T00:00:00", "hora_hecho": "0:15", "cod_comuna": 9, "nom_comuna": "C-9 JUNIN", "cod_barrio": 910, "nom_bar_01": "Barrio Obrero", "dire_hecho": "Carrera 12 Calle 23", "sitio_hech": "SITIOS PÚBLICOS O ABIERTOS AL PÚBLICO", "lat": 3.4464519, "lon": -76.5203577, "estrato": 2 }, "geometry": { "type": "Point", "coordinates": [ -76.5203577, 3.4464519 ] } },
{ "type": "Feature", "properties": { "agrupado": "ARMAS EXCEPTO DE FUEGO", "fecha_hech": "2025-09-10T00:00:00", "hora_hecho": "12:30", "cod_comuna": 9, "nom_comuna": "C-9 JUNIN", "cod_barrio": 910, "nom_bar_01": "Barrio Obrero", "dire_hecho": "Carrera 13 Calle 20", "sitio_hech": "SITIOS PÚBLICOS O ABIERTOS AL PÚBLICO", "lat": 3.4493524, "lon": -76.5186295, "estrato": 2 }, "geometry": { "type": "Point", "coordinates": [ -76.5186295, 3.4493524 ] } },
{ "type": "Feature", "properties": { "agrupado": "ARMAS EXCEPTO DE FUEGO", "fecha_hech": "2025-09-12T00:00:00", "hora_hecho": "20:22", "cod_comuna": 9, "nom_comuna": "C-9 JUNIN", "cod_barrio": 910, "nom_bar_01": "Barrio Obrero", "dire_hecho": "Calle 24 Carrera 11 B", "sitio_hech": "SITIOS PÚBLICOS O ABIERTOS AL PÚBLICO", "lat": 3.448748, "lon": -76.5191095, "estrato": 2 }, "geometry": { "type": "Point", "coordinates": [ -76.5191095, 3.448748 ] } },
{ "type": "Feature", "properties": { "agrupado": "ARMAS EXCEPTO DE FUEGO", "fecha_hech": "2025-09-15T00:00:00", "hora_hecho": "19:07", "cod_comuna": 9, "nom_comuna": "C-9 JUNIN", "cod_barrio": 910, "nom_bar_01": "Barrio Obrero", "dire_hecho": "Calle 24 Carrera 11 D", "sitio_hech": "SITIOS PÚBLICOS O ABIERTOS AL PÚBLICO", "lat": 3.4476128, "lon": -76.5189346, "estrato": 2 }, "geometry": { "type": "Point", "coordinates": [ -76.5189346, 3.4476128 ] } },
{ "type": "Feature", "properties": { "agrupado": "ARMAS EXCEPTO DE FUEGO", "fecha_hech": "2025-09-17T00:00:00", "hora_hecho": "6:28", "cod_comuna": 9, "nom_comuna": "C-9 JUNIN", "cod_barrio": 910, "nom_bar_01": "Barrio Obrero", "dire_hecho": "Carrera 11 B Calle 23", "sitio_hech": "SITIOS PÚBLICOS O ABIERTOS AL PÚBLICO", "lat": 3.4481869, "lon": -76.5198418, "estrato": 2 }, "geometry": { "type": "Point", "coordinates": [ -76.5198418, 3.4481869 ] } },
{ "type": "Feature", "properties": { "agrupado": "ARMAS EXCEPTO DE FUEGO", "fecha_hech": "2025-09-18T00:00:00", "hora_hecho": "4:49", "cod_comuna": 9, "nom_comuna": "C-9 JUNIN", "cod_barrio": 910, "nom_bar_01": "Barrio Obrero", "dire_hecho": "Calle 23 Carrera 11b", "sitio_hech": "SITIOS PÚBLICOS O ABIERTOS AL PÚBLICO", "lat": 3.4467663, "lon": -76.5197072, "estrato": 2 }, "geometry": { "type": "Point", "coordinates": [ -76.5197072, 3.4467663 ] } },
{ "type": "Feature", "properties": { "agrupado": "DESACATO, IRRESPETO A LA AUTORIDAD", "fecha_hech": "2025-09-18T00:00:00", "hora_hecho": "19:09", "cod_comuna": 9, "nom_comuna": "C-9 JUNIN", "cod_barrio": 910, "nom_bar_01": "Barrio Obrero", "dire_hecho": "Calle 24 Carrera 11 D", "sitio_hech": "SITIOS PÚBLICOS O ABIERTOS AL PÚBLICO", "lat": 3.4477855, "lon": -76.5188805, "estrato": 2 }, "geometry": { "type": "Point", "coordinates": [ -76.5188805, 3.4477855 ] } },
{ "type": "Feature", "properties": { "agrupado": "ARMAS EXCEPTO DE FUEGO", "fecha_hech": "2025-09-21T00:00:00", "hora_hecho": "19:14", "cod_comuna": 9, "nom_comuna": "C-9 JUNIN", "cod_barrio": 910, "nom_bar_01": "Barrio Obrero", "dire_hecho": "Calle 25 Carrera 11", "sitio_hech": "SITIOS PÚBLICOS O ABIERTOS AL PÚBLICO", "lat": 3.4492301, "lon": -76.5183858, "estrato": 2 }, "geometry": { "type": "Point", "coordinates": [ -76.5183858, 3.4492301 ] } },
{ "type": "Feature", "properties": { "agrupado": "ARMAS EXCEPTO DE FUEGO", "fecha_hech": "2025-09-24T00:00:00", "hora_hecho": "5:41", "cod_comuna": 9, "nom_comuna": "C-9 JUNIN", "cod_barrio": 910, "nom_bar_01": "Barrio Obrero", "dire_hecho": "Calle 23 cr11b", "sitio_hech": "SITIOS PÚBLICOS O ABIERTOS AL PÚBLICO", "lat": 3.4466963, "lon": -76.5195899, "estrato": 2 }, "geometry": { "type": "Point", "coordinates": [ -76.5195899, 3.4466963 ] } },
{ "type": "Feature", "properties": { "agrupado": "ARMAS EXCEPTO DE FUEGO", "fecha_hech": "2025-09-27T00:00:00", "hora_hecho": "16:45", "cod_comuna": 9, "nom_comuna": "C-9 JUNIN", "cod_barrio": 910, "nom_bar_01": "Barrio Obrero", "dire_hecho": "Carrera 11 Calle 23", "sitio_hech": "SITIOS PÚBLICOS O ABIERTOS AL PÚBLICO", "lat": 3.4492509, "lon": -76.5187533, "estrato": 2 }, "geometry": { "type": "Point", "coordinates": [ -76.5187533, 3.4492509 ] } },
{ "type": "Feature", "properties": { "agrupado": "ARMAS EXCEPTO DE FUEGO", "fecha_hech": "2025-10-03T00:00:00", "hora_hecho": "17:50", "cod_comuna": 9, "nom_comuna": "C-9 JUNIN", "cod_barrio": 910, "nom_bar_01": "Barrio Obrero", "dire_hecho": "Carrera 11 Calle 22 A", "sitio_hech": "SITIOS PÚBLICOS O ABIERTOS AL PÚBLICO", "lat": 3.4493294, "lon": -76.518781, "estrato": 2 }, "geometry": { "type": "Point", "coordinates": [ -76.518781, 3.4493294 ] } },
{ "type": "Feature", "properties": { "agrupado": "DESACATO, IRRESPETO A LA AUTORIDAD", "fecha_hech": "2025-10-05T00:00:00", "hora_hecho": "13:36", "cod_comuna": 9, "nom_comuna": "C-9 JUNIN", "cod_barrio": 910, "nom_bar_01": "Barrio Obrero", "dire_hecho": "Cl 23 cr 14 obrer", "sitio_hech": "SITIOS PÚBLICOS O ABIERTOS AL PÚBLICO", "lat": 3.4469187, "lon": -76.5195465, "estrato": 2 }, "geometry": { "type": "Point", "coordinates": [ -76.5195465, 3.4469187 ] } },
{ "type": "Feature", "properties": { "agrupado": "ARMAS EXCEPTO DE FUEGO", "fecha_hech": "2025-10-05T00:00:00", "hora_hecho": "22:07", "cod_comuna": 9, "nom_comuna": "C-9 JUNIN", "cod_barrio": 910, "nom_bar_01": "Barrio Obrero", "dire_hecho": "Calle 23 Carrera 11 D", "sitio_hech": "SITIOS PÚBLICOS O ABIERTOS AL PÚBLICO", "lat": 3.44737679, "lon": -76.51958407, "estrato": 2 }, "geometry": { "type": "Point", "coordinates": [ -76.51958407, 3.44737679 ] } },
{ "type": "Feature", "properties": { "agrupado": "SUSTANCIAS PSICOACTIVAS", "fecha_hech": "2025-10-07T00:00:00", "hora_hecho": "11:35", "cod_comuna": 9, "nom_comuna": "C-9 JUNIN", "cod_barrio": 910, "nom_bar_01": "Barrio Obrero", "dire_hecho": "Carrera 11 Calle 22 A", "sitio_hech": "SITIOS PÚBLICOS O ABIERTOS AL PÚBLICO", "lat": 3.4488874, "lon": -76.5206295, "estrato": 2 }, "geometry": { "type": "Point", "coordinates": [ -76.5206295, 3.4488874 ] } },
{ "type": "Feature", "properties": { "agrupado": "ARMAS EXCEPTO DE FUEGO", "fecha_hech": "2025-10-09T00:00:00", "hora_hecho": "17:39", "cod_comuna": 9, "nom_comuna": "C-9 JUNIN", "cod_barrio": 910, "nom_bar_01": "Barrio Obrero", "dire_hecho": "Carrera 8 Calle 25", "sitio_hech": "SITIOS PÚBLICOS O ABIERTOS AL PÚBLICO", "lat": 3.4465993, "lon": -76.5196987, "estrato": 2 }, "geometry": { "type": "Point", "coordinates": [ -76.5196987, 3.4465993 ] } },
{ "type": "Feature", "properties": { "agrupado": "ARMAS EXCEPTO DE FUEGO", "fecha_hech": "2025-10-11T00:00:00", "hora_hecho": "17:55", "cod_comuna": 9, "nom_comuna": "C-9 JUNIN", "cod_barrio": 910, "nom_bar_01": "Barrio Obrero", "dire_hecho": "Cl 22 cr 13 a", "sitio_hech": "SITIOS PÚBLICOS O ABIERTOS AL PÚBLICO", "lat": 3.4464958, "lon": -76.5199343, "estrato": 2 }, "geometry": { "type": "Point", "coordinates": [ -76.5199343, 3.4464958 ] } },
{ "type": "Feature", "properties": { "agrupado": "ARMAS EXCEPTO DE FUEGO", "fecha_hech": "2025-10-15T00:00:00", "hora_hecho": "20:38", "cod_comuna": 9, "nom_comuna": "C-9 JUNIN", "cod_barrio": 910, "nom_bar_01": "Barrio Obrero", "dire_hecho": "Calle 22 Carrera 11 A", "sitio_hech": "SITIOS PÚBLICOS O ABIERTOS AL PÚBLICO", "lat": 3.4488941, "lon": -76.520699, "estrato": 2 }, "geometry": { "type": "Point", "coordinates": [ -76.520699, 3.4488941 ] } },
{ "type": "Feature", "properties": { "agrupado": "ARMAS EXCEPTO DE FUEGO", "fecha_hech": "2025-10-18T00:00:00", "hora_hecho": "16:53", "cod_comuna": 9, "nom_comuna": "C-9 JUNIN", "cod_barrio": 910, "nom_bar_01": "Barrio Obrero", "dire_hecho": "Calle 25 Carrera 10", "sitio_hech": "SITIOS PÚBLICOS O ABIERTOS AL PÚBLICO", "lat": 3.4493173, "lon": -76.5187379, "estrato": 2 }, "geometry": { "type": "Point", "coordinates": [ -76.5187379, 3.4493173 ] } },
{ "type": "Feature", "properties": { "agrupado": "SUSTANCIAS PSICOACTIVAS", "fecha_hech": "2025-10-20T00:00:00", "hora_hecho": "12:01", "cod_comuna": 9, "nom_comuna": "C-9 JUNIN", "cod_barrio": 910, "nom_bar_01": "Barrio Obrero", "dire_hecho": "Calle 22a Carrera 11b", "sitio_hech": "SITIOS PÚBLICOS O ABIERTOS AL PÚBLICO", "lat": 3.448883437, "lon": -76.52084857, "estrato": 2 }, "geometry": { "type": "Point", "coordinates": [ -76.52084857, 3.448883437 ] } },
{ "type": "Feature", "properties": { "agrupado": "ARMAS EXCEPTO DE FUEGO", "fecha_hech": "2025-10-23T00:00:00", "hora_hecho": "5:20", "cod_comuna": 9, "nom_comuna": "C-9 JUNIN", "cod_barrio": 910, "nom_bar_01": "Barrio Obrero", "dire_hecho": "Calle 23 Carrera 12", "sitio_hech": "SITIOS PÚBLICOS O ABIERTOS AL PÚBLICO", "lat": 3.4466192, "lon": -76.5196809, "estrato": 2 }, "geometry": { "type": "Point", "coordinates": [ -76.5196809, 3.4466192 ] } },
{ "type": "Feature", "properties": { "agrupado": "ARMAS EXCEPTO DE FUEGO", "fecha_hech": "2025-10-26T00:00:00", "hora_hecho": "17:32", "cod_comuna": 9, "nom_comuna": "C-9 JUNIN", "cod_barrio": 910, "nom_bar_01": "Barrio Obrero", "dire_hecho": "Carrera 10 Calle 22", "sitio_hech": "SITIOS PÚBLICOS O ABIERTOS AL PÚBLICO", "lat": 3.4484741, "lon": -76.5183112, "estrato": 2 }, "geometry": { "type": "Point", "coordinates": [ -76.5183112, 3.4484741 ] } },
{ "type": "Feature", "properties": { "agrupado": "SUSTANCIAS PSICOACTIVAS", "fecha_hech": "2025-10-29T00:00:00", "hora_hecho": "7:14", "cod_comuna": 9, "nom_comuna": "C-9 JUNIN", "cod_barrio": 910, "nom_bar_01": "Barrio Obrero", "dire_hecho": "Calle 24 Carrera 11d", "sitio_hech": "SITIOS PÚBLICOS O ABIERTOS AL PÚBLICO", "lat": 3.4476124, "lon": -76.5187034, "estrato": 2 }, "geometry": { "type": "Point", "coordinates": [ -76.5187034, 3.4476124 ] } },
{ "type": "Feature", "properties": { "agrupado": "DESACATO, IRRESPETO A LA AUTORIDAD", "fecha_hech": "2025-10-31T00:00:00", "hora_hecho": "17:20", "cod_comuna": 9, "nom_comuna": "C-9 JUNIN", "cod_barrio": 910, "nom_bar_01": "Barrio Obrero", "dire_hecho": "Cra 23 #11-25", "sitio_hech": "SITIOS PÚBLICOS O ABIERTOS AL PÚBLICO", "lat": 3.4487653, "lon": -76.5199983, "estrato": 2 }, "geometry": { "type": "Point", "coordinates": [ -76.5199983, 3.4487653 ] } },
{ "type": "Feature", "properties": { "agrupado": "ARMAS EXCEPTO DE FUEGO", "fecha_hech": "2025-11-05T00:00:00", "hora_hecho": "14:44", "cod_comuna": 9, "nom_comuna": "C-9 JUNIN", "cod_barrio": 910, "nom_bar_01": "Barrio Obrero", "dire_hecho": "Calle 24 con Carrera 11 d", "sitio_hech": "SITIOS PÚBLICOS O ABIERTOS AL PÚBLICO", "lat": 3.447887, "lon": -76.5189167, "estrato": 2 }, "geometry": { "type": "Point", "coordinates": [ -76.5189167, 3.447887 ] } },
{ "type": "Feature", "properties": { "agrupado": "ARMAS EXCEPTO DE FUEGO", "fecha_hech": "2025-11-12T00:00:00", "hora_hecho": "6:56", "cod_comuna": 9, "nom_comuna": "C-9 JUNIN", "cod_barrio": 910, "nom_bar_01": "Barrio Obrero", "dire_hecho": "Carrera 10 Calle 21", "sitio_hech": "SITIOS PÚBLICOS O ABIERTOS AL PÚBLICO", "lat": 3.4473373, "lon": -76.5184038, "estrato": 2 }, "geometry": { "type": "Point", "coordinates": [ -76.5184038, 3.4473373 ] } },
{ "type": "Feature", "properties": { "agrupado": "ARMAS EXCEPTO DE FUEGO", "fecha_hech": "2025-11-12T00:00:00", "hora_hecho": "14:49", "cod_comuna": 9, "nom_comuna": "C-9 JUNIN", "cod_barrio": 910, "nom_bar_01": "Barrio Obrero", "dire_hecho": "Carrera 11 Calle 22A", "sitio_hech": "SITIOS PÚBLICOS O ABIERTOS AL PÚBLICO", "lat": 3.448881103, "lon": -76.52086362, "estrato": 2 }, "geometry": { "type": "Point", "coordinates": [ -76.52086362, 3.448881103 ] } }
]
}
